USE StealthyCommerceDB
GO

SET NUMERIC_ROUNDABORT OFF
GO
SET ANSI_PADDING, ANSI_WARNINGS, CONCAT_NULL_YIELDS_NULL, ARITHABORT, QUOTED_IDENTIFIER, ANSI_NULLS, NOCOUNT ON
GO
SET DATEFORMAT YMD
GO
SET XACT_ABORT ON
GO
SET TRANSACTION ISOLATION LEVEL SERIALIZABLE
GO
BEGIN TRANSACTION

PRINT(N'Drop constraints from [dbo].[Order]')
ALTER TABLE [dbo].[Order] NOCHECK CONSTRAINT [FK_Order_Customer]
ALTER TABLE [dbo].[Order] NOCHECK CONSTRAINT [FK_Order_Offer]

PRINT(N'Drop constraints from [dbo].[Offer]')
ALTER TABLE [dbo].[Offer] NOCHECK CONSTRAINT [FK_Offer_Product]

PRINT(N'Add 1000 rows to [dbo].[Customer]')
SET IDENTITY_INSERT [dbo].[Customer] ON
INSERT INTO [dbo].[Customer] ([CustomerId], [EmailAddress], [FirstName], [LastName], [DateCreated], [DateModified]) VALUES (1, N'cmurljy0@zrrhpssy.djuduh.net', N'Regina', N'Bates', '2015-06-02 20:03:17.920', '2015-11-19 00:29:36.050')
INSERT INTO [dbo].[Customer] ([CustomerId], [EmailAddress], [FirstName], [LastName], [DateCreated], [DateModified]) VALUES (2, N'ossa.wbnnh@jkrrlf.com', N'Roy', N'Huang', '2018-01-30 23:13:59.930', '2018-06-22 04:15:17.860')
INSERT INTO [dbo].[Customer] ([CustomerId], [EmailAddress], [FirstName], [LastName], [DateCreated], [DateModified]) VALUES (3, N'ejrkey@bdfcio.zwuebd.com', N'Dewayne', N'Rubio', '2011-08-02 03:14:31.480', '2011-12-11 14:47:38.600')
INSERT INTO [dbo].[Customer] ([CustomerId], [EmailAddress], [FirstName], [LastName], [DateCreated], [DateModified]) VALUES (4, N'kuyd04@jaqvwuc.wfwlhc.org', N'Beth', N'Cunningham', '2009-04-08 22:26:29.850', '2010-02-15 14:57:07.330')
INSERT INTO [dbo].[Customer] ([CustomerId], [EmailAddress], [FirstName], [LastName], [DateCreated], [DateModified]) VALUES (5, N'mjohbeg@wzizqwsyo.d--cbg.org', N'Jolene', N'Flowers', '2003-03-08 13:48:18.370', '2003-10-26 07:20:51.410')
INSERT INTO [dbo].[Customer] ([CustomerId], [EmailAddress], [FirstName], [LastName], [DateCreated], [DateModified]) VALUES (6, N'ymvzdvsx27@rqgaogfqp.orhind.net', N'Nicolas', N'Daniels', '2003-10-30 19:58:22.310', '2005-02-06 00:27:32.690')
INSERT INTO [dbo].[Customer] ([CustomerId], [EmailAddress], [FirstName], [LastName], [DateCreated], [DateModified]) VALUES (7, N'bjvs@gsujsu.com', N'Tricia', N'Howell', '2013-08-17 14:14:11.410', '2013-10-29 17:57:48.340')
INSERT INTO [dbo].[Customer] ([CustomerId], [EmailAddress], [FirstName], [LastName], [DateCreated], [DateModified]) VALUES (8, N'ikxbsywh.klnijw@rvgzijec.mvekud.org', N'Hilary', N'Joyce', '2009-10-31 12:30:29.840', '2011-02-18 19:42:25.980')
INSERT INTO [dbo].[Customer] ([CustomerId], [EmailAddress], [FirstName], [LastName], [DateCreated], [DateModified]) VALUES (9, N'dhydcmnv.lyyjxbk@vjbnx.-jmqep.org', N'Shane', N'Thornton', '2010-03-11 03:55:37.470', '2011-01-03 05:31:35.100')
INSERT INTO [dbo].[Customer] ([CustomerId], [EmailAddress], [FirstName], [LastName], [DateCreated], [DateModified]) VALUES (10, N'ifpjepi.ryseadxea@kqbtan.org', N'Linda', N'Chandler', '2014-05-25 01:44:22.920', '2014-07-22 19:15:33.580')
INSERT INTO [dbo].[Customer] ([CustomerId], [EmailAddress], [FirstName], [LastName], [DateCreated], [DateModified]) VALUES (11, N'bemveqpd2@bejodl.org', N'Marjorie', N'Brock', '2006-08-20 15:31:45.670', '2007-12-21 10:14:12.210')
INSERT INTO [dbo].[Customer] ([CustomerId], [EmailAddress], [FirstName], [LastName], [DateCreated], [DateModified]) VALUES (12, N'pmeyuwr@mfszec.mjzomu.org', N'Jenifer', N'Crosby', '2011-12-25 18:27:06.240', '2012-06-28 05:05:42.450')
INSERT INTO [dbo].[Customer] ([CustomerId], [EmailAddress], [FirstName], [LastName], [DateCreated], [DateModified]) VALUES (13, N'ilrfxbcw2@tyzmio.org', N'Olivia', N'Kline', '2008-10-27 02:43:29.030', '2008-12-01 01:41:50.680')
INSERT INTO [dbo].[Customer] ([CustomerId], [EmailAddress], [FirstName], [LastName], [DateCreated], [DateModified]) VALUES (14, N'kgflqyph376@lqkpki.org', N'Damon', N'Young', '2011-05-19 09:54:17.230', '2011-06-23 19:21:49.530')
INSERT INTO [dbo].[Customer] ([CustomerId], [EmailAddress], [FirstName], [LastName], [DateCreated], [DateModified]) VALUES (15, N'xgdtmzc199@tgcmplr.bternw.net', N'Alisa', N'Cruz', '2014-11-26 08:28:38.420', '2015-07-25 08:36:16.550')
INSERT INTO [dbo].[Customer] ([CustomerId], [EmailAddress], [FirstName], [LastName], [DateCreated], [DateModified]) VALUES (16, N'puey421@xerr.-zxdmy.net', N'Elizabeth', N'Arellano', '2011-01-16 15:45:43.330', '2011-04-03 03:25:11.930')
INSERT INTO [dbo].[Customer] ([CustomerId], [EmailAddress], [FirstName], [LastName], [DateCreated], [DateModified]) VALUES (17, N'pzdko.fegnfug@uwiinu.kboqnz.net', N'Felix', N'Murray', '2011-04-12 00:28:45.310', '2012-08-06 02:27:56.110')
INSERT INTO [dbo].[Customer] ([CustomerId], [EmailAddress], [FirstName], [LastName], [DateCreated], [DateModified]) VALUES (18, N'rajjic3@sxdlvt.net', N'Carmen', N'Friedman', '2010-03-27 10:32:49.420', '2010-05-14 02:40:18.970')
INSERT INTO [dbo].[Customer] ([CustomerId], [EmailAddress], [FirstName], [LastName], [DateCreated], [DateModified]) VALUES (19, N'jqplgvg.ydygjuve@vksf.mvavgq.net', N'Wendi', N'Mora', '2014-12-15 09:17:27.110', '2016-01-25 15:41:17.210')
INSERT INTO [dbo].[Customer] ([CustomerId], [EmailAddress], [FirstName], [LastName], [DateCreated], [DateModified]) VALUES (20, N'splv1@jtsfwk.com', N'Gerard', N'Clarke', '2016-02-21 16:53:06.080', '2016-06-26 00:16:47.140')
INSERT INTO [dbo].[Customer] ([CustomerId], [EmailAddress], [FirstName], [LastName], [DateCreated], [DateModified]) VALUES (21, N'ihlwazql.ktkl@ffryzt.com', N'Sheryl', N'Richards', '2008-04-20 16:48:30.430', '2008-12-17 07:56:09.340')
INSERT INTO [dbo].[Customer] ([CustomerId], [EmailAddress], [FirstName], [LastName], [DateCreated], [DateModified]) VALUES (22, N'jtbymsq7@h-rpuj.com', N'Robbie', N'Singleton', '2015-08-16 15:02:24.200', '2015-09-22 23:51:48.900')
INSERT INTO [dbo].[Customer] ([CustomerId], [EmailAddress], [FirstName], [LastName], [DateCreated], [DateModified]) VALUES (23, N'susyc.qtkdoremhx@xh--rl.org', N'Jody', N'Lang', '2013-03-01 23:30:37.710', '2014-04-24 10:38:14.930')
INSERT INTO [dbo].[Customer] ([CustomerId], [EmailAddress], [FirstName], [LastName], [DateCreated], [DateModified]) VALUES (24, N'fobd.zooacwzs@hojqdm.com', N'Wendi', N'Reyes', '2009-07-18 10:02:34.120', '2010-08-12 02:17:53.630')
INSERT INTO [dbo].[Customer] ([CustomerId], [EmailAddress], [FirstName], [LastName], [DateCreated], [DateModified]) VALUES (25, N'dlnhs.mupucrgogs@fuvyfi.com', N'Bradford', N'Bolton', '2004-05-26 05:34:50.810', '2004-08-29 05:13:39.620')
INSERT INTO [dbo].[Customer] ([CustomerId], [EmailAddress], [FirstName], [LastName], [DateCreated], [DateModified]) VALUES (26, N'ccrts01@wu-qaj.net', N'Jamison', N'Strickland', '2004-07-04 10:20:35.770', '2005-07-10 12:44:01.990')
INSERT INTO [dbo].[Customer] ([CustomerId], [EmailAddress], [FirstName], [LastName], [DateCreated], [DateModified]) VALUES (27, N'ybzd.pdxhnhy@xkcwczigl.-scfdt.com', N'Scottie', N'Patrick', '2008-09-04 22:38:34.920', '2008-12-30 08:45:54.160')
INSERT INTO [dbo].[Customer] ([CustomerId], [EmailAddress], [FirstName], [LastName], [DateCreated], [DateModified]) VALUES (28, N'mkqcyse@qntor.fzmvxp.net', N'Leonard', N'Wilcox', '2005-07-12 02:00:35.320', '2006-08-08 21:55:51.820')
INSERT INTO [dbo].[Customer] ([CustomerId], [EmailAddress], [FirstName], [LastName], [DateCreated], [DateModified]) VALUES (29, N'rxvlxs.zlxm@jrzzvm.net', N'Darren', N'Hardy', '2012-12-01 14:51:36.990', '2014-03-10 13:25:31.890')
INSERT INTO [dbo].[Customer] ([CustomerId], [EmailAddress], [FirstName], [LastName], [DateCreated], [DateModified]) VALUES (30, N'hele.bmpuu@uiqbte.net', N'Devin', N'Solis', '2007-08-09 20:47:08.480', '2007-10-02 19:40:50.900')
INSERT INTO [dbo].[Customer] ([CustomerId], [EmailAddress], [FirstName], [LastName], [DateCreated], [DateModified]) VALUES (31, N'hqfhvp.yuit@r-susw.com', N'Rhonda', N'Alvarado', '2013-02-07 06:16:57.010', '2013-02-23 18:26:31.800')
INSERT INTO [dbo].[Customer] ([CustomerId], [EmailAddress], [FirstName], [LastName], [DateCreated], [DateModified]) VALUES (32, N'csge.hwchdlan@cfgq.-luoer.com', N'Taryn', N'Gilbert', '2010-09-19 03:50:17.020', '2011-10-09 08:10:26.000')
INSERT INTO [dbo].[Customer] ([CustomerId], [EmailAddress], [FirstName], [LastName], [DateCreated], [DateModified]) VALUES (33, N'zmvbknn0@bsbpgp.uvrmpv.org', N'Annie', N'Trujillo', '2016-10-13 14:33:57.840', '2017-03-16 12:04:00.190')
INSERT INTO [dbo].[Customer] ([CustomerId], [EmailAddress], [FirstName], [LastName], [DateCreated], [DateModified]) VALUES (34, N'glpjrrnc.jqzswlft@ikehpo.ngzeed.com', N'Samantha', N'Cooper', '2004-05-08 18:50:45.800', '2004-07-04 17:36:32.730')
INSERT INTO [dbo].[Customer] ([CustomerId], [EmailAddress], [FirstName], [LastName], [DateCreated], [DateModified]) VALUES (35, N'obqvxnp89@zfiwtptvg.ucuzvv.org', N'Alvin', N'Stafford', '2003-08-08 02:11:13.240', '2004-02-18 09:16:27.760')
INSERT INTO [dbo].[Customer] ([CustomerId], [EmailAddress], [FirstName], [LastName], [DateCreated], [DateModified]) VALUES (36, N'lolhjoxf1@pjuoaq.org', N'Donald', N'Coffey', '2017-04-01 23:29:21.820', '2018-08-04 19:20:01.430')
INSERT INTO [dbo].[Customer] ([CustomerId], [EmailAddress], [FirstName], [LastName], [DateCreated], [DateModified]) VALUES (37, N'orlhuv.oulfsnpqrv@onarjw.org', N'Luke', N'Shepherd', '2008-03-26 03:17:20.800', '2008-06-20 04:58:45.380')
INSERT INTO [dbo].[Customer] ([CustomerId], [EmailAddress], [FirstName], [LastName], [DateCreated], [DateModified]) VALUES (38, N'zkteu.wzap@bnyrrr.org', N'Loren', N'Malone', '2004-08-17 19:28:56.910', '2005-09-16 01:27:57.290')
INSERT INTO [dbo].[Customer] ([CustomerId], [EmailAddress], [FirstName], [LastName], [DateCreated], [DateModified]) VALUES (39, N'exfx@tyyrac.-gk-qs.com', N'Evan', N'Moses', '2003-06-06 11:35:27.910', '2003-09-14 04:24:28.930')
INSERT INTO [dbo].[Customer] ([CustomerId], [EmailAddress], [FirstName], [LastName], [DateCreated], [DateModified]) VALUES (40, N'gbtla@axvmng.com', N'Karla', N'Beard', '2006-06-25 03:54:01.860', '2007-07-28 09:32:51.000')
INSERT INTO [dbo].[Customer] ([CustomerId], [EmailAddress], [FirstName], [LastName], [DateCreated], [DateModified]) VALUES (41, N'vgfb.fajylgrmcn@wqlb.tftpbf.com', N'Lynette', N'Mc Millan', '2011-10-07 12:00:29.340', '2012-03-27 07:18:56.570')
INSERT INTO [dbo].[Customer] ([CustomerId], [EmailAddress], [FirstName], [LastName], [DateCreated], [DateModified]) VALUES (42, N'aafvml.aolqeo@puigoku.urlvwk.org', N'Kathleen', N'Poole', '2015-08-04 18:46:09.050', '2015-09-26 07:52:11.500')
INSERT INTO [dbo].[Customer] ([CustomerId], [EmailAddress], [FirstName], [LastName], [DateCreated], [DateModified]) VALUES (43, N'slkfm.crjwbz@fuhaiyl.ogw-uz.net', N'Kelly', N'Vaughan', '2009-03-15 12:57:36.610', '2010-07-18 09:15:18.420')
INSERT INTO [dbo].[Customer] ([CustomerId], [EmailAddress], [FirstName], [LastName], [DateCreated], [DateModified]) VALUES (44, N'pmsxs091@fosjji.aojtug.com', N'Kendra', N'Trevino', '2014-01-19 10:21:23.060', '2015-03-15 01:36:52.310')
INSERT INTO [dbo].[Customer] ([CustomerId], [EmailAddress], [FirstName], [LastName], [DateCreated], [DateModified]) VALUES (45, N'ypqv@ogmrbo.org', N'Helen', N'Robles', '2003-03-31 04:14:27.070', '2003-12-27 19:34:30.670')
INSERT INTO [dbo].[Customer] ([CustomerId], [EmailAddress], [FirstName], [LastName], [DateCreated], [DateModified]) VALUES (46, N'dswsaomq6@sxqehgkh.cpohcb.net', N'Elena', N'Miranda', '2007-10-31 00:16:38.680', '2008-02-06 23:51:39.560')
INSERT INTO [dbo].[Customer] ([CustomerId], [EmailAddress], [FirstName], [LastName], [DateCreated], [DateModified]) VALUES (47, N'dmhhq88@zjjgnawkw.tgxuvo.org', N'Rochelle', N'Marquez', '2013-08-16 10:27:43.310', '2013-09-04 13:39:59.190')
INSERT INTO [dbo].[Customer] ([CustomerId], [EmailAddress], [FirstName], [LastName], [DateCreated], [DateModified]) VALUES (48, N'skkuvpew.ufimwgiztj@grzdjfjm.ndsczs.org', N'Aaron', N'Trujillo', '2010-11-29 23:17:30.250', '2011-08-24 17:45:04.170')
INSERT INTO [dbo].[Customer] ([CustomerId], [EmailAddress], [FirstName], [LastName], [DateCreated], [DateModified]) VALUES (49, N'tbqcup.hlqmwvxbk@vsfzn.gfapjw.com', N'Karen', N'Tate', '2011-03-08 12:25:30.800', '2012-01-20 03:56:54.740')
INSERT INTO [dbo].[Customer] ([CustomerId], [EmailAddress], [FirstName], [LastName], [DateCreated], [DateModified]) VALUES (50, N'lzhlelci.tsaysgqsvz@occr.ippxob.com', N'Jamie', N'Callahan', '2014-06-01 04:57:45.120', '2015-08-16 06:54:07.020')
INSERT INTO [dbo].[Customer] ([CustomerId], [EmailAddress], [FirstName], [LastName], [DateCreated], [DateModified]) VALUES (51, N'vqqgtq.dgvli@yraoso.com', N'Herman', N'Mora', '2016-04-24 23:04:55.900', '2017-09-02 10:43:25.780')
INSERT INTO [dbo].[Customer] ([CustomerId], [EmailAddress], [FirstName], [LastName], [DateCreated], [DateModified]) VALUES (52, N'inytsiee.nxpamb@ckwh.duuqfm.com', N'Erica', N'Ward', '2010-12-09 04:15:58.630', '2012-04-08 07:00:56.910')
INSERT INTO [dbo].[Customer] ([CustomerId], [EmailAddress], [FirstName], [LastName], [DateCreated], [DateModified]) VALUES (53, N'vjlhs.ukyb@vqgxf.fwm-h-.org', N'Courtney', N'Boyle', '2011-01-07 19:36:24.700', '2011-05-14 15:01:20.130')
INSERT INTO [dbo].[Customer] ([CustomerId], [EmailAddress], [FirstName], [LastName], [DateCreated], [DateModified]) VALUES (54, N'yxryr651@glbqlu.org', N'Lakesha', N'Barnes', '2007-08-11 16:27:52.070', '2008-04-20 23:41:45.930')
INSERT INTO [dbo].[Customer] ([CustomerId], [EmailAddress], [FirstName], [LastName], [DateCreated], [DateModified]) VALUES (55, N'ieotbn@dglbzxt.jbtdcb.org', N'Abel', N'Villa', '2018-02-26 19:56:02.290', '2018-06-04 20:40:30.970')
INSERT INTO [dbo].[Customer] ([CustomerId], [EmailAddress], [FirstName], [LastName], [DateCreated], [DateModified]) VALUES (56, N'suuvon.ltjy@vfid-l.org', N'Kisha', N'Lester', '2018-01-06 05:00:53.730', '2018-05-18 00:37:48.150')
INSERT INTO [dbo].[Customer] ([CustomerId], [EmailAddress], [FirstName], [LastName], [DateCreated], [DateModified]) VALUES (57, N'meyllzr455@zmupho.com', N'Courtney', N'Cunningham', '2007-12-01 23:43:22.220', '2008-07-12 17:37:03.940')
INSERT INTO [dbo].[Customer] ([CustomerId], [EmailAddress], [FirstName], [LastName], [DateCreated], [DateModified]) VALUES (58, N'oudfhnvz1@pxcbze.org', N'Wanda', N'Spears', '2005-01-14 17:11:57.360', '2005-09-13 12:29:45.980')
INSERT INTO [dbo].[Customer] ([CustomerId], [EmailAddress], [FirstName], [LastName], [DateCreated], [DateModified]) VALUES (59, N'xkhii@dtphqdh.rdiaju.com', N'Gerard', N'Armstrong', '2007-11-14 16:51:39.030', '2008-06-19 09:43:28.700')
INSERT INTO [dbo].[Customer] ([CustomerId], [EmailAddress], [FirstName], [LastName], [DateCreated], [DateModified]) VALUES (60, N'ekornij63@yfypqp.com', N'Justin', N'Jordan', '2016-11-23 03:27:42.600', '2017-11-18 18:36:50.420')
INSERT INTO [dbo].[Customer] ([CustomerId], [EmailAddress], [FirstName], [LastName], [DateCreated], [DateModified]) VALUES (61, N'aytv.axrmpvbew@xukfv.tkhtxj.com', N'Stephen', N'Andrade', '2013-05-15 21:19:47.400', '2014-04-28 15:41:39.530')
INSERT INTO [dbo].[Customer] ([CustomerId], [EmailAddress], [FirstName], [LastName], [DateCreated], [DateModified]) VALUES (62, N'fcjdl.qbimt@avtjr.suzrez.org', N'Lewis', N'Villanueva', '2011-02-06 12:13:36.080', '2011-08-05 20:01:57.510')
INSERT INTO [dbo].[Customer] ([CustomerId], [EmailAddress], [FirstName], [LastName], [DateCreated], [DateModified]) VALUES (63, N'oncngt6@mxhtbtb.zjlzos.com', N'Marie', N'Franco', '2015-02-18 21:38:52.860', '2015-03-02 06:16:55.090')
INSERT INTO [dbo].[Customer] ([CustomerId], [EmailAddress], [FirstName], [LastName], [DateCreated], [DateModified]) VALUES (64, N'kdry@ofynkjhet.e-kaxy.org', N'Ramon', N'Mckay', '2005-08-02 07:08:28.980', '2006-04-03 09:50:45.180')
INSERT INTO [dbo].[Customer] ([CustomerId], [EmailAddress], [FirstName], [LastName], [DateCreated], [DateModified]) VALUES (65, N'azcnoust9@rmge.unkpbh.org', N'Alejandro', N'Myers', '2004-04-16 19:27:25.910', '2004-05-29 00:49:02.770')
INSERT INTO [dbo].[Customer] ([CustomerId], [EmailAddress], [FirstName], [LastName], [DateCreated], [DateModified]) VALUES (66, N'nnoig.itlya@vpiseq.net', N'Sylvia', N'Mccoy', '2014-02-20 11:41:28.650', '2014-06-03 02:03:47.210')
INSERT INTO [dbo].[Customer] ([CustomerId], [EmailAddress], [FirstName], [LastName], [DateCreated], [DateModified]) VALUES (67, N'ofxbdp.xuhxhefs@hryaheer.vgjbps.net', N'Leonard', N'Chambers', '2013-06-02 03:53:08.410', '2013-07-03 17:01:43.270')
INSERT INTO [dbo].[Customer] ([CustomerId], [EmailAddress], [FirstName], [LastName], [DateCreated], [DateModified]) VALUES (68, N'jlep3@ttwrjq.com', N'Ricardo', N'Dillon', '2007-06-21 07:52:43.220', '2008-10-11 08:05:18.950')
INSERT INTO [dbo].[Customer] ([CustomerId], [EmailAddress], [FirstName], [LastName], [DateCreated], [DateModified]) VALUES (69, N'jgpn.wmxxd@qehdwg.org', N'Jimmie', N'Lyons', '2010-10-12 07:43:03.990', '2011-09-18 10:05:22.780')
INSERT INTO [dbo].[Customer] ([CustomerId], [EmailAddress], [FirstName], [LastName], [DateCreated], [DateModified]) VALUES (70, N'cbpmd80@aeglkm.shcgse.org', N'Candice', N'Spencer', '2015-11-15 08:59:16.600', '2016-07-23 13:16:16.130')
INSERT INTO [dbo].[Customer] ([CustomerId], [EmailAddress], [FirstName], [LastName], [DateCreated], [DateModified]) VALUES (71, N'cnomoj21@tilrxmmmo.txsjow.com', N'Trisha', N'Gross', '2005-10-23 12:28:22.520', '2007-02-25 22:26:27.540')
INSERT INTO [dbo].[Customer] ([CustomerId], [EmailAddress], [FirstName], [LastName], [DateCreated], [DateModified]) VALUES (72, N'jkls@whwvag.lsjwlj.org', N'Christy', N'Huang', '2009-08-25 04:59:48.390', '2009-11-21 00:59:59.810')
INSERT INTO [dbo].[Customer] ([CustomerId], [EmailAddress], [FirstName], [LastName], [DateCreated], [DateModified]) VALUES (73, N'oxruq.vhvkvpoba@ipfpsk.com', N'Shauna', N'Key', '2009-10-21 22:57:21.500', '2011-01-12 22:15:51.030')
INSERT INTO [dbo].[Customer] ([CustomerId], [EmailAddress], [FirstName], [LastName], [DateCreated], [DateModified]) VALUES (74, N'greaam8@cptrlo.org', N'Rebecca', N'Butler', '2011-06-23 05:23:25.250', '2011-07-01 06:08:27.210')
INSERT INTO [dbo].[Customer] ([CustomerId], [EmailAddress], [FirstName], [LastName], [DateCreated], [DateModified]) VALUES (75, N'luxrj064@ggcnmq.org', N'Clarence', N'Ware', '2007-05-18 04:52:36.730', '2008-08-13 16:57:51.560')
INSERT INTO [dbo].[Customer] ([CustomerId], [EmailAddress], [FirstName], [LastName], [DateCreated], [DateModified]) VALUES (76, N'ysyr37@taruas.com', N'Brett', N'Khan', '2010-12-06 22:02:21.390', '2011-06-13 00:03:58.840')
INSERT INTO [dbo].[Customer] ([CustomerId], [EmailAddress], [FirstName], [LastName], [DateCreated], [DateModified]) VALUES (77, N'urzl953@eeugeq.net', N'Jonathan', N'Hendricks', '2009-06-03 02:04:47.590', '2009-07-20 14:36:31.480')
INSERT INTO [dbo].[Customer] ([CustomerId], [EmailAddress], [FirstName], [LastName], [DateCreated], [DateModified]) VALUES (78, N'gkzy77@lejdnv.com', N'Kristen', N'Hanna', '2017-05-02 13:09:14.650', '2018-09-13 09:01:23.620')
INSERT INTO [dbo].[Customer] ([CustomerId], [EmailAddress], [FirstName], [LastName], [DateCreated], [DateModified]) VALUES (79, N'ngst.ohksytndjw@vtsztn.axqb-r.net', N'Stephanie', N'Sweeney', '2009-04-20 05:48:07.040', '2009-08-16 06:43:23.940')
INSERT INTO [dbo].[Customer] ([CustomerId], [EmailAddress], [FirstName], [LastName], [DateCreated], [DateModified]) VALUES (80, N'jdldm.kzbz@-hwmaz.org', N'Bart', N'Wall', '2014-10-16 05:18:12.140', '2016-02-24 05:22:01.070')
INSERT INTO [dbo].[Customer] ([CustomerId], [EmailAddress], [FirstName], [LastName], [DateCreated], [DateModified]) VALUES (81, N'dnnf.cxfjbz@zxtqvvjty.tvapto.net', N'Derrick', N'Butler', '2009-02-06 23:52:52.470', '2010-01-24 23:04:03.810')
INSERT INTO [dbo].[Customer] ([CustomerId], [EmailAddress], [FirstName], [LastName], [DateCreated], [DateModified]) VALUES (82, N'ywgqy.cxmur@bwhzuk.org', N'Chadwick', N'Wilson', '2015-12-26 23:21:04.670', '2016-12-09 15:00:51.000')
INSERT INTO [dbo].[Customer] ([CustomerId], [EmailAddress], [FirstName], [LastName], [DateCreated], [DateModified]) VALUES (83, N'mjotkxom3@fwjyuwsyw.gu-sdg.net', N'Tyrone', N'Hamilton', '2012-07-25 13:35:04.530', '2012-10-08 17:58:58.090')
INSERT INTO [dbo].[Customer] ([CustomerId], [EmailAddress], [FirstName], [LastName], [DateCreated], [DateModified]) VALUES (84, N'ootj.enwnkjehpt@y-znkf.com', N'Terry', N'Gillespie', '2016-09-21 09:53:51.880', '2016-10-14 06:31:25.870')
INSERT INTO [dbo].[Customer] ([CustomerId], [EmailAddress], [FirstName], [LastName], [DateCreated], [DateModified]) VALUES (85, N'gykekf@gv-ftf.org', N'Rick', N'Gaines', '2009-07-05 21:42:12.580', '2009-09-02 08:57:26.130')
INSERT INTO [dbo].[Customer] ([CustomerId], [EmailAddress], [FirstName], [LastName], [DateCreated], [DateModified]) VALUES (86, N'onvzfhve@cntlvf.org', N'Max', N'Wheeler', '2005-03-02 02:00:58.370', '2005-04-01 11:25:35.890')
INSERT INTO [dbo].[Customer] ([CustomerId], [EmailAddress], [FirstName], [LastName], [DateCreated], [DateModified]) VALUES (87, N'dfajl.czsgtng@pgtcie.net', N'Moses', N'Townsend', '2017-12-01 08:13:52.320', '2018-08-16 17:09:06.870')
INSERT INTO [dbo].[Customer] ([CustomerId], [EmailAddress], [FirstName], [LastName], [DateCreated], [DateModified]) VALUES (88, N'avrtbo1@inmnkusfq.alwvrw.com', N'Bridget', N'Mc Gee', '2012-03-04 22:06:05.760', '2013-04-09 12:22:15.250')
INSERT INTO [dbo].[Customer] ([CustomerId], [EmailAddress], [FirstName], [LastName], [DateCreated], [DateModified]) VALUES (89, N'ziyiki.tbkgtpefjo@iiqzg.yiuxis.net', N'Yesenia', N'Fowler', '2004-05-31 22:54:43.520', '2005-09-02 20:56:02.780')
INSERT INTO [dbo].[Customer] ([CustomerId], [EmailAddress], [FirstName], [LastName], [DateCreated], [DateModified]) VALUES (90, N'eaczcdxg7@mhrmc.ucqryb.org', N'Travis', N'Gamble', '2003-10-21 21:10:19.520', '2003-12-23 08:38:40.610')
INSERT INTO [dbo].[Customer] ([CustomerId], [EmailAddress], [FirstName], [LastName], [DateCreated], [DateModified]) VALUES (91, N'gjvrsjs034@chyfw.lablfz.org', N'Jessie', N'Shannon', '2012-05-01 23:45:59.600', '2013-01-23 01:42:58.480')
INSERT INTO [dbo].[Customer] ([CustomerId], [EmailAddress], [FirstName], [LastName], [DateCreated], [DateModified]) VALUES (92, N'nhew.rxgac@-cobqs.net', N'Eva', N'Browning', '2006-03-12 10:05:23.440', '2007-02-19 16:29:00.410')
INSERT INTO [dbo].[Customer] ([CustomerId], [EmailAddress], [FirstName], [LastName], [DateCreated], [DateModified]) VALUES (93, N'jttgzyfg73@wymrgd.org', N'Rickey', N'Garza', '2014-12-24 02:37:17.880', '2015-06-18 15:44:29.590')
INSERT INTO [dbo].[Customer] ([CustomerId], [EmailAddress], [FirstName], [LastName], [DateCreated], [DateModified]) VALUES (94, N'xcxhlynj.cvdnlquul@piqebf.com', N'Dora', N'Hardin', '2004-10-02 08:07:45.320', '2005-05-29 09:47:39.520')
INSERT INTO [dbo].[Customer] ([CustomerId], [EmailAddress], [FirstName], [LastName], [DateCreated], [DateModified]) VALUES (95, N'ylvxi.ismgsa@f-timv.net', N'Derek', N'Bolton', '2011-05-01 06:34:14.470', '2011-06-20 17:51:12.470')
INSERT INTO [dbo].[Customer] ([CustomerId], [EmailAddress], [FirstName], [LastName], [DateCreated], [DateModified]) VALUES (96, N'smfitg78@vfxvru.org', N'Dewayne', N'Patterson', '2003-08-31 23:46:53.260', '2005-01-04 11:17:00.070')
INSERT INTO [dbo].[Customer] ([CustomerId], [EmailAddress], [FirstName], [LastName], [DateCreated], [DateModified]) VALUES (97, N'ifzvuxlf@aydkd.wbqdnv.org', N'Rhonda', N'Holder', '2003-06-16 21:07:16.190', '2003-07-28 01:35:17.400')
INSERT INTO [dbo].[Customer] ([CustomerId], [EmailAddress], [FirstName], [LastName], [DateCreated], [DateModified]) VALUES (98, N'pzcyqrnw5@vuwaut.pxcmsd.net', N'Seth', N'Carney', '2006-08-14 05:49:07.620', '2007-04-16 23:24:34.230')
INSERT INTO [dbo].[Customer] ([CustomerId], [EmailAddress], [FirstName], [LastName], [DateCreated], [DateModified]) VALUES (99, N'kerdnqi324@uqxtabiu.sbhnrv.com', N'Lester', N'Meyers', '2012-10-04 14:53:57.150', '2013-10-17 00:47:50.530')
INSERT INTO [dbo].[Customer] ([CustomerId], [EmailAddress], [FirstName], [LastName], [DateCreated], [DateModified]) VALUES (100, N'mtilavk.nisq@slcnoz.org', N'Ginger', N'Guzman', '2007-04-29 16:32:58.420', '2007-10-15 17:30:44.460')
INSERT INTO [dbo].[Customer] ([CustomerId], [EmailAddress], [FirstName], [LastName], [DateCreated], [DateModified]) VALUES (101, N'xpay166@trxstt.com', N'Malcolm', N'Wells', '2012-08-18 20:23:30.270', '2012-10-25 06:49:57.290')
INSERT INTO [dbo].[Customer] ([CustomerId], [EmailAddress], [FirstName], [LastName], [DateCreated], [DateModified]) VALUES (102, N'dozc.vpcoiagiw@zxjq.wreluo.net', N'Rick', N'Solomon', '2009-02-26 02:35:00.080', '2009-04-08 05:34:41.240')
INSERT INTO [dbo].[Customer] ([CustomerId], [EmailAddress], [FirstName], [LastName], [DateCreated], [DateModified]) VALUES (103, N'jtcca@tepabh.com', N'Isaac', N'Boyd', '2003-02-18 15:34:26.260', '2004-04-20 07:39:42.390')
INSERT INTO [dbo].[Customer] ([CustomerId], [EmailAddress], [FirstName], [LastName], [DateCreated], [DateModified]) VALUES (104, N'lvlw.dgkrh@jftido.net', N'Christie', N'Dean', '2013-07-13 03:26:14.200', '2013-09-17 14:40:39.600')
INSERT INTO [dbo].[Customer] ([CustomerId], [EmailAddress], [FirstName], [LastName], [DateCreated], [DateModified]) VALUES (105, N'innimeda.krnjt@pxyv.rppkiz.net', N'Jacob', N'Burke', '2011-08-09 16:29:22.590', '2012-11-02 08:27:40.480')
INSERT INTO [dbo].[Customer] ([CustomerId], [EmailAddress], [FirstName], [LastName], [DateCreated], [DateModified]) VALUES (106, N'ytptc@r-frxx.org', N'Barbara', N'Rogers', '2009-08-31 18:05:07.510', '2010-10-13 09:43:26.970')
INSERT INTO [dbo].[Customer] ([CustomerId], [EmailAddress], [FirstName], [LastName], [DateCreated], [DateModified]) VALUES (107, N'bmjnor.svxsbvdd@qcug.lghexp.net', N'Yvette', N'Diaz', '2004-02-18 05:18:37.120', '2004-03-27 08:45:06.860')
INSERT INTO [dbo].[Customer] ([CustomerId], [EmailAddress], [FirstName], [LastName], [DateCreated], [DateModified]) VALUES (108, N'skxhm.jbplkmzwg@brafct.net', N'Wanda', N'Hurst', '2017-10-06 14:12:59.460', '2018-02-02 08:52:53.920')
INSERT INTO [dbo].[Customer] ([CustomerId], [EmailAddress], [FirstName], [LastName], [DateCreated], [DateModified]) VALUES (109, N'xggmbsuc15@vmolhw.net', N'Bonnie', N'Hines', '2003-03-27 11:35:15.330', '2004-01-21 06:43:55.370')
INSERT INTO [dbo].[Customer] ([CustomerId], [EmailAddress], [FirstName], [LastName], [DateCreated], [DateModified]) VALUES (110, N'lbjbng.hdnkpyc@spjuob.org', N'Sylvia', N'Ruiz', '2010-03-23 21:53:40.900', '2011-05-07 20:36:33.130')
INSERT INTO [dbo].[Customer] ([CustomerId], [EmailAddress], [FirstName], [LastName], [DateCreated], [DateModified]) VALUES (111, N'lvprrly71@enktaaaga.j-yofn.net', N'Preston', N'Mc Neil', '2011-08-06 02:56:06.130', '2011-10-29 10:01:17.660')
INSERT INTO [dbo].[Customer] ([CustomerId], [EmailAddress], [FirstName], [LastName], [DateCreated], [DateModified]) VALUES (112, N'zawc766@dcxlmo.org', N'Jean', N'Gregory', '2008-10-20 10:34:07.570', '2009-06-02 08:35:41.320')
INSERT INTO [dbo].[Customer] ([CustomerId], [EmailAddress], [FirstName], [LastName], [DateCreated], [DateModified]) VALUES (113, N'bobi.xfrswspt@bdbbhy.com', N'Cassandra', N'Grant', '2013-12-16 11:23:50.320', '2014-04-19 05:46:23.040')
INSERT INTO [dbo].[Customer] ([CustomerId], [EmailAddress], [FirstName], [LastName], [DateCreated], [DateModified]) VALUES (114, N'lzwulol563@xrmxcw.net', N'Monte', N'Baxter', '2011-04-20 11:33:26.890', '2011-11-28 04:21:28.630')
INSERT INTO [dbo].[Customer] ([CustomerId], [EmailAddress], [FirstName], [LastName], [DateCreated], [DateModified]) VALUES (115, N'qkft40@cswzoc.net', N'Neil', N'Davis', '2010-10-17 03:34:50.120', '2010-10-25 19:32:47.600')
INSERT INTO [dbo].[Customer] ([CustomerId], [EmailAddress], [FirstName], [LastName], [DateCreated], [DateModified]) VALUES (116, N'hvpbdpgj54@mohkos.org', N'Sherri', N'Koch', '2015-08-09 21:58:42.730', '2016-12-21 00:40:49.540')
INSERT INTO [dbo].[Customer] ([CustomerId], [EmailAddress], [FirstName], [LastName], [DateCreated], [DateModified]) VALUES (117, N'ocwmefvx10@gpgplz.org', N'Billie', N'Christian', '2016-10-02 22:38:31.550', '2017-01-16 02:03:00.420')
INSERT INTO [dbo].[Customer] ([CustomerId], [EmailAddress], [FirstName], [LastName], [DateCreated], [DateModified]) VALUES (118, N'lgipfiqd.yfgnerkboi@gtymhtey.e-lppc.com', N'Priscilla', N'Everett', '2016-08-18 11:45:00.980', '2017-12-19 23:45:30.230')
INSERT INTO [dbo].[Customer] ([CustomerId], [EmailAddress], [FirstName], [LastName], [DateCreated], [DateModified]) VALUES (119, N'nhau377@fkltvg.ort-xz.com', N'Enrique', N'Wallace', '2014-04-18 09:26:16.400', '2014-10-21 00:53:20.040')
INSERT INTO [dbo].[Customer] ([CustomerId], [EmailAddress], [FirstName], [LastName], [DateCreated], [DateModified]) VALUES (120, N'tfvxo.bbbgl@osoio.vtgpjp.com', N'Daryl', N'Krueger', '2017-05-06 17:26:27.550', '2017-05-18 13:23:27.890')
INSERT INTO [dbo].[Customer] ([CustomerId], [EmailAddress], [FirstName], [LastName], [DateCreated], [DateModified]) VALUES (121, N'gmja31@vaiijq.com', N'Autumn', N'Pugh', '2014-06-11 03:27:36.340', '2015-05-21 08:54:41.350')
INSERT INTO [dbo].[Customer] ([CustomerId], [EmailAddress], [FirstName], [LastName], [DateCreated], [DateModified]) VALUES (122, N'xxda4@zyemyz.net', N'Bryon', N'Cordova', '2004-03-30 05:47:02.640', '2004-08-08 04:39:29.010')
INSERT INTO [dbo].[Customer] ([CustomerId], [EmailAddress], [FirstName], [LastName], [DateCreated], [DateModified]) VALUES (123, N'osfh.jtsmnjmj@osrtea.net', N'Kirsten', N'Moran', '2006-01-20 08:57:59.700', '2006-02-08 11:09:17.160')
INSERT INTO [dbo].[Customer] ([CustomerId], [EmailAddress], [FirstName], [LastName], [DateCreated], [DateModified]) VALUES (124, N'gljgt@nwyjneo.gtcxnk.com', N'Gabrielle', N'Reeves', '2009-12-22 10:32:44.460', '2010-09-27 01:26:43.160')
INSERT INTO [dbo].[Customer] ([CustomerId], [EmailAddress], [FirstName], [LastName], [DateCreated], [DateModified]) VALUES (125, N'dygheqm.bhzdaj@yzmqra.com', N'Lea', N'Mc Bride', '2006-07-16 09:13:17.000', '2007-11-13 11:33:18.650')
INSERT INTO [dbo].[Customer] ([CustomerId], [EmailAddress], [FirstName], [LastName], [DateCreated], [DateModified]) VALUES (126, N'zyhqtsas.kqufwj@lwoqfj.com', N'Bart', N'Koch', '2017-11-02 02:22:59.090', '2018-03-28 05:57:28.130')
INSERT INTO [dbo].[Customer] ([CustomerId], [EmailAddress], [FirstName], [LastName], [DateCreated], [DateModified]) VALUES (127, N'oldrmx.fsfiwjggf@yptd.rwormi.com', N'Holly', N'Tyler', '2012-11-21 02:22:30.510', '2014-01-06 09:15:31.230')
INSERT INTO [dbo].[Customer] ([CustomerId], [EmailAddress], [FirstName], [LastName], [DateCreated], [DateModified]) VALUES (128, N'cgdp.dnypaddry@ikwlpx.hy-ph-.net', N'Otis', N'Williamson', '2008-01-20 14:49:36.180', '2008-08-16 12:28:12.500')
INSERT INTO [dbo].[Customer] ([CustomerId], [EmailAddress], [FirstName], [LastName], [DateCreated], [DateModified]) VALUES (129, N'bhfp6@laaszaay.adyuln.com', N'Leanne', N'Patterson', '2003-02-22 22:49:10.770', '2004-05-25 12:17:15.730')
INSERT INTO [dbo].[Customer] ([CustomerId], [EmailAddress], [FirstName], [LastName], [DateCreated], [DateModified]) VALUES (130, N'gqfneyx843@rjo-ow.org', N'Glen', N'Houston', '2006-09-17 05:05:43.470', '2007-12-23 05:40:52.490')
INSERT INTO [dbo].[Customer] ([CustomerId], [EmailAddress], [FirstName], [LastName], [DateCreated], [DateModified]) VALUES (131, N'yarwynx@yk-vtf.org', N'Kara', N'Snow', '2010-06-23 00:55:05.190', '2010-11-16 22:28:42.430')
INSERT INTO [dbo].[Customer] ([CustomerId], [EmailAddress], [FirstName], [LastName], [DateCreated], [DateModified]) VALUES (132, N'nwdopodn.mymexsewh@gwatbzn.ovtmup.com', N'Anna', N'Nielsen', '2005-10-20 20:15:39.960', '2006-08-18 15:11:58.250')
INSERT INTO [dbo].[Customer] ([CustomerId], [EmailAddress], [FirstName], [LastName], [DateCreated], [DateModified]) VALUES (133, N'lbiva377@hqwyar.org', N'Kris', N'Marquez', '2007-07-29 22:15:17.500', '2007-11-28 08:13:34.090')
INSERT INTO [dbo].[Customer] ([CustomerId], [EmailAddress], [FirstName], [LastName], [DateCreated], [DateModified]) VALUES (134, N'dunopwzk.rokxsvz@wvrahfz.yzukbi.com', N'Marlon', N'Espinoza', '2004-12-22 13:15:08.610', '2006-03-16 13:12:40.470')
INSERT INTO [dbo].[Customer] ([CustomerId], [EmailAddress], [FirstName], [LastName], [DateCreated], [DateModified]) VALUES (135, N'qntfd6@fdlxazxhj.ltfjpn.org', N'Jocelyn', N'Wolf', '2005-02-27 08:54:41.870', '2006-05-01 22:32:04.780')
INSERT INTO [dbo].[Customer] ([CustomerId], [EmailAddress], [FirstName], [LastName], [DateCreated], [DateModified]) VALUES (136, N'xbpeyf29@gatezvx.yvnuzg.org', N'Yvonne', N'Bowen', '2018-03-02 21:17:52.390', '2019-01-07 17:29:23.560')
INSERT INTO [dbo].[Customer] ([CustomerId], [EmailAddress], [FirstName], [LastName], [DateCreated], [DateModified]) VALUES (137, N'hjpp725@fvstxbyy.-ajuq-.com', N'Jeannette', N'Bean', '2015-11-08 07:46:38.400', '2017-01-03 07:21:09.600')
INSERT INTO [dbo].[Customer] ([CustomerId], [EmailAddress], [FirstName], [LastName], [DateCreated], [DateModified]) VALUES (138, N'nufqafbv0@oryqsefb.taiuwe.net', N'Sean', N'Friedman', '2017-04-03 10:08:50.330', '2017-04-12 03:18:19.480')
INSERT INTO [dbo].[Customer] ([CustomerId], [EmailAddress], [FirstName], [LastName], [DateCreated], [DateModified]) VALUES (139, N'yjrq.vpeqrx@wwbljl.org', N'Teresa', N'Meyers', '2008-02-13 17:24:29.290', '2008-04-25 22:03:46.400')
INSERT INTO [dbo].[Customer] ([CustomerId], [EmailAddress], [FirstName], [LastName], [DateCreated], [DateModified]) VALUES (140, N'vhaw213@orrjrv.net', N'Oscar', N'Clay', '2018-01-24 03:37:05.080', '2018-06-23 23:14:00.180')
INSERT INTO [dbo].[Customer] ([CustomerId], [EmailAddress], [FirstName], [LastName], [DateCreated], [DateModified]) VALUES (141, N'annodcje3@q-njpv.com', N'Latasha', N'Gordon', '2004-01-13 20:42:21.240', '2005-05-20 02:40:30.030')
INSERT INTO [dbo].[Customer] ([CustomerId], [EmailAddress], [FirstName], [LastName], [DateCreated], [DateModified]) VALUES (142, N'hzivb.emlqkj@hswurzu.yzixrc.net', N'Marla', N'Mc Intyre', '2003-02-25 18:00:52.850', '2003-07-15 08:16:13.930')
INSERT INTO [dbo].[Customer] ([CustomerId], [EmailAddress], [FirstName], [LastName], [DateCreated], [DateModified]) VALUES (143, N'zhltnfsc0@tkcnpf.net', N'Trevor', N'Gay', '2011-12-10 10:30:50.430', '2012-03-20 05:38:20.870')
INSERT INTO [dbo].[Customer] ([CustomerId], [EmailAddress], [FirstName], [LastName], [DateCreated], [DateModified]) VALUES (144, N'bzrnn@--mjqb.net', N'Drew', N'Washington', '2012-05-30 01:01:02.630', '2012-07-18 00:19:30.650')
INSERT INTO [dbo].[Customer] ([CustomerId], [EmailAddress], [FirstName], [LastName], [DateCreated], [DateModified]) VALUES (145, N'xbaurzy.eoejcwihy@gavxi.q-lwbh.org', N'Tyler', N'White', '2010-06-06 18:14:13.390', '2011-09-27 22:37:23.960')
INSERT INTO [dbo].[Customer] ([CustomerId], [EmailAddress], [FirstName], [LastName], [DateCreated], [DateModified]) VALUES (146, N'rerzjzsr256@ecrucd.net', N'Forrest', N'Blair', '2006-07-13 13:11:52.020', '2006-08-23 17:07:18.140')
INSERT INTO [dbo].[Customer] ([CustomerId], [EmailAddress], [FirstName], [LastName], [DateCreated], [DateModified]) VALUES (147, N'dlqiyjj92@qhpic.tpqujs.net', N'Noel', N'Morrow', '2010-06-15 22:41:33.120', '2011-01-22 10:42:38.370')
INSERT INTO [dbo].[Customer] ([CustomerId], [EmailAddress], [FirstName], [LastName], [DateCreated], [DateModified]) VALUES (148, N'tkndzuy.trtixdz@nlnvcl.org', N'Chris', N'Pittman', '2006-09-05 15:03:50.990', '2007-12-04 11:23:01.960')
INSERT INTO [dbo].[Customer] ([CustomerId], [EmailAddress], [FirstName], [LastName], [DateCreated], [DateModified]) VALUES (149, N'epmqgp667@psbtvq.com', N'Iris', N'Herman', '2012-03-07 04:32:55.200', '2012-10-23 14:14:52.920')
INSERT INTO [dbo].[Customer] ([CustomerId], [EmailAddress], [FirstName], [LastName], [DateCreated], [DateModified]) VALUES (150, N'vmqexfk.hbck@axmaqf.org', N'Edward', N'Dominguez', '2013-12-11 08:35:31.740', '2014-01-31 17:10:23.940')
INSERT INTO [dbo].[Customer] ([CustomerId], [EmailAddress], [FirstName], [LastName], [DateCreated], [DateModified]) VALUES (151, N'gtfxsl76@dwlikrjt.rtv-ja.net', N'Armando', N'Roman', '2005-02-17 01:08:21.710', '2006-03-10 09:14:00.650')
INSERT INTO [dbo].[Customer] ([CustomerId], [EmailAddress], [FirstName], [LastName], [DateCreated], [DateModified]) VALUES (152, N'prapzjk.rhuzgkbh@lerywndp.ixijfz.org', N'Victoria', N'Meyer', '2005-01-17 09:22:15.220', '2005-03-11 01:49:48.190')
INSERT INTO [dbo].[Customer] ([CustomerId], [EmailAddress], [FirstName], [LastName], [DateCreated], [DateModified]) VALUES (153, N'isdmapca@jusdwkd.sdbwuj.com', N'Rachel', N'Choi', '2010-07-17 20:22:51.230', '2010-09-15 22:31:15.190')
INSERT INTO [dbo].[Customer] ([CustomerId], [EmailAddress], [FirstName], [LastName], [DateCreated], [DateModified]) VALUES (154, N'jxnabj.ctkooyu@dqnden.net', N'Bret', N'Khan', '2013-08-19 21:27:29.610', '2014-08-20 11:24:23.650')
INSERT INTO [dbo].[Customer] ([CustomerId], [EmailAddress], [FirstName], [LastName], [DateCreated], [DateModified]) VALUES (155, N'gheq6@qeljj.bdac-n.com', N'Kristine', N'Mullins', '2011-02-07 13:05:22.090', '2011-12-29 08:36:04.130')
INSERT INTO [dbo].[Customer] ([CustomerId], [EmailAddress], [FirstName], [LastName], [DateCreated], [DateModified]) VALUES (156, N'kodqt.ejseucoyv@ivipc.vrl-ck.net', N'Roger', N'Burke', '2011-05-22 14:36:27.630', '2012-08-01 02:10:29.280')
INSERT INTO [dbo].[Customer] ([CustomerId], [EmailAddress], [FirstName], [LastName], [DateCreated], [DateModified]) VALUES (157, N'wnucdbx47@nxneea.org', N'Patrick', N'Moran', '2006-02-06 17:37:00.380', '2006-02-28 18:25:25.070')
INSERT INTO [dbo].[Customer] ([CustomerId], [EmailAddress], [FirstName], [LastName], [DateCreated], [DateModified]) VALUES (158, N'olultub098@otvs-v.net', N'Darius', N'Pineda', '2011-05-19 05:01:41.800', '2011-10-14 06:13:00.230')
INSERT INTO [dbo].[Customer] ([CustomerId], [EmailAddress], [FirstName], [LastName], [DateCreated], [DateModified]) VALUES (159, N'vvjegtx.jnbi@qjgwcgmvv.qiujm-.com', N'Quentin', N'Calhoun', '2009-12-28 18:12:57.200', '2010-03-20 03:07:21.960')
INSERT INTO [dbo].[Customer] ([CustomerId], [EmailAddress], [FirstName], [LastName], [DateCreated], [DateModified]) VALUES (160, N'eqzcpoh06@pmtfi.-tbizn.net', N'Darlene', N'Larsen', '2011-12-27 14:06:23.500', '2012-10-27 02:30:13.340')
INSERT INTO [dbo].[Customer] ([CustomerId], [EmailAddress], [FirstName], [LastName], [DateCreated], [DateModified]) VALUES (161, N'kckli1@ousorwjfm.aw-ddf.com', N'James', N'Bruce', '2014-12-30 15:42:37.000', '2016-05-10 00:27:56.750')
INSERT INTO [dbo].[Customer] ([CustomerId], [EmailAddress], [FirstName], [LastName], [DateCreated], [DateModified]) VALUES (162, N'chzot.izrg@lbsqnclcg.uagooa.org', N'Loretta', N'Landry', '2014-04-19 14:29:00.950', '2015-03-14 20:16:55.370')
INSERT INTO [dbo].[Customer] ([CustomerId], [EmailAddress], [FirstName], [LastName], [DateCreated], [DateModified]) VALUES (163, N'cscbdca@wsyelp.net', N'Marcie', N'Phelps', '2017-08-14 15:23:48.690', '2018-01-22 20:35:39.200')
INSERT INTO [dbo].[Customer] ([CustomerId], [EmailAddress], [FirstName], [LastName], [DateCreated], [DateModified]) VALUES (164, N'nqeznwh43@tkeoakxq.mgtujg.net', N'Candy', N'Haley', '2014-09-29 06:29:31.860', '2015-09-02 01:03:03.880')
INSERT INTO [dbo].[Customer] ([CustomerId], [EmailAddress], [FirstName], [LastName], [DateCreated], [DateModified]) VALUES (165, N'vzut.xsofwx@liacgt.com', N'Bridgett', N'Mack', '2017-12-20 20:58:35.710', '2018-09-09 22:07:51.700')
INSERT INTO [dbo].[Customer] ([CustomerId], [EmailAddress], [FirstName], [LastName], [DateCreated], [DateModified]) VALUES (166, N'fwrwex4@qrinnav.vkeatc.net', N'Alisha', N'Hart', '2008-10-16 06:40:26.170', '2009-07-25 18:49:20.410')
INSERT INTO [dbo].[Customer] ([CustomerId], [EmailAddress], [FirstName], [LastName], [DateCreated], [DateModified]) VALUES (167, N'ktgzb79@lanw.wnxxdv.com', N'Clayton', N'Downs', '2004-03-24 12:18:50.070', '2004-07-06 00:22:08.230')
INSERT INTO [dbo].[Customer] ([CustomerId], [EmailAddress], [FirstName], [LastName], [DateCreated], [DateModified]) VALUES (168, N'mmvzauyt892@kgoqlekg.oleee-.com', N'Francis', N'Potts', '2011-12-25 22:08:41.700', '2012-06-17 16:33:43.560')
INSERT INTO [dbo].[Customer] ([CustomerId], [EmailAddress], [FirstName], [LastName], [DateCreated], [DateModified]) VALUES (169, N'gdnojk.dceysxmvhm@eaybfn.com', N'Vincent', N'Garza', '2009-02-21 02:38:45.020', '2009-12-11 05:49:24.860')
INSERT INTO [dbo].[Customer] ([CustomerId], [EmailAddress], [FirstName], [LastName], [DateCreated], [DateModified]) VALUES (170, N'ptoflg.nsbwunibfi@zixsj-.com', N'Ronda', N'Booth', '2010-11-05 06:16:57.740', '2011-05-22 02:03:25.060')
INSERT INTO [dbo].[Customer] ([CustomerId], [EmailAddress], [FirstName], [LastName], [DateCreated], [DateModified]) VALUES (171, N'fliwaenj.mmek@ltvssx.xxspfv.net', N'Herman', N'Shepard', '2017-12-21 14:12:04.340', '2018-03-08 17:19:40.950')
INSERT INTO [dbo].[Customer] ([CustomerId], [EmailAddress], [FirstName], [LastName], [DateCreated], [DateModified]) VALUES (172, N'kxox18@ymfvcn.com', N'Irene', N'Mc Intyre', '2017-09-20 12:29:41.220', '2017-12-25 22:44:41.930')
INSERT INTO [dbo].[Customer] ([CustomerId], [EmailAddress], [FirstName], [LastName], [DateCreated], [DateModified]) VALUES (173, N'jgqfqlho@hosebo.mgefxe.net', N'Felipe', N'Rios', '2011-07-06 18:20:31.690', '2012-08-26 01:41:44.820')
INSERT INTO [dbo].[Customer] ([CustomerId], [EmailAddress], [FirstName], [LastName], [DateCreated], [DateModified]) VALUES (174, N'jrbue451@cpnzgoas.uauoy-.net', N'Cristina', N'Hubbard', '2014-06-14 05:49:11.320', '2014-07-19 01:39:20.860')
INSERT INTO [dbo].[Customer] ([CustomerId], [EmailAddress], [FirstName], [LastName], [DateCreated], [DateModified]) VALUES (175, N'asaxrywi500@whmy.f-iezj.com', N'Tabatha', N'Santana', '2016-04-23 20:44:06.300', '2016-05-13 10:42:58.860')
INSERT INTO [dbo].[Customer] ([CustomerId], [EmailAddress], [FirstName], [LastName], [DateCreated], [DateModified]) VALUES (176, N'hfgal4@lrrqclm.hraxgk.org', N'Geoffrey', N'Richardson', '2014-04-16 09:26:43.480', '2014-11-07 00:38:28.410')
INSERT INTO [dbo].[Customer] ([CustomerId], [EmailAddress], [FirstName], [LastName], [DateCreated], [DateModified]) VALUES (177, N'yajvxhjh@psnnry.org', N'Roman', N'Good', '2010-07-10 19:16:12.220', '2010-08-09 23:01:09.140')
INSERT INTO [dbo].[Customer] ([CustomerId], [EmailAddress], [FirstName], [LastName], [DateCreated], [DateModified]) VALUES (178, N'bpxxsjb.jxuxkkp@ldijpeo.-pcmfi.com', N'Kellie', N'Larson', '2011-11-12 07:56:57.080', '2013-02-24 10:49:47.530')
INSERT INTO [dbo].[Customer] ([CustomerId], [EmailAddress], [FirstName], [LastName], [DateCreated], [DateModified]) VALUES (179, N'yicl2@rabqf.zlhmxy.net', N'Ana', N'Hale', '2017-10-06 16:18:31.080', '2018-08-03 02:49:20.210')
INSERT INTO [dbo].[Customer] ([CustomerId], [EmailAddress], [FirstName], [LastName], [DateCreated], [DateModified]) VALUES (180, N'sjti@olblbmqhw.vqydli.net', N'Shane', N'Wallace', '2003-01-03 20:01:24.970', '2004-03-22 18:26:01.490')
INSERT INTO [dbo].[Customer] ([CustomerId], [EmailAddress], [FirstName], [LastName], [DateCreated], [DateModified]) VALUES (181, N'eaxwmxg03@srnlq.tfmv-q.net', N'Nakia', N'Gibson', '2010-05-20 03:41:25.970', '2011-07-19 19:14:50.770')
INSERT INTO [dbo].[Customer] ([CustomerId], [EmailAddress], [FirstName], [LastName], [DateCreated], [DateModified]) VALUES (182, N'aaoxlnep.syeesboyq@zlsvuaare.emufhv.org', N'Stacie', N'Waller', '2009-03-18 11:18:39.520', '2010-06-17 21:52:30.270')
INSERT INTO [dbo].[Customer] ([CustomerId], [EmailAddress], [FirstName], [LastName], [DateCreated], [DateModified]) VALUES (183, N'spcr6@nlhczw.apwaqm.org', N'Kathleen', N'Lara', '2014-02-03 10:16:40.990', '2015-05-27 22:13:20.600')
INSERT INTO [dbo].[Customer] ([CustomerId], [EmailAddress], [FirstName], [LastName], [DateCreated], [DateModified]) VALUES (184, N'vinm@jaynbhdz.kkmfwu.org', N'Rachel', N'Bradshaw', '2007-06-03 14:13:39.040', '2008-07-13 19:06:52.800')
INSERT INTO [dbo].[Customer] ([CustomerId], [EmailAddress], [FirstName], [LastName], [DateCreated], [DateModified]) VALUES (185, N'veszd418@ezqcdy.org', N'Devon', N'Morris', '2004-07-31 03:57:21.760', '2004-10-14 20:26:52.840')
INSERT INTO [dbo].[Customer] ([CustomerId], [EmailAddress], [FirstName], [LastName], [DateCreated], [DateModified]) VALUES (186, N'jxulxxfb.yohwo@gfttax.com', N'Josh', N'Velasquez', '2008-06-05 15:32:49.970', '2008-09-07 20:38:55.230')
INSERT INTO [dbo].[Customer] ([CustomerId], [EmailAddress], [FirstName], [LastName], [DateCreated], [DateModified]) VALUES (187, N'txluibyt93@fbdukykxj.wlxsgh.org', N'Rachelle', N'Ponce', '2013-06-24 23:52:48.740', '2014-02-21 16:40:44.070')
INSERT INTO [dbo].[Customer] ([CustomerId], [EmailAddress], [FirstName], [LastName], [DateCreated], [DateModified]) VALUES (188, N'kgda.iravdpqkl@sqgmluvob.xdelwz.net', N'Cynthia', N'Barry', '2012-02-29 00:47:47.900', '2012-11-10 20:49:11.450')
INSERT INTO [dbo].[Customer] ([CustomerId], [EmailAddress], [FirstName], [LastName], [DateCreated], [DateModified]) VALUES (189, N'zyfh.typuutl@soram.lgkshk.com', N'Ryan', N'Riggs', '2012-02-04 00:09:46.530', '2012-06-07 04:36:37.350')
INSERT INTO [dbo].[Customer] ([CustomerId], [EmailAddress], [FirstName], [LastName], [DateCreated], [DateModified]) VALUES (190, N'jhpr28@utnfb.hmwllw.org', N'Brandie', N'Elliott', '2011-12-28 18:18:14.250', '2013-05-03 20:21:36.510')
INSERT INTO [dbo].[Customer] ([CustomerId], [EmailAddress], [FirstName], [LastName], [DateCreated], [DateModified]) VALUES (191, N'mbnq.oagdfme@pkxdxgtkh.rkvoai.com', N'Jane', N'Garcia', '2015-01-25 03:40:52.010', '2015-11-09 23:03:59.480')
INSERT INTO [dbo].[Customer] ([CustomerId], [EmailAddress], [FirstName], [LastName], [DateCreated], [DateModified]) VALUES (192, N'rfjxpbwg.kzopflg@thssqg.bdsleu.net', N'Melody', N'Nelson', '2007-06-23 02:44:56.600', '2008-03-23 01:08:10.360')
INSERT INTO [dbo].[Customer] ([CustomerId], [EmailAddress], [FirstName], [LastName], [DateCreated], [DateModified]) VALUES (193, N'nwrsuwg.gairbej@utuz.sqeysm.org', N'Martin', N'Fisher', '2010-04-06 15:55:53.130', '2011-06-08 00:10:58.530')
INSERT INTO [dbo].[Customer] ([CustomerId], [EmailAddress], [FirstName], [LastName], [DateCreated], [DateModified]) VALUES (194, N'qfecjuo5@mpytaz.com', N'Kelvin', N'Benitez', '2014-05-09 03:18:05.800', '2015-01-31 19:33:34.070')
INSERT INTO [dbo].[Customer] ([CustomerId], [EmailAddress], [FirstName], [LastName], [DateCreated], [DateModified]) VALUES (195, N'faapojyb.odfx@myupusbfd.zcslxs.org', N'Audrey', N'Ortiz', '2006-01-25 11:54:28.080', '2006-06-28 22:46:04.430')
INSERT INTO [dbo].[Customer] ([CustomerId], [EmailAddress], [FirstName], [LastName], [DateCreated], [DateModified]) VALUES (196, N'cpfpoavm.zmapf@bdujny.net', N'Andrea', N'Watts', '2007-12-16 06:13:20.300', '2008-05-27 06:23:35.660')
INSERT INTO [dbo].[Customer] ([CustomerId], [EmailAddress], [FirstName], [LastName], [DateCreated], [DateModified]) VALUES (197, N'ujvjda.bvuwxkutha@qskxwfvo.torkct.com', N'Latasha', N'Henry', '2003-10-03 02:37:04.170', '2005-01-23 11:40:35.750')
INSERT INTO [dbo].[Customer] ([CustomerId], [EmailAddress], [FirstName], [LastName], [DateCreated], [DateModified]) VALUES (198, N'dntemztk.sjacmqnu@xmyf.qggckt.com', N'Jaime', N'Reynolds', '2015-06-02 04:01:18.570', '2016-02-20 04:35:18.000')
INSERT INTO [dbo].[Customer] ([CustomerId], [EmailAddress], [FirstName], [LastName], [DateCreated], [DateModified]) VALUES (199, N'tenocetr@dhraax.com', N'Steven', N'Huang', '2012-08-29 04:02:26.920', '2013-06-11 02:11:39.960')
INSERT INTO [dbo].[Customer] ([CustomerId], [EmailAddress], [FirstName], [LastName], [DateCreated], [DateModified]) VALUES (200, N'rcqoo.rmhoo@hyzbkqih.pbbahp.org', N'Kristin', N'Raymond', '2004-08-21 11:33:47.210', '2005-03-05 03:48:04.530')
INSERT INTO [dbo].[Customer] ([CustomerId], [EmailAddress], [FirstName], [LastName], [DateCreated], [DateModified]) VALUES (201, N'nlymqnya01@haybtczn.ijr-ll.net', N'Felix', N'Hodges', '2005-04-21 00:53:01.950', '2006-07-02 16:45:10.920')
INSERT INTO [dbo].[Customer] ([CustomerId], [EmailAddress], [FirstName], [LastName], [DateCreated], [DateModified]) VALUES (202, N'bhgbde.kbbfhh@ivbdhwcc.sobznl.com', N'Irene', N'Yoder', '2016-09-10 00:32:51.430', '2016-10-25 18:08:55.810')
INSERT INTO [dbo].[Customer] ([CustomerId], [EmailAddress], [FirstName], [LastName], [DateCreated], [DateModified]) VALUES (203, N'wzxygdw30@kagkrq.com', N'Kendrick', N'Fletcher', '2015-10-04 12:25:05.980', '2016-03-14 05:33:38.100')
INSERT INTO [dbo].[Customer] ([CustomerId], [EmailAddress], [FirstName], [LastName], [DateCreated], [DateModified]) VALUES (204, N'ffedb6@olwkge.org', N'Benjamin', N'Gonzales', '2004-05-02 22:15:57.460', '2004-06-04 12:11:28.850')
INSERT INTO [dbo].[Customer] ([CustomerId], [EmailAddress], [FirstName], [LastName], [DateCreated], [DateModified]) VALUES (205, N'rexwnbds8@vdqqus.net', N'Natalie', N'Briggs', '2014-03-11 18:23:27.410', '2015-06-28 23:50:44.010')
INSERT INTO [dbo].[Customer] ([CustomerId], [EmailAddress], [FirstName], [LastName], [DateCreated], [DateModified]) VALUES (206, N'tiptmlmk.bdpzf@rb-ib-.net', N'Trevor', N'Livingston', '2005-08-18 12:38:40.490', '2006-06-04 10:29:19.710')
INSERT INTO [dbo].[Customer] ([CustomerId], [EmailAddress], [FirstName], [LastName], [DateCreated], [DateModified]) VALUES (207, N'atigummm.widb@hittjf.net', N'Claude', N'Rivers', '2011-10-03 15:01:43.540', '2012-02-17 00:08:04.380')
INSERT INTO [dbo].[Customer] ([CustomerId], [EmailAddress], [FirstName], [LastName], [DateCreated], [DateModified]) VALUES (208, N'vidq.qhuql@ddgpqr.org', N'Betsy', N'Cannon', '2014-04-24 14:33:39.910', '2014-05-19 20:51:55.320')
INSERT INTO [dbo].[Customer] ([CustomerId], [EmailAddress], [FirstName], [LastName], [DateCreated], [DateModified]) VALUES (209, N'mfqmibt779@mjvsbhp.loxncd.com', N'Gabriel', N'Benitez', '2015-07-18 00:43:23.310', '2016-06-28 00:41:25.790')
INSERT INTO [dbo].[Customer] ([CustomerId], [EmailAddress], [FirstName], [LastName], [DateCreated], [DateModified]) VALUES (210, N'soupidmd@sxruus.net', N'Marvin', N'Graves', '2015-01-13 03:38:38.610', '2015-05-13 07:57:36.710')
INSERT INTO [dbo].[Customer] ([CustomerId], [EmailAddress], [FirstName], [LastName], [DateCreated], [DateModified]) VALUES (211, N'tzqt.sbov@txzebt.org', N'Tabatha', N'Barnett', '2003-11-12 19:20:15.400', '2004-12-23 03:09:21.120')
INSERT INTO [dbo].[Customer] ([CustomerId], [EmailAddress], [FirstName], [LastName], [DateCreated], [DateModified]) VALUES (212, N'xrghjpv.dskm@tyawij.com', N'Mark', N'Tucker', '2012-06-16 09:40:03.310', '2012-08-07 07:35:38.560')
INSERT INTO [dbo].[Customer] ([CustomerId], [EmailAddress], [FirstName], [LastName], [DateCreated], [DateModified]) VALUES (213, N'qwigvy0@-ashjd.org', N'Juan', N'Bowers', '2011-11-01 12:43:10.730', '2012-10-14 03:23:41.040')
INSERT INTO [dbo].[Customer] ([CustomerId], [EmailAddress], [FirstName], [LastName], [DateCreated], [DateModified]) VALUES (214, N'dkcmcemg879@pkbjzqllr.coi-pq.net', N'Erik', N'Brennan', '2009-12-25 22:11:32.220', '2010-05-12 08:41:21.460')
INSERT INTO [dbo].[Customer] ([CustomerId], [EmailAddress], [FirstName], [LastName], [DateCreated], [DateModified]) VALUES (215, N'fheokfb1@viozcx.com', N'Rachael', N'Parsons', '2004-08-09 10:24:57.530', '2005-08-23 07:15:23.570')
INSERT INTO [dbo].[Customer] ([CustomerId], [EmailAddress], [FirstName], [LastName], [DateCreated], [DateModified]) VALUES (216, N'dosz9@erkdnt.org', N'Harry', N'O''Neal', '2008-10-14 04:23:57.470', '2008-11-23 02:35:27.460')
INSERT INTO [dbo].[Customer] ([CustomerId], [EmailAddress], [FirstName], [LastName], [DateCreated], [DateModified]) VALUES (217, N'bavh.hvmz@jxrgxc.net', N'Derick', N'Watts', '2003-03-17 04:12:19.960', '2004-03-01 22:03:35.770')
INSERT INTO [dbo].[Customer] ([CustomerId], [EmailAddress], [FirstName], [LastName], [DateCreated], [DateModified]) VALUES (218, N'fdsglf10@kbbxnn.pkcyre.com', N'Evelyn', N'Potts', '2013-03-14 01:10:09.650', '2013-11-24 01:28:47.400')
INSERT INTO [dbo].[Customer] ([CustomerId], [EmailAddress], [FirstName], [LastName], [DateCreated], [DateModified]) VALUES (219, N'hadgk7@ovlluq.com', N'Ramona', N'Case', '2013-03-01 02:32:10.100', '2013-11-18 04:36:12.040')
INSERT INTO [dbo].[Customer] ([CustomerId], [EmailAddress], [FirstName], [LastName], [DateCreated], [DateModified]) VALUES (220, N'dqiwu.qbdceabw@lbtxouic.zq-dql.com', N'Bridget', N'Villegas', '2012-07-17 05:25:45.740', '2013-01-02 01:28:57.470')
INSERT INTO [dbo].[Customer] ([CustomerId], [EmailAddress], [FirstName], [LastName], [DateCreated], [DateModified]) VALUES (221, N'bylkfkwt67@zagjps.puzteu.net', N'Donnie', N'Caldwell', '2013-07-13 06:47:37.440', '2013-08-23 02:08:37.350')
INSERT INTO [dbo].[Customer] ([CustomerId], [EmailAddress], [FirstName], [LastName], [DateCreated], [DateModified]) VALUES (222, N'xnqsa@fqwcni.net', N'Randall', N'Schultz', '2010-04-15 11:31:02.170', '2011-03-29 03:32:57.790')
INSERT INTO [dbo].[Customer] ([CustomerId], [EmailAddress], [FirstName], [LastName], [DateCreated], [DateModified]) VALUES (223, N'ilrayhw.ldlrapddd@afma-l.org', N'Jessie', N'Brandt', '2018-02-09 21:58:55.170', '2018-04-01 11:57:07.210')
INSERT INTO [dbo].[Customer] ([CustomerId], [EmailAddress], [FirstName], [LastName], [DateCreated], [DateModified]) VALUES (224, N'wqbl83@zftzto.oceasz.com', N'Teri', N'Harris', '2015-05-16 08:20:30.780', '2016-03-12 09:27:49.370')
INSERT INTO [dbo].[Customer] ([CustomerId], [EmailAddress], [FirstName], [LastName], [DateCreated], [DateModified]) VALUES (225, N'sibyqz986@dhehc.csfamy.org', N'Candice', N'Glenn', '2013-12-31 02:36:05.730', '2015-02-13 02:59:26.580')
INSERT INTO [dbo].[Customer] ([CustomerId], [EmailAddress], [FirstName], [LastName], [DateCreated], [DateModified]) VALUES (226, N'jyxdqr0@kqmbvb.org', N'Marci', N'Frost', '2013-07-01 11:27:07.740', '2014-04-30 16:11:31.590')
INSERT INTO [dbo].[Customer] ([CustomerId], [EmailAddress], [FirstName], [LastName], [DateCreated], [DateModified]) VALUES (227, N'ckvbtqmh.gozincf@asqoe.xqwqqk.net', N'Vicky', N'Wiggins', '2010-06-16 20:33:48.090', '2010-12-02 22:33:44.410')
INSERT INTO [dbo].[Customer] ([CustomerId], [EmailAddress], [FirstName], [LastName], [DateCreated], [DateModified]) VALUES (228, N'tfanwd331@jbbjwu.com', N'Jeannette', N'Vazquez', '2015-05-19 15:02:25.900', '2015-10-15 06:08:11.750')
INSERT INTO [dbo].[Customer] ([CustomerId], [EmailAddress], [FirstName], [LastName], [DateCreated], [DateModified]) VALUES (229, N'mlvqrwzp.agdfdmpjxh@flicmo.net', N'Audra', N'Graves', '2011-05-20 17:54:43.240', '2012-06-04 02:53:17.430')
INSERT INTO [dbo].[Customer] ([CustomerId], [EmailAddress], [FirstName], [LastName], [DateCreated], [DateModified]) VALUES (230, N'urqihte.hmoticpce@umwafd.org', N'Wallace', N'Simon', '2011-05-10 14:30:46.000', '2012-05-01 04:19:24.200')
INSERT INTO [dbo].[Customer] ([CustomerId], [EmailAddress], [FirstName], [LastName], [DateCreated], [DateModified]) VALUES (231, N'hojkukg8@htdpug.com', N'Timothy', N'Petty', '2013-07-15 06:49:39.310', '2014-02-26 12:57:53.660')
INSERT INTO [dbo].[Customer] ([CustomerId], [EmailAddress], [FirstName], [LastName], [DateCreated], [DateModified]) VALUES (232, N'itbi.lhupcdouo@btibty.org', N'Gilbert', N'Acevedo', '2013-04-29 15:14:53.650', '2014-01-21 18:25:52.150')
INSERT INTO [dbo].[Customer] ([CustomerId], [EmailAddress], [FirstName], [LastName], [DateCreated], [DateModified]) VALUES (233, N'phbjhgy.bomaupyz@svumem.net', N'Penny', N'Roth', '2017-06-04 03:54:30.160', '2017-12-05 08:38:08.570')
INSERT INTO [dbo].[Customer] ([CustomerId], [EmailAddress], [FirstName], [LastName], [DateCreated], [DateModified]) VALUES (234, N'ngvpu.zxkynieogt@yhekdexo.uuwwpn.com', N'Jimmie', N'Shepherd', '2016-02-16 04:44:43.860', '2016-05-30 23:01:16.660')
INSERT INTO [dbo].[Customer] ([CustomerId], [EmailAddress], [FirstName], [LastName], [DateCreated], [DateModified]) VALUES (235, N'mltrxvs.csnhoteitl@rlwg.dbnaxu.net', N'Patrick', N'Mac Donald', '2015-12-04 19:08:23.030', '2015-12-11 01:40:51.580')
INSERT INTO [dbo].[Customer] ([CustomerId], [EmailAddress], [FirstName], [LastName], [DateCreated], [DateModified]) VALUES (236, N'uhgmaml.cfadgarovc@vawleq.-zdxta.net', N'Marcie', N'Curry', '2011-11-29 03:08:34.540', '2012-12-13 01:05:55.960')
INSERT INTO [dbo].[Customer] ([CustomerId], [EmailAddress], [FirstName], [LastName], [DateCreated], [DateModified]) VALUES (237, N'ywszyz.rfpxcwnb@rygj-v.net', N'Forrest', N'Calderon', '2011-09-03 22:53:33.550', '2012-06-24 16:18:53.170')
INSERT INTO [dbo].[Customer] ([CustomerId], [EmailAddress], [FirstName], [LastName], [DateCreated], [DateModified]) VALUES (238, N'vdxh457@bcmfre.org', N'Gretchen', N'Moss', '2012-10-03 12:00:43.530', '2013-12-23 10:01:52.750')
INSERT INTO [dbo].[Customer] ([CustomerId], [EmailAddress], [FirstName], [LastName], [DateCreated], [DateModified]) VALUES (239, N'sndlcf82@wdbdlk.com', N'Randy', N'Montgomery', '2011-06-13 19:50:11.630', '2012-08-18 19:16:09.800')
INSERT INTO [dbo].[Customer] ([CustomerId], [EmailAddress], [FirstName], [LastName], [DateCreated], [DateModified]) VALUES (240, N'nkod.pqes@ufchsq.net', N'Roberto', N'Keller', '2017-03-03 15:18:41.270', '2017-12-14 09:57:34.140')
INSERT INTO [dbo].[Customer] ([CustomerId], [EmailAddress], [FirstName], [LastName], [DateCreated], [DateModified]) VALUES (241, N'frriewgy72@agzzqd.com', N'Margaret', N'Sawyer', '2014-11-23 00:31:06.440', '2016-02-23 20:30:51.860')
INSERT INTO [dbo].[Customer] ([CustomerId], [EmailAddress], [FirstName], [LastName], [DateCreated], [DateModified]) VALUES (242, N'ecqkap@phtwt.yyrqpv.net', N'Cameron', N'Maxwell', '2017-05-22 09:19:08.830', '2017-12-24 19:48:49.740')
INSERT INTO [dbo].[Customer] ([CustomerId], [EmailAddress], [FirstName], [LastName], [DateCreated], [DateModified]) VALUES (243, N'infvisa.vmpsuwq@yzqnne.com', N'Guillermo', N'Buck', '2014-11-03 00:04:24.600', '2015-12-17 20:07:46.680')
INSERT INTO [dbo].[Customer] ([CustomerId], [EmailAddress], [FirstName], [LastName], [DateCreated], [DateModified]) VALUES (244, N'brmzv205@lstzvxje.cb-sjx.net', N'Roy', N'Foley', '2015-04-12 20:31:07.920', '2015-04-16 20:39:01.630')
INSERT INTO [dbo].[Customer] ([CustomerId], [EmailAddress], [FirstName], [LastName], [DateCreated], [DateModified]) VALUES (245, N'tzzho.dmadkktj@tgfrs.vjgxol.org', N'Ann', N'Donaldson', '2011-02-15 22:57:58.840', '2011-05-12 17:12:16.370')
INSERT INTO [dbo].[Customer] ([CustomerId], [EmailAddress], [FirstName], [LastName], [DateCreated], [DateModified]) VALUES (246, N'mfqhnk.akvj@tajttz.com', N'Jeremy', N'Chung', '2005-08-10 18:00:48.700', '2006-04-04 15:28:21.920')
INSERT INTO [dbo].[Customer] ([CustomerId], [EmailAddress], [FirstName], [LastName], [DateCreated], [DateModified]) VALUES (247, N'sabje.ttrfpqfu@vvwf.vjspqe.com', N'Wanda', N'Randall', '2013-11-10 14:01:45.870', '2015-01-10 21:44:30.330')
INSERT INTO [dbo].[Customer] ([CustomerId], [EmailAddress], [FirstName], [LastName], [DateCreated], [DateModified]) VALUES (248, N'shvv2@zpgredip.gzxycs.com', N'Lakesha', N'Osborne', '2003-04-12 17:44:20.910', '2004-01-27 15:29:38.060')
INSERT INTO [dbo].[Customer] ([CustomerId], [EmailAddress], [FirstName], [LastName], [DateCreated], [DateModified]) VALUES (249, N'erro299@vsddro.net', N'Oscar', N'Ballard', '2012-09-29 16:53:08.260', '2013-10-23 12:18:11.500')
INSERT INTO [dbo].[Customer] ([CustomerId], [EmailAddress], [FirstName], [LastName], [DateCreated], [DateModified]) VALUES (250, N'ydrgjac.xtdcjpl@rrmzsf.org', N'Melissa', N'Walton', '2015-07-03 07:30:30.610', '2015-10-25 20:10:37.970')
INSERT INTO [dbo].[Customer] ([CustomerId], [EmailAddress], [FirstName], [LastName], [DateCreated], [DateModified]) VALUES (251, N'tvcufj47@hofdsaf.rlcsoe.net', N'Mitchell', N'Cooke', '2007-10-02 02:01:00.330', '2008-08-09 08:20:00.880')
INSERT INTO [dbo].[Customer] ([CustomerId], [EmailAddress], [FirstName], [LastName], [DateCreated], [DateModified]) VALUES (252, N'uyklbvgg.rjwqw@decmig.net', N'Samuel', N'Byrd', '2008-10-10 01:26:54.530', '2009-05-21 10:11:49.350')
INSERT INTO [dbo].[Customer] ([CustomerId], [EmailAddress], [FirstName], [LastName], [DateCreated], [DateModified]) VALUES (253, N'kwhsjfan5@kliyhzivx.phtk-s.net', N'Derek', N'Bates', '2005-04-03 01:29:08.470', '2005-04-03 23:59:06.950')
INSERT INTO [dbo].[Customer] ([CustomerId], [EmailAddress], [FirstName], [LastName], [DateCreated], [DateModified]) VALUES (254, N'rskqyy.orwtaim@svnbhj.org', N'Ismael', N'Mcfarland', '2003-02-12 22:36:41.180', '2003-06-10 00:42:43.480')
INSERT INTO [dbo].[Customer] ([CustomerId], [EmailAddress], [FirstName], [LastName], [DateCreated], [DateModified]) VALUES (255, N'wskptz.fwqqtnj@kqyea.vvrgxc.com', N'Lawanda', N'Briggs', '2009-04-30 04:46:09.780', '2009-10-02 01:39:28.190')
INSERT INTO [dbo].[Customer] ([CustomerId], [EmailAddress], [FirstName], [LastName], [DateCreated], [DateModified]) VALUES (256, N'ifdcgcx.ciumvh@kchxsg.com', N'Daniel', N'Mills', '2013-03-27 13:21:59.780', '2013-06-25 13:12:14.130')
INSERT INTO [dbo].[Customer] ([CustomerId], [EmailAddress], [FirstName], [LastName], [DateCreated], [DateModified]) VALUES (257, N'lptc.iwmh@ldhwpy.vetzor.org', N'Jonathon', N'Raymond', '2016-10-20 02:33:56.260', '2018-02-27 06:11:49.600')
INSERT INTO [dbo].[Customer] ([CustomerId], [EmailAddress], [FirstName], [LastName], [DateCreated], [DateModified]) VALUES (258, N'zbmqxu@s-fzy-.com', N'Owen', N'Vazquez', '2003-05-22 04:04:35.190', '2004-05-16 20:05:49.730')
INSERT INTO [dbo].[Customer] ([CustomerId], [EmailAddress], [FirstName], [LastName], [DateCreated], [DateModified]) VALUES (259, N'juiv74@rpejqj.com', N'Omar', N'Leon', '2008-07-22 19:39:51.730', '2008-11-23 09:12:03.280')
INSERT INTO [dbo].[Customer] ([CustomerId], [EmailAddress], [FirstName], [LastName], [DateCreated], [DateModified]) VALUES (260, N'arnw77@pwgtks.org', N'Cara', N'Rangel', '2003-09-11 06:56:19.670', '2004-02-29 07:39:13.410')
INSERT INTO [dbo].[Customer] ([CustomerId], [EmailAddress], [FirstName], [LastName], [DateCreated], [DateModified]) VALUES (261, N'eeqewmh.xyijvqdawh@zbrkvv.ixdlai.org', N'Terrell', N'Ford', '2013-05-23 16:04:52.410', '2013-09-21 11:55:36.310')
INSERT INTO [dbo].[Customer] ([CustomerId], [EmailAddress], [FirstName], [LastName], [DateCreated], [DateModified]) VALUES (262, N'evvbpnfw.pufctol@dcyt-q.com', N'Tracy', N'Clayton', '2014-08-05 23:59:17.650', '2015-12-06 17:59:53.640')
INSERT INTO [dbo].[Customer] ([CustomerId], [EmailAddress], [FirstName], [LastName], [DateCreated], [DateModified]) VALUES (263, N'ftlgapm.bgxcuewvg@gepafsb.faujzg.net', N'Myron', N'Jenkins', '2005-12-05 20:38:56.670', '2006-04-29 17:58:38.900')
INSERT INTO [dbo].[Customer] ([CustomerId], [EmailAddress], [FirstName], [LastName], [DateCreated], [DateModified]) VALUES (264, N'jhoftdpn@zbyupe.org', N'Kendrick', N'Franco', '2007-03-10 10:12:37.300', '2008-07-11 20:22:02.590')
INSERT INTO [dbo].[Customer] ([CustomerId], [EmailAddress], [FirstName], [LastName], [DateCreated], [DateModified]) VALUES (265, N'dkbhnlsc@u-mnrv.net', N'Teresa', N'Adkins', '2004-06-30 20:48:59.290', '2005-07-29 18:59:44.050')
INSERT INTO [dbo].[Customer] ([CustomerId], [EmailAddress], [FirstName], [LastName], [DateCreated], [DateModified]) VALUES (266, N'pbvhdrce772@yfgqhk.com', N'Danielle', N'Gibbs', '2008-10-04 04:05:21.760', '2009-02-20 08:43:29.980')
INSERT INTO [dbo].[Customer] ([CustomerId], [EmailAddress], [FirstName], [LastName], [DateCreated], [DateModified]) VALUES (267, N'iatqypj@lbot.winzfb.org', N'Shari', N'Garrison', '2013-04-03 05:45:33.150', '2014-04-05 22:57:31.000')
INSERT INTO [dbo].[Customer] ([CustomerId], [EmailAddress], [FirstName], [LastName], [DateCreated], [DateModified]) VALUES (268, N'vanhke1@gjacot.net', N'Kelli', N'Galloway', '2013-12-05 07:58:26.870', '2014-08-05 04:22:25.370')
INSERT INTO [dbo].[Customer] ([CustomerId], [EmailAddress], [FirstName], [LastName], [DateCreated], [DateModified]) VALUES (269, N'himykmcu.mbgw@ybcsp.eihamu.net', N'Holly', N'Archer', '2012-04-12 03:03:09.190', '2012-08-21 07:00:30.880')
INSERT INTO [dbo].[Customer] ([CustomerId], [EmailAddress], [FirstName], [LastName], [DateCreated], [DateModified]) VALUES (270, N'zfjbxgj733@qsgkf.enqdjd.org', N'Terrell', N'Campbell', '2010-12-01 07:16:22.990', '2012-04-13 06:09:28.610')
INSERT INTO [dbo].[Customer] ([CustomerId], [EmailAddress], [FirstName], [LastName], [DateCreated], [DateModified]) VALUES (271, N'qizhzsxh.zylvxhkfq@pvcpo.kodrsc.org', N'Jessica', N'Kennedy', '2015-05-02 05:30:23.930', '2016-01-02 10:16:35.300')
INSERT INTO [dbo].[Customer] ([CustomerId], [EmailAddress], [FirstName], [LastName], [DateCreated], [DateModified]) VALUES (272, N'vuakty042@piuems.com', N'Monique', N'Hooper', '2008-09-01 16:11:36.430', '2009-10-11 12:01:44.030')
INSERT INTO [dbo].[Customer] ([CustomerId], [EmailAddress], [FirstName], [LastName], [DateCreated], [DateModified]) VALUES (273, N'mxslslsn.ufjbnjvxl@urhsrv.jlejuk.com', N'Quentin', N'Bruce', '2004-10-01 05:19:58.010', '2005-08-20 06:12:38.600')
INSERT INTO [dbo].[Customer] ([CustomerId], [EmailAddress], [FirstName], [LastName], [DateCreated], [DateModified]) VALUES (274, N'izam.nemqaow@phblrgk.aplcaa.com', N'Max', N'Olsen', '2014-03-19 11:13:28.830', '2015-07-08 18:38:38.900')
INSERT INTO [dbo].[Customer] ([CustomerId], [EmailAddress], [FirstName], [LastName], [DateCreated], [DateModified]) VALUES (275, N'xspbww.bhmvc@jzbpbs.net', N'Josh', N'Bowman', '2015-11-14 04:54:39.300', '2016-06-12 04:58:06.610')
INSERT INTO [dbo].[Customer] ([CustomerId], [EmailAddress], [FirstName], [LastName], [DateCreated], [DateModified]) VALUES (276, N'rxgzw41@cvgknsii.jtpqji.org', N'Rebekah', N'Bean', '2014-05-12 21:28:28.610', '2015-04-02 06:19:48.610')
INSERT INTO [dbo].[Customer] ([CustomerId], [EmailAddress], [FirstName], [LastName], [DateCreated], [DateModified]) VALUES (277, N'ylhryayd.cosv@xoldp.xukphy.org', N'Latonya', N'Montoya', '2013-09-01 11:26:37.580', '2014-11-13 07:25:12.120')
INSERT INTO [dbo].[Customer] ([CustomerId], [EmailAddress], [FirstName], [LastName], [DateCreated], [DateModified]) VALUES (278, N'pnbfn.ndvig@eurnjw.net', N'Guadalupe', N'Banks', '2005-10-31 01:27:47.240', '2005-12-16 15:18:06.560')
INSERT INTO [dbo].[Customer] ([CustomerId], [EmailAddress], [FirstName], [LastName], [DateCreated], [DateModified]) VALUES (279, N'xzpj.hiszvzh@lhryjk.com', N'Jill', N'Mc Donald', '2007-03-31 09:22:31.930', '2007-11-01 16:15:33.980')
INSERT INTO [dbo].[Customer] ([CustomerId], [EmailAddress], [FirstName], [LastName], [DateCreated], [DateModified]) VALUES (280, N'irbo.uolw@bqccgf.net', N'Elijah', N'Mora', '2011-05-23 08:35:17.030', '2011-11-11 11:31:05.660')
INSERT INTO [dbo].[Customer] ([CustomerId], [EmailAddress], [FirstName], [LastName], [DateCreated], [DateModified]) VALUES (281, N'ilyopiff.jkge@myqkx.jcmzjv.org', N'Jon', N'Cunningham', '2017-11-09 21:25:21.870', '2018-11-21 18:27:02.270')
INSERT INTO [dbo].[Customer] ([CustomerId], [EmailAddress], [FirstName], [LastName], [DateCreated], [DateModified]) VALUES (282, N'qepnmx.yisowmn@yjkqiok.wauapy.com', N'Bridgett', N'Dunn', '2010-03-07 02:49:27.170', '2011-03-21 07:04:07.340')
INSERT INTO [dbo].[Customer] ([CustomerId], [EmailAddress], [FirstName], [LastName], [DateCreated], [DateModified]) VALUES (283, N'dheutrjz.isipwqcqlm@hpegpv.net', N'Patrice', N'Landry', '2005-08-19 22:09:17.630', '2006-05-06 17:50:01.250')
INSERT INTO [dbo].[Customer] ([CustomerId], [EmailAddress], [FirstName], [LastName], [DateCreated], [DateModified]) VALUES (284, N'ikiosf5@lqigrwgee.zlxfez.com', N'Johanna', N'Spence', '2014-02-06 10:24:12.630', '2014-10-30 06:42:40.460')
INSERT INTO [dbo].[Customer] ([CustomerId], [EmailAddress], [FirstName], [LastName], [DateCreated], [DateModified]) VALUES (285, N'mbnbnr.uxrimbfl@ajnkjqum.xkhmfs.org', N'Ramon', N'Dennis', '2006-08-09 12:29:45.660', '2006-09-22 19:59:24.300')
INSERT INTO [dbo].[Customer] ([CustomerId], [EmailAddress], [FirstName], [LastName], [DateCreated], [DateModified]) VALUES (286, N'emjcrhhc8@hlxy.faarwg.org', N'Leonard', N'Atkins', '2007-10-06 05:22:44.780', '2007-10-09 02:46:05.310')
INSERT INTO [dbo].[Customer] ([CustomerId], [EmailAddress], [FirstName], [LastName], [DateCreated], [DateModified]) VALUES (287, N'aymklpl.yzejbfizdy@qzlohmy.mpbaig.com', N'Joanne', N'Meyers', '2011-01-27 13:45:45.180', '2011-10-20 18:26:46.190')
INSERT INTO [dbo].[Customer] ([CustomerId], [EmailAddress], [FirstName], [LastName], [DateCreated], [DateModified]) VALUES (288, N'ybgaz9@ewsrsi.org', N'Tyler', N'Herman', '2017-04-22 05:17:48.980', '2017-06-28 07:55:26.080')
INSERT INTO [dbo].[Customer] ([CustomerId], [EmailAddress], [FirstName], [LastName], [DateCreated], [DateModified]) VALUES (289, N'kzaw485@cauw.abrzlj.com', N'Kristin', N'Bolton', '2009-10-18 23:58:34.080', '2011-01-11 21:21:49.480')
INSERT INTO [dbo].[Customer] ([CustomerId], [EmailAddress], [FirstName], [LastName], [DateCreated], [DateModified]) VALUES (290, N'urhciu.amwjp@cnct.-rpj-a.com', N'Keisha', N'Olsen', '2005-09-09 05:46:23.240', '2006-10-30 12:28:38.450')
INSERT INTO [dbo].[Customer] ([CustomerId], [EmailAddress], [FirstName], [LastName], [DateCreated], [DateModified]) VALUES (291, N'qbjan.mwkntldbnx@zepljqhnc.wbgcfb.net', N'Debra', N'Boone', '2013-04-30 00:34:38.280', '2014-05-19 18:54:07.360')
INSERT INTO [dbo].[Customer] ([CustomerId], [EmailAddress], [FirstName], [LastName], [DateCreated], [DateModified]) VALUES (292, N'vwczkgdp.xpcmn@lap-je.org', N'Toni', N'Garza', '2011-04-15 18:48:58.350', '2012-06-22 20:13:04.440')
INSERT INTO [dbo].[Customer] ([CustomerId], [EmailAddress], [FirstName], [LastName], [DateCreated], [DateModified]) VALUES (293, N'lzhg.ackcpzati@qopmz.ohluai.org', N'Roberta', N'Bonilla', '2007-03-14 16:20:51.790', '2008-01-31 00:49:50.450')
INSERT INTO [dbo].[Customer] ([CustomerId], [EmailAddress], [FirstName], [LastName], [DateCreated], [DateModified]) VALUES (294, N'qczzhw58@jy-qrs.org', N'Cecil', N'Solis', '2010-10-03 12:53:51.960', '2011-06-21 11:36:57.380')
INSERT INTO [dbo].[Customer] ([CustomerId], [EmailAddress], [FirstName], [LastName], [DateCreated], [DateModified]) VALUES (295, N'trknlps.kzsiqywaub@gatyhzq.ubhaws.net', N'Meredith', N'Warren', '2006-10-11 23:13:48.860', '2007-03-25 22:01:58.830')
INSERT INTO [dbo].[Customer] ([CustomerId], [EmailAddress], [FirstName], [LastName], [DateCreated], [DateModified]) VALUES (296, N'mordk983@cqxrwt.com', N'Terence', N'Barnes', '2003-04-20 00:31:48.790', '2004-08-02 02:30:59.220')
INSERT INTO [dbo].[Customer] ([CustomerId], [EmailAddress], [FirstName], [LastName], [DateCreated], [DateModified]) VALUES (297, N'qoepc.hrqlxyeo@iazwvdx.pcdepe.org', N'Christina', N'Baldwin', '2014-06-17 12:40:12.160', '2014-08-28 01:50:11.840')
INSERT INTO [dbo].[Customer] ([CustomerId], [EmailAddress], [FirstName], [LastName], [DateCreated], [DateModified]) VALUES (298, N'jbyjcat.geyw@crio.ntukfj.com', N'Susan', N'Boyd', '2010-08-26 13:51:47.290', '2011-10-20 23:45:45.090')
INSERT INTO [dbo].[Customer] ([CustomerId], [EmailAddress], [FirstName], [LastName], [DateCreated], [DateModified]) VALUES (299, N'dcalir.pwghhzzpyz@ebnhqj.ofmcsn.org', N'Todd', N'Hart', '2013-10-12 23:42:08.630', '2014-01-31 01:39:18.590')
INSERT INTO [dbo].[Customer] ([CustomerId], [EmailAddress], [FirstName], [LastName], [DateCreated], [DateModified]) VALUES (300, N'ufsq84@glnuel.org', N'Melanie', N'Webster', '2005-05-14 18:52:37.080', '2006-08-04 08:28:47.400')
INSERT INTO [dbo].[Customer] ([CustomerId], [EmailAddress], [FirstName], [LastName], [DateCreated], [DateModified]) VALUES (301, N'xjcptvyy@ntbdf.fidbgo.com', N'Carl', N'Fuller', '2010-07-29 12:15:15.560', '2011-08-02 16:30:51.940')
INSERT INTO [dbo].[Customer] ([CustomerId], [EmailAddress], [FirstName], [LastName], [DateCreated], [DateModified]) VALUES (302, N'jxevabx.wtfmxr@akdnnkk.vexvua.com', N'Eva', N'Lin', '2018-02-25 06:03:19.000', '2018-08-27 17:22:05.950')
INSERT INTO [dbo].[Customer] ([CustomerId], [EmailAddress], [FirstName], [LastName], [DateCreated], [DateModified]) VALUES (303, N'nlbu@vceka.iryqge.com', N'Curtis', N'Pratt', '2009-03-21 14:41:11.720', '2009-08-27 08:29:08.180')
INSERT INTO [dbo].[Customer] ([CustomerId], [EmailAddress], [FirstName], [LastName], [DateCreated], [DateModified]) VALUES (304, N'wnuge.xvvg@mqlg.ihskf-.com', N'Rachael', N'Norman', '2004-10-30 09:36:45.260', '2005-11-24 06:08:43.880')
INSERT INTO [dbo].[Customer] ([CustomerId], [EmailAddress], [FirstName], [LastName], [DateCreated], [DateModified]) VALUES (305, N'wfwd.kwpnzzrf@gicszw.org', N'Elena', N'Valdez', '2003-03-04 02:00:06.670', '2004-03-07 09:54:03.660')
INSERT INTO [dbo].[Customer] ([CustomerId], [EmailAddress], [FirstName], [LastName], [DateCreated], [DateModified]) VALUES (306, N'kdwfyl@zu-ray.net', N'Dustin', N'Reed', '2017-04-20 09:49:23.910', '2018-06-01 20:18:17.870')
INSERT INTO [dbo].[Customer] ([CustomerId], [EmailAddress], [FirstName], [LastName], [DateCreated], [DateModified]) VALUES (307, N'wclhmdnu@yzcjtp.com', N'Larry', N'Odonnell', '2007-01-09 20:06:56.510', '2008-02-14 03:59:11.750')
INSERT INTO [dbo].[Customer] ([CustomerId], [EmailAddress], [FirstName], [LastName], [DateCreated], [DateModified]) VALUES (308, N'xdgfhkga.hfvxaz@qtsehjxvi.qqyklr.org', N'Pamela', N'Frost', '2009-04-05 14:15:39.640', '2009-04-30 05:20:29.050')
INSERT INTO [dbo].[Customer] ([CustomerId], [EmailAddress], [FirstName], [LastName], [DateCreated], [DateModified]) VALUES (309, N'vfzcw@q--zdi.com', N'Dan', N'Pacheco', '2005-06-20 17:42:01.880', '2006-07-31 19:44:37.880')
INSERT INTO [dbo].[Customer] ([CustomerId], [EmailAddress], [FirstName], [LastName], [DateCreated], [DateModified]) VALUES (310, N'tmtw.mbgjhrvt@hdvco.egttfu.org', N'Evan', N'Clay', '2013-03-09 07:17:41.170', '2014-02-02 19:19:40.580')
INSERT INTO [dbo].[Customer] ([CustomerId], [EmailAddress], [FirstName], [LastName], [DateCreated], [DateModified]) VALUES (311, N'mhhl.mwzynapcq@ywisam.com', N'Allen', N'Harrell', '2017-10-15 01:55:22.210', '2018-03-16 05:47:03.020')
INSERT INTO [dbo].[Customer] ([CustomerId], [EmailAddress], [FirstName], [LastName], [DateCreated], [DateModified]) VALUES (312, N'whmcdb.hxzkk@fjdxom.org', N'Wendy', N'Mckenzie', '2013-12-21 01:06:09.010', '2015-03-14 14:53:44.030')
INSERT INTO [dbo].[Customer] ([CustomerId], [EmailAddress], [FirstName], [LastName], [DateCreated], [DateModified]) VALUES (313, N'qxzixyhl.awyzu@vgheql.com', N'Daniel', N'Hudson', '2014-05-12 18:42:03.270', '2014-10-05 03:50:16.750')
INSERT INTO [dbo].[Customer] ([CustomerId], [EmailAddress], [FirstName], [LastName], [DateCreated], [DateModified]) VALUES (314, N'ychw.yqev@ttvamerjd.fph-sf.net', N'Tamiko', N'Meadows', '2015-05-22 11:04:34.710', '2016-08-15 21:40:58.640')
INSERT INTO [dbo].[Customer] ([CustomerId], [EmailAddress], [FirstName], [LastName], [DateCreated], [DateModified]) VALUES (315, N'zlpk.zoeu@teqsdcli.lu-uyv.net', N'Francisco', N'Calderon', '2004-01-21 09:30:57.800', '2004-11-10 13:12:12.150')
INSERT INTO [dbo].[Customer] ([CustomerId], [EmailAddress], [FirstName], [LastName], [DateCreated], [DateModified]) VALUES (316, N'pfssfv.iuyaxaw@gbaq.qupenq.com', N'Bryant', N'Holden', '2006-03-19 13:15:25.230', '2006-11-16 04:51:29.960')
INSERT INTO [dbo].[Customer] ([CustomerId], [EmailAddress], [FirstName], [LastName], [DateCreated], [DateModified]) VALUES (317, N'aahao.nnixduin@lysws.rysoxc.org', N'Casey', N'Bullock', '2011-12-18 01:50:00.010', '2012-08-02 00:09:53.380')
INSERT INTO [dbo].[Customer] ([CustomerId], [EmailAddress], [FirstName], [LastName], [DateCreated], [DateModified]) VALUES (318, N'batuytx94@blbhgh.com', N'Dion', N'Rose', '2010-01-18 10:14:44.040', '2011-02-01 11:15:59.450')
INSERT INTO [dbo].[Customer] ([CustomerId], [EmailAddress], [FirstName], [LastName], [DateCreated], [DateModified]) VALUES (319, N'swshgpbv.knbvdbn@xzpul-.org', N'Tracy', N'Pierce', '2003-08-01 21:42:51.630', '2004-10-20 00:22:39.270')
INSERT INTO [dbo].[Customer] ([CustomerId], [EmailAddress], [FirstName], [LastName], [DateCreated], [DateModified]) VALUES (320, N'mqgqup10@ewqil.drgi-u.net', N'Tammi', N'Huynh', '2014-12-15 15:26:14.520', '2016-01-10 16:13:39.740')
INSERT INTO [dbo].[Customer] ([CustomerId], [EmailAddress], [FirstName], [LastName], [DateCreated], [DateModified]) VALUES (321, N'nccbg052@oyvlza.org', N'Lori', N'Galloway', '2015-11-27 14:19:36.580', '2016-12-04 14:16:44.790')
INSERT INTO [dbo].[Customer] ([CustomerId], [EmailAddress], [FirstName], [LastName], [DateCreated], [DateModified]) VALUES (322, N'jbjh83@plzaccgct.mcfkpq.com', N'Tia', N'Mullen', '2014-03-03 00:27:44.170', '2014-12-28 15:02:05.920')
INSERT INTO [dbo].[Customer] ([CustomerId], [EmailAddress], [FirstName], [LastName], [DateCreated], [DateModified]) VALUES (323, N'wvjztuk@ulusmp.org', N'Herman', N'Benitez', '2007-02-17 07:59:52.790', '2007-12-07 07:00:36.900')
INSERT INTO [dbo].[Customer] ([CustomerId], [EmailAddress], [FirstName], [LastName], [DateCreated], [DateModified]) VALUES (324, N'owsf.xkfuyrsao@tqsepp.com', N'Lakisha', N'Cannon', '2009-08-03 21:16:45.950', '2010-03-06 18:31:53.440')
INSERT INTO [dbo].[Customer] ([CustomerId], [EmailAddress], [FirstName], [LastName], [DateCreated], [DateModified]) VALUES (325, N'izsslu.uwkdpmsv@rvdbtxhf.znqyfj.net', N'Lakeisha', N'Waters', '2015-10-23 06:41:44.720', '2016-02-14 11:15:22.250')
INSERT INTO [dbo].[Customer] ([CustomerId], [EmailAddress], [FirstName], [LastName], [DateCreated], [DateModified]) VALUES (326, N'heruad@kxgywvky.hhfuke.org', N'Angel', N'Compton', '2007-01-17 10:41:25.580', '2007-11-24 14:03:31.870')
INSERT INTO [dbo].[Customer] ([CustomerId], [EmailAddress], [FirstName], [LastName], [DateCreated], [DateModified]) VALUES (327, N'vcxe.xkrsk@ucosxh.com', N'Gena', N'Perez', '2004-06-20 23:50:44.640', '2004-09-11 11:11:54.570')
INSERT INTO [dbo].[Customer] ([CustomerId], [EmailAddress], [FirstName], [LastName], [DateCreated], [DateModified]) VALUES (328, N'qwohwkgc59@vharbj.fczgvn.org', N'Ashley', N'Foster', '2012-03-19 16:26:06.060', '2012-05-20 18:35:42.230')
INSERT INTO [dbo].[Customer] ([CustomerId], [EmailAddress], [FirstName], [LastName], [DateCreated], [DateModified]) VALUES (329, N'cnwou388@hglvrk.hgsfgc.com', N'Wallace', N'Mckinney', '2010-06-08 11:59:39.970', '2011-04-15 20:36:41.070')
INSERT INTO [dbo].[Customer] ([CustomerId], [EmailAddress], [FirstName], [LastName], [DateCreated], [DateModified]) VALUES (330, N'tpabwc76@joyduq.fzrcpk.org', N'Sonja', N'Moreno', '2015-07-28 04:22:50.510', '2016-03-25 02:27:08.400')
INSERT INTO [dbo].[Customer] ([CustomerId], [EmailAddress], [FirstName], [LastName], [DateCreated], [DateModified]) VALUES (331, N'jjhp75@vnowyr.org', N'Alice', N'Mc Guire', '2018-02-14 08:48:16.450', '2018-10-25 04:29:37.770')
INSERT INTO [dbo].[Customer] ([CustomerId], [EmailAddress], [FirstName], [LastName], [DateCreated], [DateModified]) VALUES (332, N'wxtjolq40@ppfcylc.epaegz.org', N'Gwendolyn', N'Espinoza', '2006-01-06 21:34:50.280', '2006-01-24 07:39:28.020')
INSERT INTO [dbo].[Customer] ([CustomerId], [EmailAddress], [FirstName], [LastName], [DateCreated], [DateModified]) VALUES (333, N'jazakojd.vyzbh@lfyjuagb.rgrdgl.com', N'Luke', N'Cruz', '2010-04-09 01:45:38.620', '2011-06-19 13:38:48.990')
INSERT INTO [dbo].[Customer] ([CustomerId], [EmailAddress], [FirstName], [LastName], [DateCreated], [DateModified]) VALUES (334, N'xlblzbg161@iqwvtetpz.yewblv.com', N'Gerardo', N'Lester', '2004-11-16 14:29:54.850', '2005-08-12 07:46:47.590')
INSERT INTO [dbo].[Customer] ([CustomerId], [EmailAddress], [FirstName], [LastName], [DateCreated], [DateModified]) VALUES (335, N'kqevjxl2@qxdmya.org', N'Spencer', N'Lara', '2003-10-25 20:20:01.460', '2004-08-23 19:00:14.720')
INSERT INTO [dbo].[Customer] ([CustomerId], [EmailAddress], [FirstName], [LastName], [DateCreated], [DateModified]) VALUES (336, N'skphmi@qgrgtkan.ziolkx.org', N'Jimmie', N'Randall', '2017-12-04 15:22:02.870', '2018-06-16 01:04:57.310')
INSERT INTO [dbo].[Customer] ([CustomerId], [EmailAddress], [FirstName], [LastName], [DateCreated], [DateModified]) VALUES (337, N'bajdknaq.wjblranrlf@tmkuicdye.iejtu-.org', N'Nicolas', N'Zamora', '2003-12-17 12:08:15.440', '2004-07-24 22:35:00.140')
INSERT INTO [dbo].[Customer] ([CustomerId], [EmailAddress], [FirstName], [LastName], [DateCreated], [DateModified]) VALUES (338, N'qpujd575@kxsygw.net', N'Marcella', N'Robbins', '2003-10-21 12:32:32.360', '2004-10-25 11:41:18.370')
INSERT INTO [dbo].[Customer] ([CustomerId], [EmailAddress], [FirstName], [LastName], [DateCreated], [DateModified]) VALUES (339, N'fxmbw808@ltoujkj.pujoyj.net', N'Ashley', N'Salas', '2013-12-06 08:24:05.950', '2015-01-06 20:48:37.790')
INSERT INTO [dbo].[Customer] ([CustomerId], [EmailAddress], [FirstName], [LastName], [DateCreated], [DateModified]) VALUES (340, N'nmnxhp.dsmrdj@imhsiy.com', N'Mike', N'Cohen', '2007-07-11 02:40:21.760', '2007-11-24 23:41:07.450')
INSERT INTO [dbo].[Customer] ([CustomerId], [EmailAddress], [FirstName], [LastName], [DateCreated], [DateModified]) VALUES (341, N'nmal.cmmp@kiewfw.qxqbef.com', N'Darrell', N'Rasmussen', '2003-09-27 09:15:48.260', '2004-01-07 22:46:54.550')
INSERT INTO [dbo].[Customer] ([CustomerId], [EmailAddress], [FirstName], [LastName], [DateCreated], [DateModified]) VALUES (342, N'mcgboxq@eep-en.org', N'Erich', N'Ellison', '2004-10-23 23:30:05.540', '2005-06-22 13:06:18.130')
INSERT INTO [dbo].[Customer] ([CustomerId], [EmailAddress], [FirstName], [LastName], [DateCreated], [DateModified]) VALUES (343, N'lahl29@iudyrq.com', N'Betty', N'Jacobs', '2014-11-02 11:35:47.090', '2015-04-12 12:10:49.200')
INSERT INTO [dbo].[Customer] ([CustomerId], [EmailAddress], [FirstName], [LastName], [DateCreated], [DateModified]) VALUES (344, N'ntqtyjg4@modh.edqtog.net', N'Casey', N'Becker', '2014-10-31 16:40:52.910', '2015-02-28 02:02:09.890')
INSERT INTO [dbo].[Customer] ([CustomerId], [EmailAddress], [FirstName], [LastName], [DateCreated], [DateModified]) VALUES (345, N'nmuxg.qyai@byfiv.vbjuqw.net', N'Maria', N'Stuart', '2006-02-14 03:51:01.030', '2006-11-05 06:41:36.420')
INSERT INTO [dbo].[Customer] ([CustomerId], [EmailAddress], [FirstName], [LastName], [DateCreated], [DateModified]) VALUES (346, N'mtmzmq84@xcgnovz.cfklsk.org', N'Betsy', N'Campbell', '2017-07-29 23:28:29.270', '2018-10-09 04:00:24.340')
INSERT INTO [dbo].[Customer] ([CustomerId], [EmailAddress], [FirstName], [LastName], [DateCreated], [DateModified]) VALUES (347, N'drdalb@wrpqasbky.vxfvxh.com', N'Marilyn', N'Thompson', '2015-02-23 00:06:55.090', '2015-12-08 16:22:48.690')
INSERT INTO [dbo].[Customer] ([CustomerId], [EmailAddress], [FirstName], [LastName], [DateCreated], [DateModified]) VALUES (348, N'hafammi29@i-mzhw.com', N'Jeffrey', N'Gardner', '2010-01-12 05:16:17.080', '2011-01-18 03:08:52.820')
INSERT INTO [dbo].[Customer] ([CustomerId], [EmailAddress], [FirstName], [LastName], [DateCreated], [DateModified]) VALUES (349, N'skimktfk162@vvdchu.com', N'Kari', N'Joyce', '2009-09-13 03:22:54.150', '2010-12-23 22:24:46.230')
INSERT INTO [dbo].[Customer] ([CustomerId], [EmailAddress], [FirstName], [LastName], [DateCreated], [DateModified]) VALUES (350, N'lbdm.wqmwb@xnbsbu.org', N'Gustavo', N'George', '2003-07-26 09:58:23.620', '2004-09-21 17:10:29.860')
INSERT INTO [dbo].[Customer] ([CustomerId], [EmailAddress], [FirstName], [LastName], [DateCreated], [DateModified]) VALUES (351, N'wejuordd.kipwlghjr@rvfzwyh.jfzhqp.net', N'Mario', N'Barber', '2009-07-22 22:41:48.780', '2010-03-22 02:21:06.840')
INSERT INTO [dbo].[Customer] ([CustomerId], [EmailAddress], [FirstName], [LastName], [DateCreated], [DateModified]) VALUES (352, N'ricsm.qgbac@scqrej.org', N'Darren', N'Castro', '2007-05-31 02:25:28.120', '2007-12-09 14:34:13.390')
INSERT INTO [dbo].[Customer] ([CustomerId], [EmailAddress], [FirstName], [LastName], [DateCreated], [DateModified]) VALUES (353, N'stwbi.ayhomqap@ybotux.org', N'Becky', N'Chaney', '2010-01-25 16:08:55.650', '2011-05-15 23:23:06.810')
INSERT INTO [dbo].[Customer] ([CustomerId], [EmailAddress], [FirstName], [LastName], [DateCreated], [DateModified]) VALUES (354, N'znwrzkm.qiwl@gfdtn.urnysf.org', N'Louis', N'Burgess', '2017-01-17 08:15:54.110', '2017-08-24 09:25:39.850')
INSERT INTO [dbo].[Customer] ([CustomerId], [EmailAddress], [FirstName], [LastName], [DateCreated], [DateModified]) VALUES (355, N'bxvrvj3@avsjfv.com', N'Malcolm', N'Glover', '2007-09-07 04:33:00.500', '2007-11-19 18:12:03.610')
INSERT INTO [dbo].[Customer] ([CustomerId], [EmailAddress], [FirstName], [LastName], [DateCreated], [DateModified]) VALUES (356, N'hinreq.vhtgefbvs@p-jsxd.net', N'Blanca', N'Moss', '2014-08-17 11:47:31.390', '2014-10-25 01:28:47.010')
INSERT INTO [dbo].[Customer] ([CustomerId], [EmailAddress], [FirstName], [LastName], [DateCreated], [DateModified]) VALUES (357, N'nbhice.gnfq@dpgp.swuxrs.com', N'Garrett', N'Ware', '2014-01-08 22:03:26.210', '2015-02-03 10:21:30.060')
INSERT INTO [dbo].[Customer] ([CustomerId], [EmailAddress], [FirstName], [LastName], [DateCreated], [DateModified]) VALUES (358, N'nxpq.ejdnzrbm@inwes.vlhlcp.net', N'Alfred', N'Cooper', '2017-11-06 17:24:25.780', '2019-01-24 13:57:15.760')
INSERT INTO [dbo].[Customer] ([CustomerId], [EmailAddress], [FirstName], [LastName], [DateCreated], [DateModified]) VALUES (359, N'qpkhdcrx.vozbgxqf@odvmeq.org', N'Priscilla', N'Miller', '2007-03-30 02:55:00.550', '2007-12-30 18:53:22.630')
INSERT INTO [dbo].[Customer] ([CustomerId], [EmailAddress], [FirstName], [LastName], [DateCreated], [DateModified]) VALUES (360, N'hbepqzxk@dkuoidxuf.vxysol.net', N'Alissa', N'Ramsey', '2014-05-06 15:18:41.100', '2014-07-03 19:50:32.790')
INSERT INTO [dbo].[Customer] ([CustomerId], [EmailAddress], [FirstName], [LastName], [DateCreated], [DateModified]) VALUES (361, N'bman.dgxadw@wnvdig.org', N'Matthew', N'Scott', '2015-10-31 09:58:39.260', '2016-09-20 09:06:24.280')
INSERT INTO [dbo].[Customer] ([CustomerId], [EmailAddress], [FirstName], [LastName], [DateCreated], [DateModified]) VALUES (362, N'thyxfgqx63@bquckb.org', N'Lauren', N'Wiggins', '2013-01-11 03:40:50.460', '2013-12-15 09:23:30.530')
INSERT INTO [dbo].[Customer] ([CustomerId], [EmailAddress], [FirstName], [LastName], [DateCreated], [DateModified]) VALUES (363, N'qisz84@szttosl.pzprfi.org', N'Latisha', N'Campos', '2017-01-17 02:15:59.680', '2017-08-18 08:43:49.000')
INSERT INTO [dbo].[Customer] ([CustomerId], [EmailAddress], [FirstName], [LastName], [DateCreated], [DateModified]) VALUES (364, N'lfkfwcvw.egffaz@psciccsn.fhybjw.org', N'Jordan', N'Haynes', '2008-02-13 13:19:11.380', '2008-07-27 17:17:30.480')
INSERT INTO [dbo].[Customer] ([CustomerId], [EmailAddress], [FirstName], [LastName], [DateCreated], [DateModified]) VALUES (365, N'sawp.xbxnerkzp@tkyccinjq.nsnuje.org', N'Ernest', N'Hoffman', '2013-04-13 22:29:24.720', '2013-06-30 14:50:03.810')
INSERT INTO [dbo].[Customer] ([CustomerId], [EmailAddress], [FirstName], [LastName], [DateCreated], [DateModified]) VALUES (366, N'znpzofg5@grqaql.org', N'Daryl', N'Holland', '2014-10-09 04:20:31.920', '2015-02-20 22:07:35.980')
INSERT INTO [dbo].[Customer] ([CustomerId], [EmailAddress], [FirstName], [LastName], [DateCreated], [DateModified]) VALUES (367, N'prif.ijjtum@quluvs.ytznnh.net', N'Jeannie', N'Harrington', '2006-09-13 23:20:30.390', '2006-09-26 01:14:56.030')
INSERT INTO [dbo].[Customer] ([CustomerId], [EmailAddress], [FirstName], [LastName], [DateCreated], [DateModified]) VALUES (368, N'nexdjshe@xuusjy.com', N'Roman', N'Lloyd', '2012-06-26 04:12:08.410', '2013-07-07 20:03:30.160')
INSERT INTO [dbo].[Customer] ([CustomerId], [EmailAddress], [FirstName], [LastName], [DateCreated], [DateModified]) VALUES (369, N'wpwqjbqx4@hwpxiuy.pbuvwx.org', N'Luke', N'Wheeler', '2014-07-28 14:44:33.240', '2014-12-24 02:40:44.910')
INSERT INTO [dbo].[Customer] ([CustomerId], [EmailAddress], [FirstName], [LastName], [DateCreated], [DateModified]) VALUES (370, N'gdps.yhguhcjvr@jqyfva.org', N'Heidi', N'Haney', '2004-05-07 18:08:54.940', '2004-08-16 12:07:15.840')
INSERT INTO [dbo].[Customer] ([CustomerId], [EmailAddress], [FirstName], [LastName], [DateCreated], [DateModified]) VALUES (371, N'tgmbu590@oraygq.com', N'Rafael', N'Garrett', '2005-04-03 01:07:09.790', '2005-04-24 06:16:30.810')
INSERT INTO [dbo].[Customer] ([CustomerId], [EmailAddress], [FirstName], [LastName], [DateCreated], [DateModified]) VALUES (372, N'wyulhd27@maazlfmhd.ksbqdr.com', N'Ginger', N'Dawson', '2011-02-27 13:17:27.650', '2012-02-20 12:28:36.010')
INSERT INTO [dbo].[Customer] ([CustomerId], [EmailAddress], [FirstName], [LastName], [DateCreated], [DateModified]) VALUES (373, N'yenp.mbura@fqljnq.org', N'Max', N'Velasquez', '2014-05-04 01:50:38.090', '2015-08-29 14:27:22.660')
INSERT INTO [dbo].[Customer] ([CustomerId], [EmailAddress], [FirstName], [LastName], [DateCreated], [DateModified]) VALUES (374, N'befjhn69@fugnwd.org', N'Evelyn', N'Mullen', '2014-04-12 19:02:29.880', '2015-02-15 00:41:32.820')
INSERT INTO [dbo].[Customer] ([CustomerId], [EmailAddress], [FirstName], [LastName], [DateCreated], [DateModified]) VALUES (375, N'kkvhhh626@mwaigoh.sdsfca.com', N'Jeremiah', N'Schmitt', '2014-03-21 06:10:26.250', '2015-01-03 17:26:46.180')
INSERT INTO [dbo].[Customer] ([CustomerId], [EmailAddress], [FirstName], [LastName], [DateCreated], [DateModified]) VALUES (376, N'xnjlocq@iyrjitftx.fppybq.org', N'Clifford', N'Castro', '2014-02-03 14:49:31.040', '2014-06-15 01:10:27.650')
INSERT INTO [dbo].[Customer] ([CustomerId], [EmailAddress], [FirstName], [LastName], [DateCreated], [DateModified]) VALUES (377, N'bdftsssg.jfrj@ymbvjm.hncrxt.com', N'Ross', N'Parrish', '2017-07-20 12:51:57.090', '2017-12-07 02:51:17.720')
INSERT INTO [dbo].[Customer] ([CustomerId], [EmailAddress], [FirstName], [LastName], [DateCreated], [DateModified]) VALUES (378, N'lkgxyu.yqbdhjsow@zppksofwg.aumbkx.net', N'Nikki', N'Savage', '2010-07-08 15:18:59.890', '2010-12-29 04:58:28.020')
INSERT INTO [dbo].[Customer] ([CustomerId], [EmailAddress], [FirstName], [LastName], [DateCreated], [DateModified]) VALUES (379, N'mftjhc36@pulsmx.net', N'Reginald', N'Guerra', '2006-06-20 17:25:44.910', '2007-09-14 11:50:18.010')
INSERT INTO [dbo].[Customer] ([CustomerId], [EmailAddress], [FirstName], [LastName], [DateCreated], [DateModified]) VALUES (380, N'njty9@awkxbj.org', N'Andy', N'Brady', '2016-06-14 07:13:15.450', '2016-12-09 07:14:58.920')
INSERT INTO [dbo].[Customer] ([CustomerId], [EmailAddress], [FirstName], [LastName], [DateCreated], [DateModified]) VALUES (381, N'qhmfkfp.zgiupmbv@lv-qei.net', N'Demetrius', N'Levy', '2010-02-13 10:34:30.490', '2010-03-07 21:40:44.180')
INSERT INTO [dbo].[Customer] ([CustomerId], [EmailAddress], [FirstName], [LastName], [DateCreated], [DateModified]) VALUES (382, N'toymlfl.juddea@rmulji.org', N'Jeremiah', N'Lynn', '2012-08-28 18:34:27.560', '2013-03-28 08:03:02.760')
INSERT INTO [dbo].[Customer] ([CustomerId], [EmailAddress], [FirstName], [LastName], [DateCreated], [DateModified]) VALUES (383, N'gulprhwr.jmmvd@wsbuz.ubznwy.net', N'Brent', N'Freeman', '2005-07-07 13:03:11.910', '2005-10-10 20:10:57.000')
INSERT INTO [dbo].[Customer] ([CustomerId], [EmailAddress], [FirstName], [LastName], [DateCreated], [DateModified]) VALUES (384, N'ewhekzh.xmgirlewil@qakgmq.com', N'Rachael', N'Owens', '2009-11-14 02:01:16.340', '2010-12-07 03:26:12.200')
INSERT INTO [dbo].[Customer] ([CustomerId], [EmailAddress], [FirstName], [LastName], [DateCreated], [DateModified]) VALUES (385, N'uzsbm1@ikyqch.net', N'Guy', N'Cantu', '2009-01-05 05:41:01.720', '2010-05-19 00:06:02.560')
INSERT INTO [dbo].[Customer] ([CustomerId], [EmailAddress], [FirstName], [LastName], [DateCreated], [DateModified]) VALUES (386, N'dqur.dvnvxwx@ghytf.mu-eoa.org', N'Marsha', N'Douglas', '2013-09-17 06:22:48.330', '2013-11-16 13:55:25.370')
INSERT INTO [dbo].[Customer] ([CustomerId], [EmailAddress], [FirstName], [LastName], [DateCreated], [DateModified]) VALUES (387, N'axconn.cley@vguw-q.net', N'Jami', N'Cross', '2014-03-03 05:25:54.640', '2014-04-14 08:16:22.230')
INSERT INTO [dbo].[Customer] ([CustomerId], [EmailAddress], [FirstName], [LastName], [DateCreated], [DateModified]) VALUES (388, N'fondqvu@hnxuh.vxidmo.org', N'Vicky', N'Mercado', '2011-06-11 17:29:44.520', '2012-01-15 04:13:10.140')
INSERT INTO [dbo].[Customer] ([CustomerId], [EmailAddress], [FirstName], [LastName], [DateCreated], [DateModified]) VALUES (389, N'vzslsar.snbkxb@mtdjdy.mmetid.net', N'Chrystal', N'Salazar', '2015-06-01 09:56:54.360', '2015-12-13 13:34:44.990')
INSERT INTO [dbo].[Customer] ([CustomerId], [EmailAddress], [FirstName], [LastName], [DateCreated], [DateModified]) VALUES (390, N'gxuv241@eggy.vem-vc.net', N'Clinton', N'Alexander', '2007-05-30 08:32:30.080', '2008-01-19 17:31:28.710')
INSERT INTO [dbo].[Customer] ([CustomerId], [EmailAddress], [FirstName], [LastName], [DateCreated], [DateModified]) VALUES (391, N'bgyfv.maouncf@gizzht.fngxcq.com', N'Susana', N'Bonilla', '2006-11-26 17:18:36.660', '2007-09-25 14:43:28.260')
INSERT INTO [dbo].[Customer] ([CustomerId], [EmailAddress], [FirstName], [LastName], [DateCreated], [DateModified]) VALUES (392, N'cbcuucap@sllvqcwu.dwkh-r.net', N'Kimberley', N'Roy', '2004-04-30 18:43:49.660', '2005-02-01 08:37:45.390')
INSERT INTO [dbo].[Customer] ([CustomerId], [EmailAddress], [FirstName], [LastName], [DateCreated], [DateModified]) VALUES (393, N'akvjls425@uexon.blg-uw.com', N'Edith', N'Reeves', '2014-10-13 09:37:31.810', '2015-01-15 16:47:56.730')
INSERT INTO [dbo].[Customer] ([CustomerId], [EmailAddress], [FirstName], [LastName], [DateCreated], [DateModified]) VALUES (394, N'erlu01@vhtauf.iouirm.net', N'Terrell', N'Bowman', '2017-10-21 17:05:24.850', '2018-09-25 00:58:06.000')
INSERT INTO [dbo].[Customer] ([CustomerId], [EmailAddress], [FirstName], [LastName], [DateCreated], [DateModified]) VALUES (395, N'wqbtkb@izmcxr.com', N'Ruth', N'Pena', '2009-11-29 16:41:42.510', '2010-10-07 14:34:44.190')
INSERT INTO [dbo].[Customer] ([CustomerId], [EmailAddress], [FirstName], [LastName], [DateCreated], [DateModified]) VALUES (396, N'itgbb.flhvpmeshn@kznhl-.net', N'Sandy', N'Dean', '2008-12-05 05:34:57.810', '2009-08-26 13:23:25.040')
INSERT INTO [dbo].[Customer] ([CustomerId], [EmailAddress], [FirstName], [LastName], [DateCreated], [DateModified]) VALUES (397, N'gifrct.agvojsfpf@udgepe.com', N'Jana', N'Horton', '2005-12-26 21:14:05.860', '2006-01-24 04:22:30.130')
INSERT INTO [dbo].[Customer] ([CustomerId], [EmailAddress], [FirstName], [LastName], [DateCreated], [DateModified]) VALUES (398, N'tvkuaifv.psvoarbsd@uyclwy.org', N'Alvin', N'Levy', '2009-09-19 22:16:35.700', '2011-01-28 18:53:19.710')
INSERT INTO [dbo].[Customer] ([CustomerId], [EmailAddress], [FirstName], [LastName], [DateCreated], [DateModified]) VALUES (399, N'dpml.jpmvfdwij@hfcodx.org', N'Lydia', N'Bryant', '2004-07-19 18:11:28.180', '2004-08-30 11:12:07.060')
INSERT INTO [dbo].[Customer] ([CustomerId], [EmailAddress], [FirstName], [LastName], [DateCreated], [DateModified]) VALUES (400, N'mzxhiejx.qdghj@owymwl.com', N'Cornelius', N'Wyatt', '2009-07-27 23:30:29.120', '2009-12-04 08:34:01.450')
INSERT INTO [dbo].[Customer] ([CustomerId], [EmailAddress], [FirstName], [LastName], [DateCreated], [DateModified]) VALUES (401, N'eosekz.lcfmidqv@ptlabwmmp.cmpnht.org', N'Suzanne', N'Anthony', '2013-11-16 00:07:58.880', '2015-01-14 02:45:29.310')
INSERT INTO [dbo].[Customer] ([CustomerId], [EmailAddress], [FirstName], [LastName], [DateCreated], [DateModified]) VALUES (402, N'rtmtx.eeftk@hwvvcenws.jrhymr.org', N'Judy', N'Velasquez', '2005-08-29 19:54:46.680', '2006-10-15 20:19:19.530')
INSERT INTO [dbo].[Customer] ([CustomerId], [EmailAddress], [FirstName], [LastName], [DateCreated], [DateModified]) VALUES (403, N'aaemnw.ewrgs@aftrn.ybuaoj.org', N'Raymond', N'Huerta', '2013-09-05 14:31:43.850', '2014-04-16 00:28:08.920')
INSERT INTO [dbo].[Customer] ([CustomerId], [EmailAddress], [FirstName], [LastName], [DateCreated], [DateModified]) VALUES (404, N'xrnbek@zzizqd.com', N'Curtis', N'Frey', '2008-05-08 09:13:59.200', '2009-05-09 10:17:31.370')
INSERT INTO [dbo].[Customer] ([CustomerId], [EmailAddress], [FirstName], [LastName], [DateCreated], [DateModified]) VALUES (405, N'fyhstzqx@zmqihfe.nuobjl.net', N'Darius', N'Riddle', '2016-07-13 08:51:13.830', '2017-08-19 10:54:00.050')
INSERT INTO [dbo].[Customer] ([CustomerId], [EmailAddress], [FirstName], [LastName], [DateCreated], [DateModified]) VALUES (406, N'izmqqk11@kghgnk.com', N'Lucas', N'Lee', '2016-08-14 09:24:21.140', '2017-09-02 13:52:31.840')
INSERT INTO [dbo].[Customer] ([CustomerId], [EmailAddress], [FirstName], [LastName], [DateCreated], [DateModified]) VALUES (407, N'jarlaf.jeihhdp@tuohjed.quglho.net', N'Derrick', N'Henson', '2011-04-18 00:34:50.030', '2011-11-14 00:06:51.740')
INSERT INTO [dbo].[Customer] ([CustomerId], [EmailAddress], [FirstName], [LastName], [DateCreated], [DateModified]) VALUES (408, N'eehhapku.zvqf@guvqu.zvodjk.com', N'Veronica', N'Ramos', '2014-01-03 21:06:25.780', '2014-06-19 22:41:34.990')
INSERT INTO [dbo].[Customer] ([CustomerId], [EmailAddress], [FirstName], [LastName], [DateCreated], [DateModified]) VALUES (409, N'bpjf@ldjuo.fhpkmp.org', N'Eddie', N'Stokes', '2005-10-30 02:05:27.860', '2007-01-03 15:58:54.680')
INSERT INTO [dbo].[Customer] ([CustomerId], [EmailAddress], [FirstName], [LastName], [DateCreated], [DateModified]) VALUES (410, N'tihzem.fzktv@lcijkis.-qnpgo.net', N'Shelley', N'Schneider', '2011-10-23 13:43:29.460', '2013-01-07 17:01:36.960')
INSERT INTO [dbo].[Customer] ([CustomerId], [EmailAddress], [FirstName], [LastName], [DateCreated], [DateModified]) VALUES (411, N'ttow@vcpxj.upwwdh.org', N'Lynn', N'Gillespie', '2015-04-18 22:55:34.310', '2016-06-20 22:37:30.300')
INSERT INTO [dbo].[Customer] ([CustomerId], [EmailAddress], [FirstName], [LastName], [DateCreated], [DateModified]) VALUES (412, N'uebbhip.hgbrahm@ynoisu.qvysjk.com', N'Miranda', N'Robinson', '2006-07-04 06:44:26.320', '2007-02-06 05:23:03.040')
INSERT INTO [dbo].[Customer] ([CustomerId], [EmailAddress], [FirstName], [LastName], [DateCreated], [DateModified]) VALUES (413, N'nyjvz.ezriq@uijmp.prmlfd.com', N'Chanda', N'Morton', '2014-05-19 23:58:40.870', '2015-09-25 02:06:58.760')
INSERT INTO [dbo].[Customer] ([CustomerId], [EmailAddress], [FirstName], [LastName], [DateCreated], [DateModified]) VALUES (414, N'rdbwph963@ioqjdo.net', N'Vicky', N'Jefferson', '2009-01-03 19:41:45.110', '2009-04-11 11:38:24.720')
INSERT INTO [dbo].[Customer] ([CustomerId], [EmailAddress], [FirstName], [LastName], [DateCreated], [DateModified]) VALUES (415, N'qjyvhdwl.vyinvq@aosjscpgh.vabpsk.org', N'Darin', N'Bauer', '2007-03-24 04:44:10.600', '2007-04-28 22:09:49.590')
INSERT INTO [dbo].[Customer] ([CustomerId], [EmailAddress], [FirstName], [LastName], [DateCreated], [DateModified]) VALUES (416, N'caieh.cobuvtbxco@gqvfawt.vmfexl.org', N'Timothy', N'Peters', '2006-03-04 15:24:11.700', '2006-06-26 01:03:22.510')
INSERT INTO [dbo].[Customer] ([CustomerId], [EmailAddress], [FirstName], [LastName], [DateCreated], [DateModified]) VALUES (417, N'lswhcj.omljuez@cudgvih.zdphvw.com', N'Vivian', N'Brock', '2010-07-07 14:37:38.550', '2011-03-07 13:12:34.520')
INSERT INTO [dbo].[Customer] ([CustomerId], [EmailAddress], [FirstName], [LastName], [DateCreated], [DateModified]) VALUES (418, N'nlkrc@qmkjvr.com', N'Brent', N'Stanley', '2010-03-06 00:14:43.330', '2011-01-25 05:17:37.790')
INSERT INTO [dbo].[Customer] ([CustomerId], [EmailAddress], [FirstName], [LastName], [DateCreated], [DateModified]) VALUES (419, N'wvrygqko.ebftqbsgsp@vxdyevwd.mbcy-r.net', N'Harvey', N'Poole', '2017-04-29 07:38:09.670', '2017-10-12 17:11:28.940')
INSERT INTO [dbo].[Customer] ([CustomerId], [EmailAddress], [FirstName], [LastName], [DateCreated], [DateModified]) VALUES (420, N'uzchdsy@royxup.net', N'Jeannette', N'Compton', '2017-10-16 16:06:36.400', '2017-11-03 00:54:39.440')
INSERT INTO [dbo].[Customer] ([CustomerId], [EmailAddress], [FirstName], [LastName], [DateCreated], [DateModified]) VALUES (421, N'uhmps.rybu@zyxpgz.net', N'Monte', N'Ponce', '2003-08-08 22:54:37.280', '2003-11-09 13:51:14.750')
INSERT INTO [dbo].[Customer] ([CustomerId], [EmailAddress], [FirstName], [LastName], [DateCreated], [DateModified]) VALUES (422, N'fwgxmlpo30@-hkjqe.org', N'Salvador', N'Galvan', '2013-06-24 05:50:45.870', '2014-04-14 21:01:46.900')
INSERT INTO [dbo].[Customer] ([CustomerId], [EmailAddress], [FirstName], [LastName], [DateCreated], [DateModified]) VALUES (423, N'bdhasqbh.ipolfr@jdtskolz.pewhld.org', N'Kelley', N'Hanson', '2015-04-16 18:15:14.060', '2015-10-15 06:28:46.180')
INSERT INTO [dbo].[Customer] ([CustomerId], [EmailAddress], [FirstName], [LastName], [DateCreated], [DateModified]) VALUES (424, N'dqms.xussiko@ekwxg.stnsqk.org', N'Ronda', N'Wallace', '2010-03-01 06:12:03.160', '2011-04-19 09:09:17.200')
INSERT INTO [dbo].[Customer] ([CustomerId], [EmailAddress], [FirstName], [LastName], [DateCreated], [DateModified]) VALUES (425, N'ivkjq753@xsvcoj.com', N'Max', N'Kelly', '2015-09-01 00:50:18.290', '2016-06-24 21:23:48.600')
INSERT INTO [dbo].[Customer] ([CustomerId], [EmailAddress], [FirstName], [LastName], [DateCreated], [DateModified]) VALUES (426, N'rxphym@haucjw.net', N'Adriana', N'Dillon', '2003-12-04 06:23:20.120', '2004-08-04 21:38:46.420')
INSERT INTO [dbo].[Customer] ([CustomerId], [EmailAddress], [FirstName], [LastName], [DateCreated], [DateModified]) VALUES (427, N'yaslxlhk941@rzkf.kdrdun.org', N'Pablo', N'Duarte', '2014-08-06 03:39:55.840', '2015-04-26 19:40:40.270')
INSERT INTO [dbo].[Customer] ([CustomerId], [EmailAddress], [FirstName], [LastName], [DateCreated], [DateModified]) VALUES (428, N'buhyfo72@aobkynvbc.c-qtqu.com', N'Jonathon', N'Burton', '2014-10-02 08:45:13.250', '2015-02-23 13:29:17.660')
INSERT INTO [dbo].[Customer] ([CustomerId], [EmailAddress], [FirstName], [LastName], [DateCreated], [DateModified]) VALUES (429, N'qjjsjq.epum@jacwbg.org', N'Lewis', N'Richard', '2007-05-15 02:20:47.370', '2008-09-22 10:06:49.640')
INSERT INTO [dbo].[Customer] ([CustomerId], [EmailAddress], [FirstName], [LastName], [DateCreated], [DateModified]) VALUES (430, N'rblxqhh@fpquhe.com', N'Keith', N'Sawyer', '2008-04-16 00:35:28.430', '2008-05-10 04:03:22.120')
INSERT INTO [dbo].[Customer] ([CustomerId], [EmailAddress], [FirstName], [LastName], [DateCreated], [DateModified]) VALUES (431, N'zjggq65@ragirh.org', N'Annette', N'Blanchard', '2011-02-08 17:35:25.170', '2011-05-22 20:47:58.500')
INSERT INTO [dbo].[Customer] ([CustomerId], [EmailAddress], [FirstName], [LastName], [DateCreated], [DateModified]) VALUES (432, N'akrsrc1@vqqofy.com', N'Ricardo', N'Sloan', '2010-10-31 14:35:21.380', '2011-03-24 07:57:59.010')
INSERT INTO [dbo].[Customer] ([CustomerId], [EmailAddress], [FirstName], [LastName], [DateCreated], [DateModified]) VALUES (433, N'vrgr.dabzg@atkghp.com', N'Lorena', N'Cervantes', '2008-12-19 21:07:31.700', '2009-04-30 17:46:21.940')
INSERT INTO [dbo].[Customer] ([CustomerId], [EmailAddress], [FirstName], [LastName], [DateCreated], [DateModified]) VALUES (434, N'hpgwhuca425@ttyxn.grwuuu.net', N'Eugene', N'Rollins', '2015-02-12 17:55:15.790', '2015-12-31 03:16:17.550')
INSERT INTO [dbo].[Customer] ([CustomerId], [EmailAddress], [FirstName], [LastName], [DateCreated], [DateModified]) VALUES (435, N'hyiwqnc@azpyvrzpa.nis-a-.net', N'Julia', N'Potts', '2005-07-30 07:05:16.560', '2006-04-10 04:29:30.600')
INSERT INTO [dbo].[Customer] ([CustomerId], [EmailAddress], [FirstName], [LastName], [DateCreated], [DateModified]) VALUES (436, N'bnafueb89@ynwmcr.net', N'Ricky', N'Robbins', '2007-06-17 14:39:43.810', '2007-10-06 01:21:25.660')
INSERT INTO [dbo].[Customer] ([CustomerId], [EmailAddress], [FirstName], [LastName], [DateCreated], [DateModified]) VALUES (437, N'dvexotpp.mfqtxa@kwsgcr.com', N'Kim', N'Sheppard', '2017-03-14 04:02:43.720', '2018-07-16 07:34:54.860')
INSERT INTO [dbo].[Customer] ([CustomerId], [EmailAddress], [FirstName], [LastName], [DateCreated], [DateModified]) VALUES (438, N'pvwn.diysvifl@ogklcf.wrxgwh.net', N'Shad', N'Rose', '2015-05-21 03:49:12.710', '2016-01-05 09:53:26.630')
INSERT INTO [dbo].[Customer] ([CustomerId], [EmailAddress], [FirstName], [LastName], [DateCreated], [DateModified]) VALUES (439, N'mnqdt.rdbiufem@jeswgx.net', N'Dorothy', N'Wagner', '2011-07-23 17:10:02.510', '2012-11-20 16:32:13.160')
INSERT INTO [dbo].[Customer] ([CustomerId], [EmailAddress], [FirstName], [LastName], [DateCreated], [DateModified]) VALUES (440, N'gzwzch037@sugogj.net', N'Gerald', N'Buckley', '2010-08-12 20:16:40.590', '2010-12-05 10:13:31.730')
INSERT INTO [dbo].[Customer] ([CustomerId], [EmailAddress], [FirstName], [LastName], [DateCreated], [DateModified]) VALUES (441, N'jreyhm826@mtkrat.org', N'Howard', N'Callahan', '2005-06-02 05:47:58.300', '2006-05-18 13:48:34.630')
INSERT INTO [dbo].[Customer] ([CustomerId], [EmailAddress], [FirstName], [LastName], [DateCreated], [DateModified]) VALUES (442, N'fwskq.lhancaw@buvyz.bduof-.net', N'Forrest', N'May', '2003-02-28 08:19:28.860', '2004-03-09 09:34:48.240')
INSERT INTO [dbo].[Customer] ([CustomerId], [EmailAddress], [FirstName], [LastName], [DateCreated], [DateModified]) VALUES (443, N'fqls@qvqrnf.rsqltp.org', N'Christy', N'Boyd', '2008-08-12 15:24:16.650', '2009-05-26 12:14:16.460')
INSERT INTO [dbo].[Customer] ([CustomerId], [EmailAddress], [FirstName], [LastName], [DateCreated], [DateModified]) VALUES (444, N'jtbt.blkqku@hsmend.org', N'Glenda', N'Mooney', '2006-08-09 20:13:24.890', '2007-04-19 20:33:09.020')
INSERT INTO [dbo].[Customer] ([CustomerId], [EmailAddress], [FirstName], [LastName], [DateCreated], [DateModified]) VALUES (445, N'hrxacwp.hzrbycbxwp@bdlgakyz.abyalj.net', N'Jane', N'Fletcher', '2010-05-02 09:36:55.770', '2011-03-03 18:53:59.410')
INSERT INTO [dbo].[Customer] ([CustomerId], [EmailAddress], [FirstName], [LastName], [DateCreated], [DateModified]) VALUES (446, N'nfvvnd.pjplhroqb@mublrp.fxr-ms.org', N'Angie', N'Richmond', '2003-05-26 10:34:10.340', '2003-08-20 09:20:26.210')
INSERT INTO [dbo].[Customer] ([CustomerId], [EmailAddress], [FirstName], [LastName], [DateCreated], [DateModified]) VALUES (447, N'ijojnz.lbinfjnizf@sltefy.net', N'Nathaniel', N'Ramos', '2008-03-02 18:45:08.800', '2008-12-11 06:30:47.650')
INSERT INTO [dbo].[Customer] ([CustomerId], [EmailAddress], [FirstName], [LastName], [DateCreated], [DateModified]) VALUES (448, N'npwx@bssovuqk.bivji-.org', N'Alfred', N'Livingston', '2008-10-09 13:55:46.690', '2010-02-18 05:09:33.010')
INSERT INTO [dbo].[Customer] ([CustomerId], [EmailAddress], [FirstName], [LastName], [DateCreated], [DateModified]) VALUES (449, N'vswq507@flhi.hggmgn.net', N'Lewis', N'Conrad', '2013-07-31 12:21:14.240', '2014-05-30 02:48:17.390')
INSERT INTO [dbo].[Customer] ([CustomerId], [EmailAddress], [FirstName], [LastName], [DateCreated], [DateModified]) VALUES (450, N'jwep1@-kelos.com', N'Katherine', N'Ortiz', '2006-09-28 01:17:30.800', '2007-04-14 13:31:22.660')
INSERT INTO [dbo].[Customer] ([CustomerId], [EmailAddress], [FirstName], [LastName], [DateCreated], [DateModified]) VALUES (451, N'mchuexua.csvphubgmz@ehgqkw.org', N'Shelly', N'Rangel', '2016-08-19 14:57:19.270', '2016-09-10 00:10:51.530')
INSERT INTO [dbo].[Customer] ([CustomerId], [EmailAddress], [FirstName], [LastName], [DateCreated], [DateModified]) VALUES (452, N'totivl.ezjpgmbwsk@khgoelx.mnlyve.org', N'Joy', N'Mitchell', '2014-01-11 20:59:22.540', '2014-08-02 23:04:53.360')
INSERT INTO [dbo].[Customer] ([CustomerId], [EmailAddress], [FirstName], [LastName], [DateCreated], [DateModified]) VALUES (453, N'zmtvda6@sglya.tekhdd.com', N'Eric', N'Graves', '2010-08-12 14:38:26.040', '2011-07-08 01:41:51.780')
INSERT INTO [dbo].[Customer] ([CustomerId], [EmailAddress], [FirstName], [LastName], [DateCreated], [DateModified]) VALUES (454, N'rnqnkt582@giesyu.com', N'Ted', N'Carpenter', '2004-12-23 02:04:51.790', '2005-01-16 10:17:28.630')
INSERT INTO [dbo].[Customer] ([CustomerId], [EmailAddress], [FirstName], [LastName], [DateCreated], [DateModified]) VALUES (455, N'scplgcaw@hmnlafp.ntnrjj.com', N'Joyce', N'Valenzuela', '2008-12-20 00:35:51.840', '2009-01-25 18:42:47.700')
INSERT INTO [dbo].[Customer] ([CustomerId], [EmailAddress], [FirstName], [LastName], [DateCreated], [DateModified]) VALUES (456, N'fpfj.zlbberai@yhavwtrtf.rynxaw.com', N'Sammy', N'Mahoney', '2003-05-25 18:17:13.010', '2003-10-02 05:43:43.410')
INSERT INTO [dbo].[Customer] ([CustomerId], [EmailAddress], [FirstName], [LastName], [DateCreated], [DateModified]) VALUES (457, N'qqpxqymb@sfmm.biqzlx.com', N'Claude', N'Newman', '2008-08-04 01:39:32.620', '2009-03-22 13:50:34.340')
INSERT INTO [dbo].[Customer] ([CustomerId], [EmailAddress], [FirstName], [LastName], [DateCreated], [DateModified]) VALUES (458, N'vraxdaia.qmaqci@tsffll.org', N'Sherrie', N'Lynn', '2006-07-08 08:19:40.690', '2007-05-12 15:18:52.720')
INSERT INTO [dbo].[Customer] ([CustomerId], [EmailAddress], [FirstName], [LastName], [DateCreated], [DateModified]) VALUES (459, N'znzedtcs.lehysxvmw@lfhecd.net', N'Claire', N'Cordova', '2010-11-27 08:23:40.920', '2011-02-03 12:53:43.780')
INSERT INTO [dbo].[Customer] ([CustomerId], [EmailAddress], [FirstName], [LastName], [DateCreated], [DateModified]) VALUES (460, N'pfpw.varowkhvvw@u-ijzo.org', N'Casey', N'Haynes', '2015-08-11 02:27:53.710', '2016-01-15 13:15:14.630')
INSERT INTO [dbo].[Customer] ([CustomerId], [EmailAddress], [FirstName], [LastName], [DateCreated], [DateModified]) VALUES (461, N'ngrzao@whixwxdyz.jpkkoa.com', N'Billy', N'Clark', '2005-01-09 05:44:25.290', '2005-05-09 18:11:52.550')
INSERT INTO [dbo].[Customer] ([CustomerId], [EmailAddress], [FirstName], [LastName], [DateCreated], [DateModified]) VALUES (462, N'pfgau5@nibnq.-hswcl.org', N'Wayne', N'Walton', '2014-10-05 15:49:36.790', '2014-12-10 10:37:35.090')
INSERT INTO [dbo].[Customer] ([CustomerId], [EmailAddress], [FirstName], [LastName], [DateCreated], [DateModified]) VALUES (463, N'plbxvgly1@wnvk.nlkrnw.net', N'Elias', N'Weiss', '2009-08-22 18:45:38.400', '2010-02-09 12:34:46.350')
INSERT INTO [dbo].[Customer] ([CustomerId], [EmailAddress], [FirstName], [LastName], [DateCreated], [DateModified]) VALUES (464, N'kfimq@ilqtcgp.mhpxdv.net', N'Tera', N'Rosario', '2015-10-05 01:29:59.430', '2016-11-14 11:55:33.560')
INSERT INTO [dbo].[Customer] ([CustomerId], [EmailAddress], [FirstName], [LastName], [DateCreated], [DateModified]) VALUES (465, N'vxuqxx@fpsy.aqldjt.com', N'Cynthia', N'Goodwin', '2003-09-14 20:08:04.280', '2004-08-18 20:13:39.440')
INSERT INTO [dbo].[Customer] ([CustomerId], [EmailAddress], [FirstName], [LastName], [DateCreated], [DateModified]) VALUES (466, N'fvoaok.klzugdpml@qfbzk.hngrqm.net', N'Alison', N'Moore', '2007-06-19 08:20:12.930', '2008-03-30 14:39:32.290')
INSERT INTO [dbo].[Customer] ([CustomerId], [EmailAddress], [FirstName], [LastName], [DateCreated], [DateModified]) VALUES (467, N'lpujxpn7@dtybz.cayfdw.org', N'Tamika', N'Drake', '2015-10-04 09:36:54.620', '2015-12-28 11:36:42.100')
INSERT INTO [dbo].[Customer] ([CustomerId], [EmailAddress], [FirstName], [LastName], [DateCreated], [DateModified]) VALUES (468, N'gwmoty8@cnqegq.org', N'Duane', N'Flowers', '2017-06-26 06:03:25.080', '2017-12-14 22:50:42.200')
INSERT INTO [dbo].[Customer] ([CustomerId], [EmailAddress], [FirstName], [LastName], [DateCreated], [DateModified]) VALUES (469, N'rlopf.krif@fljq.-afloy.com', N'Salvatore', N'Weeks', '2006-06-07 12:36:28.550', '2007-05-17 07:08:55.120')
INSERT INTO [dbo].[Customer] ([CustomerId], [EmailAddress], [FirstName], [LastName], [DateCreated], [DateModified]) VALUES (470, N'vfmwrpx07@vwnpgqcx.cgokpe.com', N'Eva', N'Gibson', '2017-12-26 14:04:26.800', '2019-02-24 20:48:24.950')
INSERT INTO [dbo].[Customer] ([CustomerId], [EmailAddress], [FirstName], [LastName], [DateCreated], [DateModified]) VALUES (471, N'wpfzwsyv.ovskrj@eswihg.com', N'Jody', N'Caldwell', '2007-03-12 11:21:27.980', '2007-07-14 17:28:28.660')
INSERT INTO [dbo].[Customer] ([CustomerId], [EmailAddress], [FirstName], [LastName], [DateCreated], [DateModified]) VALUES (472, N'cegg.nhecbh@pto-oa.org', N'Beth', N'Benson', '2013-05-08 10:48:25.850', '2013-05-22 03:19:08.890')
INSERT INTO [dbo].[Customer] ([CustomerId], [EmailAddress], [FirstName], [LastName], [DateCreated], [DateModified]) VALUES (473, N'qfvla.nhzpyqto@vhlgoi.eacctg.net', N'Julius', N'Freeman', '2016-11-02 07:04:40.820', '2017-10-07 12:45:25.630')
INSERT INTO [dbo].[Customer] ([CustomerId], [EmailAddress], [FirstName], [LastName], [DateCreated], [DateModified]) VALUES (474, N'skoakor.qucs@vfekstu.bxofys.org', N'Janice', N'Pennington', '2009-09-17 11:21:29.080', '2009-11-08 06:57:58.210')
INSERT INTO [dbo].[Customer] ([CustomerId], [EmailAddress], [FirstName], [LastName], [DateCreated], [DateModified]) VALUES (475, N'aghgg0@plptgofog.pwzoyy.com', N'Jared', N'Guerrero', '2015-05-17 10:18:38.090', '2015-10-31 11:06:05.800')
INSERT INTO [dbo].[Customer] ([CustomerId], [EmailAddress], [FirstName], [LastName], [DateCreated], [DateModified]) VALUES (476, N'viszuxuv@rdiodi.hrz-jl.org', N'Adrienne', N'Boyer', '2003-06-11 14:35:08.410', '2004-01-15 04:16:27.500')
INSERT INTO [dbo].[Customer] ([CustomerId], [EmailAddress], [FirstName], [LastName], [DateCreated], [DateModified]) VALUES (477, N'ehshhtkf.qrszkdk@fmnllq.clvgin.com', N'Leonard', N'Shields', '2007-11-12 14:26:29.210', '2007-11-20 08:47:31.420')
INSERT INTO [dbo].[Customer] ([CustomerId], [EmailAddress], [FirstName], [LastName], [DateCreated], [DateModified]) VALUES (478, N'posmz.xodnqdig@avbpqv.org', N'Myron', N'Valdez', '2011-09-07 22:01:49.160', '2012-11-09 09:55:38.160')
INSERT INTO [dbo].[Customer] ([CustomerId], [EmailAddress], [FirstName], [LastName], [DateCreated], [DateModified]) VALUES (479, N'dpykm193@yitxoy.org', N'Candice', N'Mccall', '2018-01-18 20:35:07.390', '2018-05-07 14:15:18.790')
INSERT INTO [dbo].[Customer] ([CustomerId], [EmailAddress], [FirstName], [LastName], [DateCreated], [DateModified]) VALUES (480, N'zave.hskeys@vhjn.-kkeyj.com', N'Tyson', N'Tran', '2015-04-08 14:16:07.950', '2015-11-06 12:03:23.390')
INSERT INTO [dbo].[Customer] ([CustomerId], [EmailAddress], [FirstName], [LastName], [DateCreated], [DateModified]) VALUES (481, N'sbebs.rdutkvvk@kc-bnl.com', N'Tonia', N'Cervantes', '2013-12-22 11:38:11.330', '2015-03-28 15:07:59.780')
INSERT INTO [dbo].[Customer] ([CustomerId], [EmailAddress], [FirstName], [LastName], [DateCreated], [DateModified]) VALUES (482, N'xhnouwuo.qfdgebe@obff-q.com', N'Franklin', N'Guzman', '2008-10-27 13:44:09.150', '2009-07-21 14:31:08.270')
INSERT INTO [dbo].[Customer] ([CustomerId], [EmailAddress], [FirstName], [LastName], [DateCreated], [DateModified]) VALUES (483, N'gkpepp.gwdiy@wftope.net', N'Allison', N'Buchanan', '2004-03-03 20:23:59.000', '2005-02-08 10:41:01.260')
INSERT INTO [dbo].[Customer] ([CustomerId], [EmailAddress], [FirstName], [LastName], [DateCreated], [DateModified]) VALUES (484, N'xwzz.bnxijn@kapelye.iopfjz.org', N'Janette', N'Flynn', '2003-08-18 01:03:16.560', '2004-06-10 20:35:27.970')
INSERT INTO [dbo].[Customer] ([CustomerId], [EmailAddress], [FirstName], [LastName], [DateCreated], [DateModified]) VALUES (485, N'wiimriqq132@msmvtz.t-twnj.com', N'Mike', N'Novak', '2009-11-16 09:38:09.170', '2009-11-19 03:52:31.600')
INSERT INTO [dbo].[Customer] ([CustomerId], [EmailAddress], [FirstName], [LastName], [DateCreated], [DateModified]) VALUES (486, N'hbhwl670@dhtu.hzcnxc.com', N'Miranda', N'Pugh', '2015-04-18 20:36:02.640', '2016-05-22 21:43:06.160')
INSERT INTO [dbo].[Customer] ([CustomerId], [EmailAddress], [FirstName], [LastName], [DateCreated], [DateModified]) VALUES (487, N'kohsvufg@jpogautjz.lfy-ek.org', N'Melody', N'Newton', '2003-03-21 23:56:55.330', '2004-01-30 06:16:08.220')
INSERT INTO [dbo].[Customer] ([CustomerId], [EmailAddress], [FirstName], [LastName], [DateCreated], [DateModified]) VALUES (488, N'jyutamxz.esvlqsms@ndjd.ccasuo.net', N'Preston', N'Leonard', '2006-12-28 19:02:39.910', '2007-04-15 07:28:54.300')
INSERT INTO [dbo].[Customer] ([CustomerId], [EmailAddress], [FirstName], [LastName], [DateCreated], [DateModified]) VALUES (489, N'emeippbj@hmapgnnz.pfoqrx.com', N'Courtney', N'Bishop', '2009-02-23 17:19:23.950', '2009-12-05 08:33:30.850')
INSERT INTO [dbo].[Customer] ([CustomerId], [EmailAddress], [FirstName], [LastName], [DateCreated], [DateModified]) VALUES (490, N'gcsj.ymkxdj@fxyvqb.com', N'Janette', N'Baker', '2005-03-07 12:48:03.550', '2005-07-09 22:45:48.190')
INSERT INTO [dbo].[Customer] ([CustomerId], [EmailAddress], [FirstName], [LastName], [DateCreated], [DateModified]) VALUES (491, N'hbvqog.xrsnvu@oubcwp.com', N'Melvin', N'Powell', '2017-02-01 13:00:11.190', '2018-02-16 11:30:52.320')
INSERT INTO [dbo].[Customer] ([CustomerId], [EmailAddress], [FirstName], [LastName], [DateCreated], [DateModified]) VALUES (492, N'wdaqr.gjturobdr@zlqzqk.org', N'Alisa', N'Ramirez', '2013-09-06 19:43:03.030', '2014-03-06 16:16:03.130')
INSERT INTO [dbo].[Customer] ([CustomerId], [EmailAddress], [FirstName], [LastName], [DateCreated], [DateModified]) VALUES (493, N'gvajprrf.gzzbkmdb@gmrkfc.com', N'Marilyn', N'Little', '2007-06-24 19:25:31.780', '2007-12-02 20:59:43.840')
INSERT INTO [dbo].[Customer] ([CustomerId], [EmailAddress], [FirstName], [LastName], [DateCreated], [DateModified]) VALUES (494, N'zwmo6@addziitk.tx-dwp.com', N'Iris', N'Ayers', '2014-03-03 14:42:08.810', '2015-01-26 03:16:59.540')
INSERT INTO [dbo].[Customer] ([CustomerId], [EmailAddress], [FirstName], [LastName], [DateCreated], [DateModified]) VALUES (495, N'wtdpcmat@mklzeb.net', N'Krystal', N'Sexton', '2008-08-03 14:32:15.290', '2009-12-10 16:01:40.170')
INSERT INTO [dbo].[Customer] ([CustomerId], [EmailAddress], [FirstName], [LastName], [DateCreated], [DateModified]) VALUES (496, N'cyey.ktxuaxcj@grxrcf.org', N'Cassie', N'Duncan', '2008-11-16 13:58:21.520', '2009-08-28 03:11:00.550')
INSERT INTO [dbo].[Customer] ([CustomerId], [EmailAddress], [FirstName], [LastName], [DateCreated], [DateModified]) VALUES (497, N'vskhlb.spayo@tbhvkw.octprn.org', N'Chris', N'Durham', '2011-09-27 13:33:50.460', '2012-04-18 21:00:02.890')
INSERT INTO [dbo].[Customer] ([CustomerId], [EmailAddress], [FirstName], [LastName], [DateCreated], [DateModified]) VALUES (498, N'svutchz88@njshcceq.ksovdg.com', N'Gilberto', N'Contreras', '2011-01-28 13:54:17.230', '2012-02-13 00:18:43.920')
INSERT INTO [dbo].[Customer] ([CustomerId], [EmailAddress], [FirstName], [LastName], [DateCreated], [DateModified]) VALUES (499, N'jkom.dvcitzzzo@asahol.org', N'Latisha', N'Rivas', '2005-11-26 00:05:20.600', '2007-01-14 00:19:30.570')
INSERT INTO [dbo].[Customer] ([CustomerId], [EmailAddress], [FirstName], [LastName], [DateCreated], [DateModified]) VALUES (500, N'wlcegd.lnlssqf@-tkqwk.org', N'Jamie', N'Terry', '2005-11-14 01:16:42.840', '2005-12-04 04:14:28.110')
INSERT INTO [dbo].[Customer] ([CustomerId], [EmailAddress], [FirstName], [LastName], [DateCreated], [DateModified]) VALUES (501, N'bcom.yoxat@vebko.cxbknm.net', N'Alfredo', N'Ramsey', '2005-11-11 00:57:15.720', '2005-11-11 21:43:45.100')
INSERT INTO [dbo].[Customer] ([CustomerId], [EmailAddress], [FirstName], [LastName], [DateCreated], [DateModified]) VALUES (502, N'soyazz010@mcvqlm.net', N'Ernest', N'Greer', '2008-11-26 12:41:43.720', '2009-03-18 07:40:06.450')
INSERT INTO [dbo].[Customer] ([CustomerId], [EmailAddress], [FirstName], [LastName], [DateCreated], [DateModified]) VALUES (503, N'pjghzaby.yrfgzyztcm@whrspu.org', N'Donald', N'Johnson', '2005-05-05 01:19:18.130', '2005-10-04 22:00:38.880')
INSERT INTO [dbo].[Customer] ([CustomerId], [EmailAddress], [FirstName], [LastName], [DateCreated], [DateModified]) VALUES (504, N'backd7@dgjd.engcwq.net', N'Julian', N'Andrade', '2013-10-24 22:16:47.450', '2014-11-06 05:59:53.460')
INSERT INTO [dbo].[Customer] ([CustomerId], [EmailAddress], [FirstName], [LastName], [DateCreated], [DateModified]) VALUES (505, N'hokmyq26@youcug.org', N'Terry', N'Cantu', '2017-10-07 13:56:02.820', '2017-12-20 20:02:54.990')
INSERT INTO [dbo].[Customer] ([CustomerId], [EmailAddress], [FirstName], [LastName], [DateCreated], [DateModified]) VALUES (506, N'djjvt13@bhovvr.net', N'Joann', N'Mullins', '2006-04-14 04:08:53.420', '2006-04-21 20:51:43.630')
INSERT INTO [dbo].[Customer] ([CustomerId], [EmailAddress], [FirstName], [LastName], [DateCreated], [DateModified]) VALUES (507, N'cuowo167@pjahxfp.udaaqh.net', N'Sarah', N'Waller', '2015-05-31 13:54:41.720', '2016-05-29 10:19:28.730')
INSERT INTO [dbo].[Customer] ([CustomerId], [EmailAddress], [FirstName], [LastName], [DateCreated], [DateModified]) VALUES (508, N'jtyld.ypmukozvl@uthhxqcy.ysmefp.com', N'Jeanine', N'Houston', '2003-11-26 03:16:56.960', '2004-08-29 18:43:54.570')
INSERT INTO [dbo].[Customer] ([CustomerId], [EmailAddress], [FirstName], [LastName], [DateCreated], [DateModified]) VALUES (509, N'wusf064@euhpwiob.bwhhdp.org', N'Randal', N'Cantrell', '2007-10-28 15:46:13.700', '2008-10-19 23:11:23.830')
INSERT INTO [dbo].[Customer] ([CustomerId], [EmailAddress], [FirstName], [LastName], [DateCreated], [DateModified]) VALUES (510, N'chnubez.csogpmf@cqcqxs.com', N'Jamison', N'Sanders', '2008-07-11 10:00:43.420', '2009-05-26 14:26:21.190')
INSERT INTO [dbo].[Customer] ([CustomerId], [EmailAddress], [FirstName], [LastName], [DateCreated], [DateModified]) VALUES (511, N'szlkakxv.xldqiyjgvn@kdllmqc.jvfwlz.org', N'Sabrina', N'Rice', '2013-10-02 03:50:43.800', '2014-01-31 20:56:12.980')
INSERT INTO [dbo].[Customer] ([CustomerId], [EmailAddress], [FirstName], [LastName], [DateCreated], [DateModified]) VALUES (512, N'biqkbiil.iehqxbb@iypyhs.taefdh.net', N'Kelli', N'Shea', '2015-02-16 03:37:43.470', '2015-12-15 03:54:57.200')
INSERT INTO [dbo].[Customer] ([CustomerId], [EmailAddress], [FirstName], [LastName], [DateCreated], [DateModified]) VALUES (513, N'enwrlbu.zixft@vejwdk.com', N'Jerry', N'Myers', '2006-09-08 11:44:33.300', '2007-03-27 01:03:34.930')
INSERT INTO [dbo].[Customer] ([CustomerId], [EmailAddress], [FirstName], [LastName], [DateCreated], [DateModified]) VALUES (514, N'rypgfji.alkejvn@uxzux-.org', N'Terrance', N'Leach', '2013-11-09 18:07:32.980', '2014-11-01 00:50:21.410')
INSERT INTO [dbo].[Customer] ([CustomerId], [EmailAddress], [FirstName], [LastName], [DateCreated], [DateModified]) VALUES (515, N'lzywctdm45@rhldgn.net', N'Amanda', N'Harding', '2004-08-19 14:49:42.370', '2005-03-03 22:07:15.840')
INSERT INTO [dbo].[Customer] ([CustomerId], [EmailAddress], [FirstName], [LastName], [DateCreated], [DateModified]) VALUES (516, N'jwifqm@cfyjbp.sgrjia.net', N'Leo', N'Mahoney', '2014-06-03 16:00:16.150', '2015-05-23 03:40:45.290')
INSERT INTO [dbo].[Customer] ([CustomerId], [EmailAddress], [FirstName], [LastName], [DateCreated], [DateModified]) VALUES (517, N'jgqisspa.bnxcrd@xlomihw.ogha-u.com', N'Guy', N'Bird', '2013-08-03 19:25:37.780', '2014-03-15 23:56:34.820')
INSERT INTO [dbo].[Customer] ([CustomerId], [EmailAddress], [FirstName], [LastName], [DateCreated], [DateModified]) VALUES (518, N'gftnjwne.zbapq@ydmpxy.com', N'Guillermo', N'Roberts', '2009-01-05 17:42:21.840', '2010-01-13 15:59:19.380')
INSERT INTO [dbo].[Customer] ([CustomerId], [EmailAddress], [FirstName], [LastName], [DateCreated], [DateModified]) VALUES (519, N'ldisyo884@bbykoo.vfzqsv.org', N'Whitney', N'Fritz', '2008-11-18 15:51:50.260', '2009-12-27 08:03:02.960')
INSERT INTO [dbo].[Customer] ([CustomerId], [EmailAddress], [FirstName], [LastName], [DateCreated], [DateModified]) VALUES (520, N'vljhj@k-etwd.net', N'Christy', N'Phelps', '2006-08-17 23:32:01.650', '2007-10-30 22:30:34.300')
INSERT INTO [dbo].[Customer] ([CustomerId], [EmailAddress], [FirstName], [LastName], [DateCreated], [DateModified]) VALUES (521, N'fqxcofjj2@zcmpil.d-ndit.net', N'Darcy', N'Dalton', '2007-03-31 08:23:17.590', '2008-07-14 08:23:25.060')
INSERT INTO [dbo].[Customer] ([CustomerId], [EmailAddress], [FirstName], [LastName], [DateCreated], [DateModified]) VALUES (522, N'jnybgm.fohgaxhkr@kysdnt.org', N'Jack', N'Hart', '2011-10-07 14:34:14.700', '2013-01-27 04:07:48.790')
INSERT INTO [dbo].[Customer] ([CustomerId], [EmailAddress], [FirstName], [LastName], [DateCreated], [DateModified]) VALUES (523, N'ectsvfvz.eyemxh@emgsdmvfn.qjjhzl.com', N'Charity', N'Cohen', '2011-05-03 12:44:01.120', '2012-05-24 14:17:12.340')
INSERT INTO [dbo].[Customer] ([CustomerId], [EmailAddress], [FirstName], [LastName], [DateCreated], [DateModified]) VALUES (524, N'lvlaexts.izbldm@ulygxp.net', N'Jackie', N'Solomon', '2004-04-01 23:48:25.000', '2004-11-07 08:23:07.920')
INSERT INTO [dbo].[Customer] ([CustomerId], [EmailAddress], [FirstName], [LastName], [DateCreated], [DateModified]) VALUES (525, N'iehvysd.epehi@yfwonf.org', N'Vicki', N'Walker', '2003-11-25 01:04:15.600', '2004-01-09 09:17:33.610')
INSERT INTO [dbo].[Customer] ([CustomerId], [EmailAddress], [FirstName], [LastName], [DateCreated], [DateModified]) VALUES (526, N'tfrw983@okrqpw.org', N'Lillian', N'Chen', '2011-09-24 15:38:24.960', '2012-12-11 01:12:26.550')
INSERT INTO [dbo].[Customer] ([CustomerId], [EmailAddress], [FirstName], [LastName], [DateCreated], [DateModified]) VALUES (527, N'yxjmlm.qsdscxjb@fpqfsw.com', N'Yvonne', N'Bell', '2008-11-14 15:22:54.060', '2009-11-02 06:19:26.050')
INSERT INTO [dbo].[Customer] ([CustomerId], [EmailAddress], [FirstName], [LastName], [DateCreated], [DateModified]) VALUES (528, N'kzfpg.qiaktfkqv@efmrbqypq.ysdmbs.org', N'Enrique', N'Vazquez', '2005-09-01 16:22:32.010', '2005-09-12 09:28:27.090')
INSERT INTO [dbo].[Customer] ([CustomerId], [EmailAddress], [FirstName], [LastName], [DateCreated], [DateModified]) VALUES (529, N'camlmm.ryvwzuyp@gtxprr.org', N'Evelyn', N'Allen', '2004-02-14 20:49:13.780', '2004-04-12 14:56:19.030')
INSERT INTO [dbo].[Customer] ([CustomerId], [EmailAddress], [FirstName], [LastName], [DateCreated], [DateModified]) VALUES (530, N'rpwwrn726@zasyzt.net', N'Micheal', N'Ross', '2009-06-30 20:20:16.570', '2010-07-18 07:55:06.260')
INSERT INTO [dbo].[Customer] ([CustomerId], [EmailAddress], [FirstName], [LastName], [DateCreated], [DateModified]) VALUES (531, N'euovx65@jwuzm.ghnxaq.net', N'Kristina', N'Maynard', '2009-12-04 01:01:17.960', '2009-12-17 07:16:25.620')
INSERT INTO [dbo].[Customer] ([CustomerId], [EmailAddress], [FirstName], [LastName], [DateCreated], [DateModified]) VALUES (532, N'lhrf.xixnvi@bzkfy.jweafd.net', N'Hannah', N'Parks', '2015-01-04 00:32:11.990', '2015-05-11 08:28:48.520')
INSERT INTO [dbo].[Customer] ([CustomerId], [EmailAddress], [FirstName], [LastName], [DateCreated], [DateModified]) VALUES (533, N'fucdqx648@-zgddt.com', N'Dwayne', N'Browning', '2008-10-12 21:56:28.560', '2008-10-27 09:36:08.580')
INSERT INTO [dbo].[Customer] ([CustomerId], [EmailAddress], [FirstName], [LastName], [DateCreated], [DateModified]) VALUES (534, N'omwsanp9@lcdlrrcjw.zig-ix.net', N'Randall', N'Chang', '2015-03-07 19:18:24.540', '2015-06-04 10:00:51.660')
INSERT INTO [dbo].[Customer] ([CustomerId], [EmailAddress], [FirstName], [LastName], [DateCreated], [DateModified]) VALUES (535, N'ckfe.gkqkvcalk@yvwmlq.org', N'Efrain', N'Shepard', '2012-05-28 13:18:52.220', '2012-12-25 14:19:39.270')
INSERT INTO [dbo].[Customer] ([CustomerId], [EmailAddress], [FirstName], [LastName], [DateCreated], [DateModified]) VALUES (536, N'ennlaes8@hlweh.smuiny.com', N'Shelly', N'Mooney', '2008-01-26 22:56:27.610', '2009-01-10 07:27:54.330')
INSERT INTO [dbo].[Customer] ([CustomerId], [EmailAddress], [FirstName], [LastName], [DateCreated], [DateModified]) VALUES (537, N'lbakpt@szqfd.gohvcm.net', N'Matthew', N'Greene', '2006-06-25 12:24:51.010', '2006-10-17 16:30:30.380')
INSERT INTO [dbo].[Customer] ([CustomerId], [EmailAddress], [FirstName], [LastName], [DateCreated], [DateModified]) VALUES (538, N'fkyqp.otkt@hgitmy.org', N'Brady', N'Pineda', '2008-07-29 22:07:11.550', '2009-11-06 04:41:08.810')
INSERT INTO [dbo].[Customer] ([CustomerId], [EmailAddress], [FirstName], [LastName], [DateCreated], [DateModified]) VALUES (539, N'hlnjxb.vlybjf@lerud.ellszg.net', N'Tonia', N'Kline', '2004-01-30 11:07:13.740', '2004-09-10 00:32:33.980')
INSERT INTO [dbo].[Customer] ([CustomerId], [EmailAddress], [FirstName], [LastName], [DateCreated], [DateModified]) VALUES (540, N'roxfyzkg.zyyyv@bbnhgg.org', N'Nancy', N'Mc Guire', '2006-08-05 05:29:15.740', '2007-12-13 07:00:48.960')
INSERT INTO [dbo].[Customer] ([CustomerId], [EmailAddress], [FirstName], [LastName], [DateCreated], [DateModified]) VALUES (541, N'bgbxecs.ujddg@emyvehg.wxwdkt.com', N'Leslie', N'Mcpherson', '2018-02-07 06:41:20.930', '2018-03-15 11:23:38.430')
INSERT INTO [dbo].[Customer] ([CustomerId], [EmailAddress], [FirstName], [LastName], [DateCreated], [DateModified]) VALUES (542, N'qwxtjin.heelmrvwd@imdtz.-gfnez.com', N'Aimee', N'Fry', '2017-07-15 20:39:58.380', '2017-08-21 11:32:14.660')
INSERT INTO [dbo].[Customer] ([CustomerId], [EmailAddress], [FirstName], [LastName], [DateCreated], [DateModified]) VALUES (543, N'mhjmavzh.dcek@ihqoyeteu.hektbe.net', N'Eddie', N'Moss', '2017-05-22 03:16:26.210', '2018-01-27 08:17:31.480')
INSERT INTO [dbo].[Customer] ([CustomerId], [EmailAddress], [FirstName], [LastName], [DateCreated], [DateModified]) VALUES (544, N'zkmkdhv@wgqbef.iwdhne.net', N'Gabrielle', N'Gordon', '2003-08-16 07:18:40.530', '2004-11-23 18:07:10.660')
INSERT INTO [dbo].[Customer] ([CustomerId], [EmailAddress], [FirstName], [LastName], [DateCreated], [DateModified]) VALUES (545, N'ntwtuyjw@ditwfl.com', N'Peter', N'Haley', '2009-08-25 08:57:19.750', '2009-08-28 01:49:36.210')
INSERT INTO [dbo].[Customer] ([CustomerId], [EmailAddress], [FirstName], [LastName], [DateCreated], [DateModified]) VALUES (546, N'rreg.vwerwgrau@elrnjggp.s-cgba.net', N'Howard', N'Coleman', '2004-12-17 09:22:27.720', '2005-03-05 07:35:56.120')
INSERT INTO [dbo].[Customer] ([CustomerId], [EmailAddress], [FirstName], [LastName], [DateCreated], [DateModified]) VALUES (547, N'kwpq1@szhfdo.net', N'Kari', N'Benitez', '2009-12-30 07:58:29.720', '2011-04-25 15:12:29.200')
INSERT INTO [dbo].[Customer] ([CustomerId], [EmailAddress], [FirstName], [LastName], [DateCreated], [DateModified]) VALUES (548, N'bawki@lutwou.com', N'Shad', N'Greer', '2011-11-04 01:17:58.810', '2012-09-03 20:09:23.440')
INSERT INTO [dbo].[Customer] ([CustomerId], [EmailAddress], [FirstName], [LastName], [DateCreated], [DateModified]) VALUES (549, N'pxlo.oarng@olkpaavkc.r-ydht.net', N'Juan', N'Barajas', '2012-07-14 23:52:26.440', '2012-11-24 05:09:44.690')
INSERT INTO [dbo].[Customer] ([CustomerId], [EmailAddress], [FirstName], [LastName], [DateCreated], [DateModified]) VALUES (550, N'etjoqgdc36@hexiig.com', N'Eduardo', N'Odom', '2012-05-21 22:31:59.150', '2012-10-09 12:20:55.880')
INSERT INTO [dbo].[Customer] ([CustomerId], [EmailAddress], [FirstName], [LastName], [DateCreated], [DateModified]) VALUES (551, N'tmnmt.rggwjcnsau@yvnamna.sfykno.com', N'Norman', N'Welch', '2013-07-04 18:32:43.740', '2013-09-03 03:14:26.730')
INSERT INTO [dbo].[Customer] ([CustomerId], [EmailAddress], [FirstName], [LastName], [DateCreated], [DateModified]) VALUES (552, N'waem.mbdtooumxo@qyglb.tvgkhv.org', N'Sally', N'Kline', '2005-09-21 19:51:28.620', '2006-08-19 05:00:44.520')
INSERT INTO [dbo].[Customer] ([CustomerId], [EmailAddress], [FirstName], [LastName], [DateCreated], [DateModified]) VALUES (553, N'tnvzq.wjmxs@wfikfs.net', N'Gwendolyn', N'Neal', '2005-03-11 22:02:26.970', '2006-07-01 16:15:41.970')
INSERT INTO [dbo].[Customer] ([CustomerId], [EmailAddress], [FirstName], [LastName], [DateCreated], [DateModified]) VALUES (554, N'tlzgtt.thmuvhrxxn@ouoizg.net', N'Keri', N'Downs', '2017-06-30 00:33:18.960', '2018-10-18 01:48:57.280')
INSERT INTO [dbo].[Customer] ([CustomerId], [EmailAddress], [FirstName], [LastName], [DateCreated], [DateModified]) VALUES (555, N'bxqouhuk.xbchtpge@olmrte.net', N'Candice', N'Whitehead', '2016-11-04 16:53:25.250', '2016-12-23 19:51:04.060')
INSERT INTO [dbo].[Customer] ([CustomerId], [EmailAddress], [FirstName], [LastName], [DateCreated], [DateModified]) VALUES (556, N'wrgm.zvrxz@gynpxq.org', N'Dorothy', N'Ryan', '2012-04-25 10:23:01.030', '2012-05-18 17:35:57.330')
INSERT INTO [dbo].[Customer] ([CustomerId], [EmailAddress], [FirstName], [LastName], [DateCreated], [DateModified]) VALUES (557, N'zcvqjmpk.olvni@hjhxxie.cgnzbw.com', N'Danny', N'Guzman', '2015-10-15 23:57:42.600', '2016-05-27 17:22:55.110')
INSERT INTO [dbo].[Customer] ([CustomerId], [EmailAddress], [FirstName], [LastName], [DateCreated], [DateModified]) VALUES (558, N'xxolwl47@brupkeq.-datpl.org', N'Hector', N'Lucas', '2004-02-03 01:30:53.130', '2005-04-11 13:37:31.960')
INSERT INTO [dbo].[Customer] ([CustomerId], [EmailAddress], [FirstName], [LastName], [DateCreated], [DateModified]) VALUES (559, N'ckvyaxx.spvdx@gtcmnxpyf.ntwuvj.org', N'Rusty', N'Harrell', '2012-11-30 21:12:31.850', '2013-10-28 20:42:20.840')
INSERT INTO [dbo].[Customer] ([CustomerId], [EmailAddress], [FirstName], [LastName], [DateCreated], [DateModified]) VALUES (560, N'haydkete.oudcsx@jtsevx.net', N'Chrystal', N'Weiss', '2009-01-13 22:17:37.860', '2009-05-24 18:50:29.440')
INSERT INTO [dbo].[Customer] ([CustomerId], [EmailAddress], [FirstName], [LastName], [DateCreated], [DateModified]) VALUES (561, N'ieszw1@fbixsh.org', N'Amber', N'Mc Carthy', '2015-08-19 12:45:59.370', '2016-01-21 14:32:18.600')
INSERT INTO [dbo].[Customer] ([CustomerId], [EmailAddress], [FirstName], [LastName], [DateCreated], [DateModified]) VALUES (562, N'jkdl@alic.-krvol.net', N'Roxanne', N'Randall', '2012-09-28 21:32:09.710', '2013-09-17 00:51:02.640')
INSERT INTO [dbo].[Customer] ([CustomerId], [EmailAddress], [FirstName], [LastName], [DateCreated], [DateModified]) VALUES (563, N'ieam4@ajcynh.com', N'Tracie', N'Weiss', '2017-12-31 06:27:43.180', '2018-08-08 03:47:36.530')
INSERT INTO [dbo].[Customer] ([CustomerId], [EmailAddress], [FirstName], [LastName], [DateCreated], [DateModified]) VALUES (564, N'dtsy852@rcdwe.-fczsh.net', N'Jared', N'Potts', '2016-07-18 19:25:57.140', '2017-11-05 15:16:18.590')
INSERT INTO [dbo].[Customer] ([CustomerId], [EmailAddress], [FirstName], [LastName], [DateCreated], [DateModified]) VALUES (565, N'okyzgm947@dzfy.ltvixn.net', N'Neil', N'Armstrong', '2016-10-27 08:59:25.460', '2017-08-29 07:09:56.570')
INSERT INTO [dbo].[Customer] ([CustomerId], [EmailAddress], [FirstName], [LastName], [DateCreated], [DateModified]) VALUES (566, N'nbmx84@wozrop.org', N'Sean', N'Lynn', '2016-12-18 03:18:31.810', '2018-04-26 12:27:25.460')
INSERT INTO [dbo].[Customer] ([CustomerId], [EmailAddress], [FirstName], [LastName], [DateCreated], [DateModified]) VALUES (567, N'dzfxg.rwcpfmkzkz@abhijl.hjbtdf.org', N'Johnathan', N'Mccoy', '2009-05-06 05:41:14.910', '2010-02-17 18:18:49.610')
INSERT INTO [dbo].[Customer] ([CustomerId], [EmailAddress], [FirstName], [LastName], [DateCreated], [DateModified]) VALUES (568, N'kzqpvow.txmhmo@nzcqwq.net', N'Jenna', N'Gilmore', '2009-09-22 16:26:08.770', '2010-01-11 15:02:44.270')
INSERT INTO [dbo].[Customer] ([CustomerId], [EmailAddress], [FirstName], [LastName], [DateCreated], [DateModified]) VALUES (569, N'apqocx200@eadhso.com', N'Orlando', N'Montes', '2004-06-14 04:48:40.750', '2004-11-06 10:30:43.130')
INSERT INTO [dbo].[Customer] ([CustomerId], [EmailAddress], [FirstName], [LastName], [DateCreated], [DateModified]) VALUES (570, N'xvvn2@niuduy.dlvml-.com', N'Joanna', N'Blevins', '2014-10-13 15:53:14.770', '2015-09-25 14:39:22.520')
INSERT INTO [dbo].[Customer] ([CustomerId], [EmailAddress], [FirstName], [LastName], [DateCreated], [DateModified]) VALUES (571, N'vijxzi341@aagczs.com', N'Arlene', N'Huff', '2010-12-10 03:35:25.130', '2011-08-06 11:10:15.900')
INSERT INTO [dbo].[Customer] ([CustomerId], [EmailAddress], [FirstName], [LastName], [DateCreated], [DateModified]) VALUES (572, N'ygkdy795@frsgia.org', N'Spencer', N'Tucker', '2008-01-05 21:18:26.230', '2008-09-21 19:15:27.020')
INSERT INTO [dbo].[Customer] ([CustomerId], [EmailAddress], [FirstName], [LastName], [DateCreated], [DateModified]) VALUES (573, N'gmsrekc4@axwbyubd.iixflo.com', N'Caleb', N'Mc Carthy', '2007-12-08 06:35:08.090', '2008-05-05 15:26:46.380')
INSERT INTO [dbo].[Customer] ([CustomerId], [EmailAddress], [FirstName], [LastName], [DateCreated], [DateModified]) VALUES (574, N'atxmckm.zobve@ohiurh.com', N'Jerrod', N'Bauer', '2005-04-16 10:22:34.510', '2006-05-30 01:02:14.990')
INSERT INTO [dbo].[Customer] ([CustomerId], [EmailAddress], [FirstName], [LastName], [DateCreated], [DateModified]) VALUES (575, N'cmxcuksv.oqovynknfv@beuvqc.org', N'Glenn', N'Vance', '2006-09-29 16:50:40.720', '2007-11-06 11:06:56.860')
INSERT INTO [dbo].[Customer] ([CustomerId], [EmailAddress], [FirstName], [LastName], [DateCreated], [DateModified]) VALUES (576, N'qrexjp73@jspym.jwjdbt.com', N'Teri', N'Pennington', '2007-12-05 11:43:19.220', '2009-02-11 20:51:11.410')
INSERT INTO [dbo].[Customer] ([CustomerId], [EmailAddress], [FirstName], [LastName], [DateCreated], [DateModified]) VALUES (577, N'jsiytopc@liaaty.usjpwi.net', N'Shelia', N'Hurley', '2012-08-06 11:17:48.500', '2013-03-21 19:50:18.320')
INSERT INTO [dbo].[Customer] ([CustomerId], [EmailAddress], [FirstName], [LastName], [DateCreated], [DateModified]) VALUES (578, N'jelol27@orcgf.lvhawj.com', N'Manuel', N'Moreno', '2010-09-18 05:25:20.590', '2011-11-13 20:10:02.680')
INSERT INTO [dbo].[Customer] ([CustomerId], [EmailAddress], [FirstName], [LastName], [DateCreated], [DateModified]) VALUES (579, N'frhzclpw.xaiagbcfy@wrldxj.com', N'Gilberto', N'Sosa', '2012-10-27 14:51:05.250', '2013-06-01 06:33:32.700')
INSERT INTO [dbo].[Customer] ([CustomerId], [EmailAddress], [FirstName], [LastName], [DateCreated], [DateModified]) VALUES (580, N'smuakf.gspfswvifk@gyqlmu.zuuebb.org', N'Jim', N'Levine', '2017-02-26 15:41:47.880', '2018-06-09 01:41:38.500')
INSERT INTO [dbo].[Customer] ([CustomerId], [EmailAddress], [FirstName], [LastName], [DateCreated], [DateModified]) VALUES (581, N'tdzyumzv.sraweznx@twinox.net', N'Jeanette', N'Lambert', '2004-09-25 07:39:55.240', '2005-12-31 09:59:58.350')
INSERT INTO [dbo].[Customer] ([CustomerId], [EmailAddress], [FirstName], [LastName], [DateCreated], [DateModified]) VALUES (582, N'mnndlub461@ddtdidqur.dxhxuk.com', N'Jane', N'Cochran', '2015-04-02 14:04:55.250', '2015-05-20 10:10:03.600')
INSERT INTO [dbo].[Customer] ([CustomerId], [EmailAddress], [FirstName], [LastName], [DateCreated], [DateModified]) VALUES (583, N'trjz.gfuytb@bqsfu.ppqrvi.net', N'Benjamin', N'Lyons', '2011-05-09 16:30:05.580', '2012-05-22 04:18:43.410')
INSERT INTO [dbo].[Customer] ([CustomerId], [EmailAddress], [FirstName], [LastName], [DateCreated], [DateModified]) VALUES (584, N'mekucu7@ewcirap.jvrepq.net', N'Theresa', N'James', '2009-12-14 22:17:14.630', '2011-02-05 02:35:24.150')
INSERT INTO [dbo].[Customer] ([CustomerId], [EmailAddress], [FirstName], [LastName], [DateCreated], [DateModified]) VALUES (585, N'darelqt.ozymlm@wppmgz.com', N'Jim', N'Bautista', '2014-03-18 01:47:32.830', '2015-02-03 04:40:40.520')
INSERT INTO [dbo].[Customer] ([CustomerId], [EmailAddress], [FirstName], [LastName], [DateCreated], [DateModified]) VALUES (586, N'lorvzvd25@xndj.caqkyj.net', N'Johnathan', N'Tran', '2007-03-15 05:09:49.340', '2007-09-13 02:15:42.110')
INSERT INTO [dbo].[Customer] ([CustomerId], [EmailAddress], [FirstName], [LastName], [DateCreated], [DateModified]) VALUES (587, N'taguv990@rtws.exuoyb.com', N'Gary', N'Barajas', '2012-10-25 02:29:45.020', '2013-03-24 16:13:07.560')
INSERT INTO [dbo].[Customer] ([CustomerId], [EmailAddress], [FirstName], [LastName], [DateCreated], [DateModified]) VALUES (588, N'owpoaqha096@bbxlak.jdyksm.org', N'Krystal', N'Mcintosh', '2009-07-04 21:23:09.600', '2009-08-13 07:47:12.310')
INSERT INTO [dbo].[Customer] ([CustomerId], [EmailAddress], [FirstName], [LastName], [DateCreated], [DateModified]) VALUES (589, N'uyuqhelj.uxhruth@tn-rls.com', N'Sonja', N'Merritt', '2016-07-22 02:24:59.290', '2016-08-30 14:09:48.600')
INSERT INTO [dbo].[Customer] ([CustomerId], [EmailAddress], [FirstName], [LastName], [DateCreated], [DateModified]) VALUES (590, N'kqoxua11@jpryagnts.ecycgm.net', N'Traci', N'Kane', '2003-02-03 02:55:51.190', '2003-08-09 20:43:42.930')
INSERT INTO [dbo].[Customer] ([CustomerId], [EmailAddress], [FirstName], [LastName], [DateCreated], [DateModified]) VALUES (591, N'ixusbtk.xzkp@rzdwbr.org', N'Taryn', N'Buck', '2010-07-02 22:58:45.010', '2010-11-04 14:05:00.220')
INSERT INTO [dbo].[Customer] ([CustomerId], [EmailAddress], [FirstName], [LastName], [DateCreated], [DateModified]) VALUES (592, N'ttzkkyr.nxwdi@ymlfpu.org', N'Monte', N'Andersen', '2005-05-23 10:53:57.880', '2005-11-20 02:52:59.430')
INSERT INTO [dbo].[Customer] ([CustomerId], [EmailAddress], [FirstName], [LastName], [DateCreated], [DateModified]) VALUES (593, N'rxge6@rayaiz.com', N'Lesley', N'Mills', '2013-11-18 00:54:39.710', '2014-03-30 07:58:48.970')
INSERT INTO [dbo].[Customer] ([CustomerId], [EmailAddress], [FirstName], [LastName], [DateCreated], [DateModified]) VALUES (594, N'edxssci9@zqylet.com', N'Bethany', N'Meyer', '2013-04-06 12:49:35.890', '2013-07-08 05:42:05.540')
INSERT INTO [dbo].[Customer] ([CustomerId], [EmailAddress], [FirstName], [LastName], [DateCreated], [DateModified]) VALUES (595, N'mqfvi.hsmpnxx@kczvxw.sbjcab.com', N'Hannah', N'Alvarez', '2009-03-07 16:43:16.380', '2010-02-10 16:28:31.370')
INSERT INTO [dbo].[Customer] ([CustomerId], [EmailAddress], [FirstName], [LastName], [DateCreated], [DateModified]) VALUES (596, N'pmww.bjyq@eichcf.-aurtp.org', N'Andrea', N'Wolfe', '2008-05-11 09:09:11.220', '2008-11-10 10:32:36.800')
INSERT INTO [dbo].[Customer] ([CustomerId], [EmailAddress], [FirstName], [LastName], [DateCreated], [DateModified]) VALUES (597, N'typkef.aaawtjtaew@kacbwvmu.ucfjkg.com', N'Herman', N'Chambers', '2017-10-04 14:12:15.200', '2018-08-17 07:44:39.130')
INSERT INTO [dbo].[Customer] ([CustomerId], [EmailAddress], [FirstName], [LastName], [DateCreated], [DateModified]) VALUES (598, N'fwjoibh56@nxivc.vnoitu.org', N'Jeffery', N'Flowers', '2003-11-04 07:50:29.060', '2004-08-05 17:01:13.880')
INSERT INTO [dbo].[Customer] ([CustomerId], [EmailAddress], [FirstName], [LastName], [DateCreated], [DateModified]) VALUES (599, N'xumibhr.xtcy@mgvl-g.org', N'Steven', N'Riggs', '2005-01-07 22:19:15.070', '2005-06-16 10:57:15.090')
INSERT INTO [dbo].[Customer] ([CustomerId], [EmailAddress], [FirstName], [LastName], [DateCreated], [DateModified]) VALUES (600, N'oinp.nqucvj@fpac.xla-u-.com', N'Gwendolyn', N'Gonzalez', '2010-11-27 05:38:47.940', '2010-12-05 13:22:11.750')
INSERT INTO [dbo].[Customer] ([CustomerId], [EmailAddress], [FirstName], [LastName], [DateCreated], [DateModified]) VALUES (601, N'cyifysxx6@lgzzck.net', N'Frank', N'Tapia', '2013-11-02 03:41:12.820', '2014-08-19 13:17:07.520')
INSERT INTO [dbo].[Customer] ([CustomerId], [EmailAddress], [FirstName], [LastName], [DateCreated], [DateModified]) VALUES (602, N'bglxt53@fpkslx.net', N'Tracey', N'Alvarado', '2003-04-09 15:32:20.950', '2004-04-14 00:09:45.920')
INSERT INTO [dbo].[Customer] ([CustomerId], [EmailAddress], [FirstName], [LastName], [DateCreated], [DateModified]) VALUES (603, N'jyfai410@pukar.gdjljs.net', N'Jack', N'Walter', '2010-05-22 20:29:18.050', '2010-10-29 09:38:41.300')
INSERT INTO [dbo].[Customer] ([CustomerId], [EmailAddress], [FirstName], [LastName], [DateCreated], [DateModified]) VALUES (604, N'qrbonbft8@rnvgkgazl.j-opsg.net', N'Kris', N'Mendoza', '2015-12-22 07:59:11.670', '2016-10-02 14:30:23.180')
INSERT INTO [dbo].[Customer] ([CustomerId], [EmailAddress], [FirstName], [LastName], [DateCreated], [DateModified]) VALUES (605, N'nffpok.ymwksem@qoezku.org', N'Melanie', N'Quinn', '2004-06-12 18:56:34.010', '2005-07-19 01:10:40.980')
INSERT INTO [dbo].[Customer] ([CustomerId], [EmailAddress], [FirstName], [LastName], [DateCreated], [DateModified]) VALUES (606, N'lqnylnl.jzxcylqwio@ngnvabsso.kajctb.com', N'Reginald', N'Ellis', '2008-06-29 21:14:17.510', '2009-04-26 07:59:00.720')
INSERT INTO [dbo].[Customer] ([CustomerId], [EmailAddress], [FirstName], [LastName], [DateCreated], [DateModified]) VALUES (607, N'zlwpvn.sdocdgb@kadl.svogow.net', N'Rosa', N'Warner', '2016-01-04 13:16:20.530', '2016-07-04 13:33:59.130')
INSERT INTO [dbo].[Customer] ([CustomerId], [EmailAddress], [FirstName], [LastName], [DateCreated], [DateModified]) VALUES (608, N'rohu.eykazm@dmyezf.iblanr.org', N'Ana', N'Ashley', '2018-02-14 11:39:52.460', '2018-04-23 15:13:27.970')
INSERT INTO [dbo].[Customer] ([CustomerId], [EmailAddress], [FirstName], [LastName], [DateCreated], [DateModified]) VALUES (609, N'oyyuwlav3@zzdycdrci.xmrhlu.net', N'Kristen', N'Fowler', '2013-10-01 07:42:38.230', '2013-12-12 14:42:01.410')
INSERT INTO [dbo].[Customer] ([CustomerId], [EmailAddress], [FirstName], [LastName], [DateCreated], [DateModified]) VALUES (610, N'zcxwcbrn665@cibibl.com', N'Martha', N'Mcgrath', '2011-12-02 05:10:06.030', '2012-03-25 22:59:53.650')
INSERT INTO [dbo].[Customer] ([CustomerId], [EmailAddress], [FirstName], [LastName], [DateCreated], [DateModified]) VALUES (611, N'yfobied.opkxddxbgo@lswhgn.net', N'Shanna', N'Bowen', '2017-12-08 23:05:12.530', '2018-09-30 21:45:40.010')
INSERT INTO [dbo].[Customer] ([CustomerId], [EmailAddress], [FirstName], [LastName], [DateCreated], [DateModified]) VALUES (612, N'mqqkszr.jibopbyeia@gvwqvmmr.aqdenx.net', N'Nikki', N'Rogers', '2008-01-28 18:32:22.010', '2008-11-26 21:12:53.430')
INSERT INTO [dbo].[Customer] ([CustomerId], [EmailAddress], [FirstName], [LastName], [DateCreated], [DateModified]) VALUES (613, N'fdmjbxgx@dymsde.net', N'Angelo', N'Fischer', '2009-06-27 10:39:47.880', '2010-01-30 07:04:00.250')
INSERT INTO [dbo].[Customer] ([CustomerId], [EmailAddress], [FirstName], [LastName], [DateCreated], [DateModified]) VALUES (614, N'twmew68@dydcwtwfy.svpvso.org', N'Patricia', N'Leach', '2013-12-24 05:30:43.970', '2014-12-23 19:00:43.340')
INSERT INTO [dbo].[Customer] ([CustomerId], [EmailAddress], [FirstName], [LastName], [DateCreated], [DateModified]) VALUES (615, N'kbicggir75@qunz-w.com', N'Randi', N'George', '2007-04-21 14:37:42.620', '2007-10-07 08:50:32.090')
INSERT INTO [dbo].[Customer] ([CustomerId], [EmailAddress], [FirstName], [LastName], [DateCreated], [DateModified]) VALUES (616, N'hawc831@nlhs-s.net', N'Raquel', N'Vaughan', '2003-05-19 22:41:04.110', '2003-09-04 04:22:15.980')
INSERT INTO [dbo].[Customer] ([CustomerId], [EmailAddress], [FirstName], [LastName], [DateCreated], [DateModified]) VALUES (617, N'flkkj1@snfmkt.org', N'Deana', N'Jacobs', '2004-05-23 05:02:04.130', '2005-09-09 20:32:20.230')
INSERT INTO [dbo].[Customer] ([CustomerId], [EmailAddress], [FirstName], [LastName], [DateCreated], [DateModified]) VALUES (618, N'dfhtyhb530@dbkoxp.com', N'Caleb', N'Rowe', '2011-01-17 08:10:28.540', '2011-11-16 01:12:13.380')
INSERT INTO [dbo].[Customer] ([CustomerId], [EmailAddress], [FirstName], [LastName], [DateCreated], [DateModified]) VALUES (619, N'jwcclfaa3@qmllbj.org', N'Donald', N'Johnson', '2005-05-03 17:38:24.310', '2005-10-03 10:35:39.060')
INSERT INTO [dbo].[Customer] ([CustomerId], [EmailAddress], [FirstName], [LastName], [DateCreated], [DateModified]) VALUES (620, N'dwstljdc.sscv@wwvian.ssrnpy.org', N'Saul', N'Martin', '2012-08-15 03:49:36.120', '2012-12-17 04:54:15.460')
INSERT INTO [dbo].[Customer] ([CustomerId], [EmailAddress], [FirstName], [LastName], [DateCreated], [DateModified]) VALUES (621, N'fnag.izwwxerr@ubupfo.-obzat.net', N'Margarita', N'Sosa', '2007-02-24 00:48:46.790', '2008-02-02 20:14:18.900')
INSERT INTO [dbo].[Customer] ([CustomerId], [EmailAddress], [FirstName], [LastName], [DateCreated], [DateModified]) VALUES (622, N'dubnfc.gowzmcjc@esnemp.vzqxkg.org', N'Jill', N'Mc Guire', '2018-01-21 08:18:05.310', '2018-09-26 10:31:38.300')
INSERT INTO [dbo].[Customer] ([CustomerId], [EmailAddress], [FirstName], [LastName], [DateCreated], [DateModified]) VALUES (623, N'iukqdxlf.aioeyga@pc-zgl.net', N'Wendy', N'Travis', '2011-05-23 14:01:09.480', '2011-08-03 00:52:56.660')
INSERT INTO [dbo].[Customer] ([CustomerId], [EmailAddress], [FirstName], [LastName], [DateCreated], [DateModified]) VALUES (624, N'cynvhry94@smwqlf.org', N'Kimberly', N'Reid', '2004-05-12 01:52:49.560', '2005-08-12 13:47:01.200')
INSERT INTO [dbo].[Customer] ([CustomerId], [EmailAddress], [FirstName], [LastName], [DateCreated], [DateModified]) VALUES (625, N'blxmu.ivde@igdstr.-pgo-t.net', N'Ramona', N'Chavez', '2007-04-13 16:54:29.750', '2007-11-22 00:34:23.290')
INSERT INTO [dbo].[Customer] ([CustomerId], [EmailAddress], [FirstName], [LastName], [DateCreated], [DateModified]) VALUES (626, N'divfs.npjmbawnvh@kftyso.com', N'Cesar', N'Garrison', '2008-07-19 16:41:27.250', '2008-09-16 08:17:17.470')
INSERT INTO [dbo].[Customer] ([CustomerId], [EmailAddress], [FirstName], [LastName], [DateCreated], [DateModified]) VALUES (627, N'ldila.emhypvht@fpodbk.org', N'Gary', N'Gay', '2012-05-08 20:23:46.520', '2012-09-13 11:16:39.040')
INSERT INTO [dbo].[Customer] ([CustomerId], [EmailAddress], [FirstName], [LastName], [DateCreated], [DateModified]) VALUES (628, N'qmjjkc.dpjhxmisr@jaidmf.lyxkis.org', N'Kenny', N'Pierce', '2012-11-21 17:45:32.210', '2013-01-17 09:44:41.850')
INSERT INTO [dbo].[Customer] ([CustomerId], [EmailAddress], [FirstName], [LastName], [DateCreated], [DateModified]) VALUES (629, N'kgyucfgi.kgmuhw@xxkhiw.org', N'Tony', N'Zimmerman', '2014-04-30 17:39:18.140', '2014-07-08 08:33:44.630')
INSERT INTO [dbo].[Customer] ([CustomerId], [EmailAddress], [FirstName], [LastName], [DateCreated], [DateModified]) VALUES (630, N'ptir2@atwyhb.com', N'Brandie', N'Thornton', '2016-08-09 07:41:29.510', '2017-03-17 00:34:21.060')
INSERT INTO [dbo].[Customer] ([CustomerId], [EmailAddress], [FirstName], [LastName], [DateCreated], [DateModified]) VALUES (631, N'kczds.ygvdobxcqh@--lt-p.net', N'Trisha', N'French', '2008-05-21 21:31:04.020', '2008-09-16 13:06:33.270')
INSERT INTO [dbo].[Customer] ([CustomerId], [EmailAddress], [FirstName], [LastName], [DateCreated], [DateModified]) VALUES (632, N'cqdovus.frxbh@vbg-dr.org', N'Katie', N'Montgomery', '2011-10-04 03:27:19.430', '2012-12-29 02:49:05.440')
INSERT INTO [dbo].[Customer] ([CustomerId], [EmailAddress], [FirstName], [LastName], [DateCreated], [DateModified]) VALUES (633, N'soqpz@kzhbfh.net', N'Courtney', N'Wheeler', '2008-09-10 07:06:05.520', '2009-05-30 09:12:48.590')
INSERT INTO [dbo].[Customer] ([CustomerId], [EmailAddress], [FirstName], [LastName], [DateCreated], [DateModified]) VALUES (634, N'zilpslt99@bkkmw.cbyjgc.net', N'Whitney', N'Vaughan', '2004-12-01 09:12:17.310', '2005-06-27 17:11:21.940')
INSERT INTO [dbo].[Customer] ([CustomerId], [EmailAddress], [FirstName], [LastName], [DateCreated], [DateModified]) VALUES (635, N'hlxpu.ejubac@nlzfhj.com', N'Keith', N'Cruz', '2006-04-27 12:00:35.050', '2006-10-21 12:24:31.970')
INSERT INTO [dbo].[Customer] ([CustomerId], [EmailAddress], [FirstName], [LastName], [DateCreated], [DateModified]) VALUES (636, N'pjaq914@kvnidu.org', N'Mandy', N'Rodriguez', '2004-06-18 16:07:34.280', '2004-09-18 09:50:13.420')
INSERT INTO [dbo].[Customer] ([CustomerId], [EmailAddress], [FirstName], [LastName], [DateCreated], [DateModified]) VALUES (637, N'aplv749@pgso.etwick.com', N'Timmy', N'Krueger', '2007-11-11 17:35:37.190', '2008-12-04 00:31:23.300')
INSERT INTO [dbo].[Customer] ([CustomerId], [EmailAddress], [FirstName], [LastName], [DateCreated], [DateModified]) VALUES (638, N'ghmmzc.gmohdov@pzwoeo.gfcjyr.net', N'Ernest', N'Andrews', '2013-08-07 08:30:53.910', '2013-11-08 13:48:21.230')
INSERT INTO [dbo].[Customer] ([CustomerId], [EmailAddress], [FirstName], [LastName], [DateCreated], [DateModified]) VALUES (639, N'zxpxth@jtdgery.wnluza.net', N'Mary', N'Barry', '2008-07-04 03:20:40.620', '2008-07-20 01:24:44.170')
INSERT INTO [dbo].[Customer] ([CustomerId], [EmailAddress], [FirstName], [LastName], [DateCreated], [DateModified]) VALUES (640, N'etzkn.zigyy@dcjbvu.com', N'Dina', N'Yoder', '2008-09-18 04:33:15.320', '2008-10-09 20:41:40.800')
INSERT INTO [dbo].[Customer] ([CustomerId], [EmailAddress], [FirstName], [LastName], [DateCreated], [DateModified]) VALUES (641, N'bmmmvgde.fzcrwby@dyxs-u.com', N'Valerie', N'Sampson', '2009-05-30 15:53:28.820', '2010-10-12 12:41:43.990')
INSERT INTO [dbo].[Customer] ([CustomerId], [EmailAddress], [FirstName], [LastName], [DateCreated], [DateModified]) VALUES (642, N'ikxfxed.yatmvdj@rdmhh.atjbdt.com', N'Lauren', N'Washington', '2012-11-29 14:49:52.560', '2013-02-20 00:59:40.580')
INSERT INTO [dbo].[Customer] ([CustomerId], [EmailAddress], [FirstName], [LastName], [DateCreated], [DateModified]) VALUES (643, N'fwvua89@cx-oiu.com', N'Ryan', N'Aguirre', '2013-12-23 13:40:31.380', '2015-04-04 17:05:11.910')
INSERT INTO [dbo].[Customer] ([CustomerId], [EmailAddress], [FirstName], [LastName], [DateCreated], [DateModified]) VALUES (644, N'gdnxacs705@inp-ii.org', N'Raymond', N'Mccall', '2007-08-21 21:14:53.260', '2008-10-19 15:09:55.950')
INSERT INTO [dbo].[Customer] ([CustomerId], [EmailAddress], [FirstName], [LastName], [DateCreated], [DateModified]) VALUES (645, N'wemyeg026@przurhee.xlpqom.net', N'Lamont', N'Walsh', '2003-05-17 03:50:38.660', '2004-06-11 22:58:03.930')
INSERT INTO [dbo].[Customer] ([CustomerId], [EmailAddress], [FirstName], [LastName], [DateCreated], [DateModified]) VALUES (646, N'lfivgjk@xttxihtwq.rawfwg.org', N'Victoria', N'Tanner', '2005-06-05 04:26:23.000', '2006-04-22 16:52:07.790')
INSERT INTO [dbo].[Customer] ([CustomerId], [EmailAddress], [FirstName], [LastName], [DateCreated], [DateModified]) VALUES (647, N'nrohswl33@su-fgc.com', N'Darnell', N'Nicholson', '2014-02-15 00:14:10.000', '2015-05-24 19:49:00.180')
INSERT INTO [dbo].[Customer] ([CustomerId], [EmailAddress], [FirstName], [LastName], [DateCreated], [DateModified]) VALUES (648, N'juqhdtd3@ukupqax.gyknbm.net', N'Loretta', N'Rowe', '2018-02-13 19:23:55.740', '2018-11-08 12:58:06.640')
INSERT INTO [dbo].[Customer] ([CustomerId], [EmailAddress], [FirstName], [LastName], [DateCreated], [DateModified]) VALUES (649, N'vzpdlbe.zpdh@yfdyh-.com', N'Patrice', N'Hooper', '2008-12-16 22:11:53.270', '2010-02-13 20:51:34.450')
INSERT INTO [dbo].[Customer] ([CustomerId], [EmailAddress], [FirstName], [LastName], [DateCreated], [DateModified]) VALUES (650, N'ggcak267@ouyysf.net', N'Nicole', N'Ortega', '2008-10-19 18:02:12.260', '2009-06-09 12:06:16.370')
INSERT INTO [dbo].[Customer] ([CustomerId], [EmailAddress], [FirstName], [LastName], [DateCreated], [DateModified]) VALUES (651, N'rltep2@qfjjix.com', N'Spencer', N'Jordan', '2006-12-20 04:07:07.080', '2007-07-16 14:00:17.560')
INSERT INTO [dbo].[Customer] ([CustomerId], [EmailAddress], [FirstName], [LastName], [DateCreated], [DateModified]) VALUES (652, N'tnwuyjlb322@uyvmxkhwu.bbpeel.org', N'Amy', N'Best', '2009-09-18 06:01:46.650', '2009-10-02 06:32:26.740')
INSERT INTO [dbo].[Customer] ([CustomerId], [EmailAddress], [FirstName], [LastName], [DateCreated], [DateModified]) VALUES (653, N'rmjvwm5@zqhpbp.com', N'Joe', N'Whitaker', '2016-09-21 14:12:04.760', '2017-01-22 06:25:35.820')
INSERT INTO [dbo].[Customer] ([CustomerId], [EmailAddress], [FirstName], [LastName], [DateCreated], [DateModified]) VALUES (654, N'llqmrb@wzqhr.otybha.org', N'Rafael', N'Werner', '2010-08-14 18:29:38.950', '2010-09-19 06:03:00.620')
INSERT INTO [dbo].[Customer] ([CustomerId], [EmailAddress], [FirstName], [LastName], [DateCreated], [DateModified]) VALUES (655, N'imvq.notypda@tjrdx.zsrzt-.com', N'Dwayne', N'Boyd', '2006-10-04 04:50:01.150', '2007-03-17 17:07:53.860')
INSERT INTO [dbo].[Customer] ([CustomerId], [EmailAddress], [FirstName], [LastName], [DateCreated], [DateModified]) VALUES (656, N'ifjgv280@gfssnm.com', N'Marisol', N'Espinoza', '2013-12-31 19:23:07.520', '2014-02-12 02:45:30.230')
INSERT INTO [dbo].[Customer] ([CustomerId], [EmailAddress], [FirstName], [LastName], [DateCreated], [DateModified]) VALUES (657, N'fsryhcjs0@xltfwfvm.npipls.org', N'Adriana', N'Dominguez', '2010-02-06 01:31:11.470', '2010-12-01 23:16:50.260')
INSERT INTO [dbo].[Customer] ([CustomerId], [EmailAddress], [FirstName], [LastName], [DateCreated], [DateModified]) VALUES (658, N'lglg5@svmd.zgciuz.com', N'Joseph', N'Gross', '2009-01-10 18:36:28.490', '2009-07-31 19:51:41.100')
INSERT INTO [dbo].[Customer] ([CustomerId], [EmailAddress], [FirstName], [LastName], [DateCreated], [DateModified]) VALUES (659, N'hspte6@refuax.com', N'Irma', N'Martin', '2011-09-10 15:04:41.910', '2011-11-12 13:56:00.870')
INSERT INTO [dbo].[Customer] ([CustomerId], [EmailAddress], [FirstName], [LastName], [DateCreated], [DateModified]) VALUES (660, N'fuwn@qbmcybl.ysqslm.net', N'Micah', N'House', '2014-02-13 02:15:06.770', '2015-01-21 16:53:24.520')
INSERT INTO [dbo].[Customer] ([CustomerId], [EmailAddress], [FirstName], [LastName], [DateCreated], [DateModified]) VALUES (661, N'afuyyfg@svuspj.net', N'Chandra', N'Jimenez', '2014-05-13 00:50:30.990', '2014-11-01 20:42:22.670')
INSERT INTO [dbo].[Customer] ([CustomerId], [EmailAddress], [FirstName], [LastName], [DateCreated], [DateModified]) VALUES (662, N'oeprqt.igtjs@luekkk.net', N'Stuart', N'Robertson', '2006-02-12 19:30:48.310', '2006-06-18 03:49:18.260')
INSERT INTO [dbo].[Customer] ([CustomerId], [EmailAddress], [FirstName], [LastName], [DateCreated], [DateModified]) VALUES (663, N'eyhsxea60@lndeljyyd.asghxj.net', N'Caroline', N'Pratt', '2006-10-17 18:00:34.310', '2008-02-29 06:39:44.340')
INSERT INTO [dbo].[Customer] ([CustomerId], [EmailAddress], [FirstName], [LastName], [DateCreated], [DateModified]) VALUES (664, N'auwksib.iflsqt@hbhaavjbi.zpwcrj.org', N'Paul', N'Cantrell', '2015-05-14 00:01:08.720', '2016-04-30 14:07:41.350')
INSERT INTO [dbo].[Customer] ([CustomerId], [EmailAddress], [FirstName], [LastName], [DateCreated], [DateModified]) VALUES (665, N'lhbvvcvs.sxkzx@irjzyn.kbbzue.com', N'Lynn', N'Hartman', '2006-07-13 07:39:02.000', '2007-11-22 09:53:21.380')
INSERT INTO [dbo].[Customer] ([CustomerId], [EmailAddress], [FirstName], [LastName], [DateCreated], [DateModified]) VALUES (666, N'lpiczmge26@vaspmjt.bmtsjs.org', N'Kim', N'Ford', '2009-03-07 19:37:53.100', '2010-02-14 18:56:35.580')
INSERT INTO [dbo].[Customer] ([CustomerId], [EmailAddress], [FirstName], [LastName], [DateCreated], [DateModified]) VALUES (667, N'ylfr@hdbldr.net', N'Terrance', N'Fry', '2017-08-08 11:26:16.490', '2017-09-18 12:00:05.840')
INSERT INTO [dbo].[Customer] ([CustomerId], [EmailAddress], [FirstName], [LastName], [DateCreated], [DateModified]) VALUES (668, N'aagc712@vifamd.org', N'Kellie', N'Bruce', '2007-07-28 01:27:30.570', '2007-08-05 13:52:39.300')
INSERT INTO [dbo].[Customer] ([CustomerId], [EmailAddress], [FirstName], [LastName], [DateCreated], [DateModified]) VALUES (669, N'ukqxajw22@twrjmx.com', N'Steven', N'Dillon', '2010-08-29 17:30:08.920', '2011-03-05 06:36:12.370')
INSERT INTO [dbo].[Customer] ([CustomerId], [EmailAddress], [FirstName], [LastName], [DateCreated], [DateModified]) VALUES (670, N'sbkzi.bcphwiy@cfsjxj.net', N'Arturo', N'Chapman', '2005-11-02 22:30:08.330', '2006-01-18 23:00:19.660')
INSERT INTO [dbo].[Customer] ([CustomerId], [EmailAddress], [FirstName], [LastName], [DateCreated], [DateModified]) VALUES (671, N'tccmosag.bigxrp@gryxcvjh.fedwid.com', N'Esteban', N'Gay', '2013-09-27 05:05:26.920', '2014-05-04 03:50:53.690')
INSERT INTO [dbo].[Customer] ([CustomerId], [EmailAddress], [FirstName], [LastName], [DateCreated], [DateModified]) VALUES (672, N'gsamkob8@fodzrdfbw.fcgkua.com', N'Drew', N'Walker', '2009-01-04 20:31:10.220', '2010-01-21 06:44:00.000')
INSERT INTO [dbo].[Customer] ([CustomerId], [EmailAddress], [FirstName], [LastName], [DateCreated], [DateModified]) VALUES (673, N'sewrl.swdxujze@rceefyhjf.xfytzn.org', N'Tara', N'Mccall', '2005-07-16 04:49:47.920', '2006-04-28 23:47:30.210')
INSERT INTO [dbo].[Customer] ([CustomerId], [EmailAddress], [FirstName], [LastName], [DateCreated], [DateModified]) VALUES (674, N'ahndgpzg062@jczjom.org', N'Brett', N'Bates', '2014-11-04 13:05:09.000', '2015-03-15 13:53:59.260')
INSERT INTO [dbo].[Customer] ([CustomerId], [EmailAddress], [FirstName], [LastName], [DateCreated], [DateModified]) VALUES (675, N'iflmmx@vdxnnvp.ywchnd.net', N'Pamela', N'Ferguson', '2006-03-18 11:56:07.300', '2006-07-20 16:12:32.470')
INSERT INTO [dbo].[Customer] ([CustomerId], [EmailAddress], [FirstName], [LastName], [DateCreated], [DateModified]) VALUES (676, N'oradlqvs@misfuh.com', N'Jack', N'Stein', '2012-06-15 09:58:54.230', '2013-03-03 19:14:39.310')
INSERT INTO [dbo].[Customer] ([CustomerId], [EmailAddress], [FirstName], [LastName], [DateCreated], [DateModified]) VALUES (677, N'fxpdv3@rgoijrxdx.iego-l.net', N'Melanie', N'Riddle', '2007-01-29 18:37:33.930', '2007-11-06 17:26:27.390')
INSERT INTO [dbo].[Customer] ([CustomerId], [EmailAddress], [FirstName], [LastName], [DateCreated], [DateModified]) VALUES (678, N'dxmfs@whbclf.org', N'Molly', N'Knight', '2006-10-02 16:46:16.220', '2007-02-26 09:43:01.720')
INSERT INTO [dbo].[Customer] ([CustomerId], [EmailAddress], [FirstName], [LastName], [DateCreated], [DateModified]) VALUES (679, N'oodabir40@ciryen.com', N'Janette', N'Key', '2003-12-27 22:02:10.890', '2004-03-02 14:48:58.260')
INSERT INTO [dbo].[Customer] ([CustomerId], [EmailAddress], [FirstName], [LastName], [DateCreated], [DateModified]) VALUES (680, N'okksqa.bwyci@opcp.ujrxaa.net', N'Lora', N'Hammond', '2004-11-08 12:28:06.750', '2005-12-14 07:42:16.510')
INSERT INTO [dbo].[Customer] ([CustomerId], [EmailAddress], [FirstName], [LastName], [DateCreated], [DateModified]) VALUES (681, N'kfgs.aethk@pgpbn.rkchcy.net', N'Randal', N'Bennett', '2012-08-23 16:27:17.250', '2012-11-26 12:28:18.290')
INSERT INTO [dbo].[Customer] ([CustomerId], [EmailAddress], [FirstName], [LastName], [DateCreated], [DateModified]) VALUES (682, N'esnro@qfkm.tuhrgz.org', N'Clarissa', N'Briggs', '2012-06-14 00:59:50.790', '2013-06-08 22:18:33.410')
INSERT INTO [dbo].[Customer] ([CustomerId], [EmailAddress], [FirstName], [LastName], [DateCreated], [DateModified]) VALUES (683, N'cvnkbnhw@vlfpw-.net', N'Jean', N'Dean', '2006-12-06 19:33:38.940', '2007-04-18 12:53:08.400')
INSERT INTO [dbo].[Customer] ([CustomerId], [EmailAddress], [FirstName], [LastName], [DateCreated], [DateModified]) VALUES (684, N'kzwcfgri67@prdefidzm.lgpgos.net', N'Mia', N'Flores', '2008-07-11 23:37:05.870', '2009-06-12 20:27:29.250')
INSERT INTO [dbo].[Customer] ([CustomerId], [EmailAddress], [FirstName], [LastName], [DateCreated], [DateModified]) VALUES (685, N'bztdzle.ywsc@vwols.pakmjq.net', N'Casey', N'Gilbert', '2012-08-21 03:34:22.420', '2012-09-01 10:34:04.480')
INSERT INTO [dbo].[Customer] ([CustomerId], [EmailAddress], [FirstName], [LastName], [DateCreated], [DateModified]) VALUES (686, N'jtiqj.hmrszkm@tifoukagc.kyhpou.org', N'Andrea', N'Hensley', '2016-11-22 15:29:17.380', '2017-03-06 06:34:07.540')
INSERT INTO [dbo].[Customer] ([CustomerId], [EmailAddress], [FirstName], [LastName], [DateCreated], [DateModified]) VALUES (687, N'mfobtogn@jcwgsa.com', N'Felix', N'Mcclain', '2013-04-02 13:15:14.680', '2014-02-25 20:23:30.620')
INSERT INTO [dbo].[Customer] ([CustomerId], [EmailAddress], [FirstName], [LastName], [DateCreated], [DateModified]) VALUES (688, N'vzsbnwg.wcys@zpsp.hf-dmj.org', N'Jayson', N'Bates', '2016-04-17 12:36:26.570', '2016-11-30 03:09:48.970')
INSERT INTO [dbo].[Customer] ([CustomerId], [EmailAddress], [FirstName], [LastName], [DateCreated], [DateModified]) VALUES (689, N'baxnjxj.mowiroo@-dcwra.com', N'Irma', N'Wilkerson', '2016-05-19 04:22:16.160', '2016-07-02 00:03:29.080')
INSERT INTO [dbo].[Customer] ([CustomerId], [EmailAddress], [FirstName], [LastName], [DateCreated], [DateModified]) VALUES (690, N'bpzo.symyyppvw@cdshqrl.sjzdeh.net', N'Lillian', N'Whitehead', '2010-07-16 16:37:27.540', '2010-11-28 09:39:02.750')
INSERT INTO [dbo].[Customer] ([CustomerId], [EmailAddress], [FirstName], [LastName], [DateCreated], [DateModified]) VALUES (691, N'nwuoyyke651@hqjpxunl.mdvttt.org', N'Wendell', N'Blackwell', '2012-08-01 14:36:22.820', '2013-05-21 10:33:24.170')
INSERT INTO [dbo].[Customer] ([CustomerId], [EmailAddress], [FirstName], [LastName], [DateCreated], [DateModified]) VALUES (692, N'cobyc.etoxkbw@ernvty.-kwatb.com', N'Michelle', N'Kramer', '2017-01-19 22:59:08.710', '2017-07-25 04:39:43.200')
INSERT INTO [dbo].[Customer] ([CustomerId], [EmailAddress], [FirstName], [LastName], [DateCreated], [DateModified]) VALUES (693, N'qxampd784@qavqyhpb.mwdg-n.org', N'Gina', N'Peters', '2004-11-27 17:26:11.990', '2004-12-27 23:52:21.340')
INSERT INTO [dbo].[Customer] ([CustomerId], [EmailAddress], [FirstName], [LastName], [DateCreated], [DateModified]) VALUES (694, N'ubdd0@jylvai.ajk-jw.net', N'Jake', N'Villegas', '2012-08-10 01:05:33.850', '2013-01-30 08:31:20.650')
INSERT INTO [dbo].[Customer] ([CustomerId], [EmailAddress], [FirstName], [LastName], [DateCreated], [DateModified]) VALUES (695, N'ikkdiics@ackmvgh.ppkmoi.org', N'Becky', N'Flowers', '2012-07-28 03:42:44.330', '2013-07-11 23:59:19.140')
INSERT INTO [dbo].[Customer] ([CustomerId], [EmailAddress], [FirstName], [LastName], [DateCreated], [DateModified]) VALUES (696, N'denyh@xaggfk.org', N'Alfred', N'Wu', '2006-04-17 20:22:40.500', '2007-04-27 08:52:26.720')
INSERT INTO [dbo].[Customer] ([CustomerId], [EmailAddress], [FirstName], [LastName], [DateCreated], [DateModified]) VALUES (697, N'zuya.dowksayoz@ovhcbyi.jxd-qi.org', N'Armando', N'Harrell', '2009-02-12 20:49:18.250', '2009-05-06 18:19:57.250')
INSERT INTO [dbo].[Customer] ([CustomerId], [EmailAddress], [FirstName], [LastName], [DateCreated], [DateModified]) VALUES (698, N'npohqfz46@eicfv.pswxvp.com', N'Amie', N'Abbott', '2016-10-31 13:39:22.660', '2017-02-23 02:57:31.560')
INSERT INTO [dbo].[Customer] ([CustomerId], [EmailAddress], [FirstName], [LastName], [DateCreated], [DateModified]) VALUES (699, N'hzofbn.zkuvjwys@fteobu.net', N'Connie', N'Hopkins', '2004-02-09 13:35:51.250', '2005-04-12 05:16:35.570')
INSERT INTO [dbo].[Customer] ([CustomerId], [EmailAddress], [FirstName], [LastName], [DateCreated], [DateModified]) VALUES (700, N'orqrt.qrkvfpnft@lzhtu.gmjris.net', N'Kenneth', N'Burns', '2012-05-30 08:12:45.570', '2012-07-17 04:01:29.360')
INSERT INTO [dbo].[Customer] ([CustomerId], [EmailAddress], [FirstName], [LastName], [DateCreated], [DateModified]) VALUES (701, N'kjyyu1@enwlss.com', N'Johnny', N'Avery', '2006-01-16 17:00:06.510', '2006-10-24 04:52:02.940')
INSERT INTO [dbo].[Customer] ([CustomerId], [EmailAddress], [FirstName], [LastName], [DateCreated], [DateModified]) VALUES (702, N'gjjvkv.kghnhyn@fpgya.iioofh.net', N'Doris', N'Galloway', '2009-07-21 22:46:39.430', '2010-10-20 05:56:21.870')
INSERT INTO [dbo].[Customer] ([CustomerId], [EmailAddress], [FirstName], [LastName], [DateCreated], [DateModified]) VALUES (703, N'rdxln9@jykuclgat.mchmfh.org', N'Kerrie', N'Bender', '2010-06-18 01:53:46.820', '2010-09-06 06:21:55.270')
INSERT INTO [dbo].[Customer] ([CustomerId], [EmailAddress], [FirstName], [LastName], [DateCreated], [DateModified]) VALUES (704, N'vgqcom.kmasggle@rnfche.com', N'Ericka', N'Berger', '2006-02-13 23:41:44.930', '2007-01-26 21:51:15.770')
INSERT INTO [dbo].[Customer] ([CustomerId], [EmailAddress], [FirstName], [LastName], [DateCreated], [DateModified]) VALUES (705, N'hnukffkb@jxesbtab.frcydq.com', N'Olga', N'Parks', '2013-04-13 12:56:45.350', '2013-04-27 08:15:23.690')
INSERT INTO [dbo].[Customer] ([CustomerId], [EmailAddress], [FirstName], [LastName], [DateCreated], [DateModified]) VALUES (706, N'sxlojfc.hvhe@tisujn.oemuav.com', N'Mindy', N'Bennett', '2016-03-05 07:35:56.870', '2017-01-26 07:16:18.580')
INSERT INTO [dbo].[Customer] ([CustomerId], [EmailAddress], [FirstName], [LastName], [DateCreated], [DateModified]) VALUES (707, N'boxwkz.ascdcm@fdekp.wcrqhf.org', N'Richard', N'Ortiz', '2007-03-06 01:11:58.720', '2007-10-19 06:44:57.530')
INSERT INTO [dbo].[Customer] ([CustomerId], [EmailAddress], [FirstName], [LastName], [DateCreated], [DateModified]) VALUES (708, N'egyngg75@ragjzc.org', N'Roy', N'Reid', '2004-11-18 01:06:55.750', '2006-03-24 16:31:37.560')
INSERT INTO [dbo].[Customer] ([CustomerId], [EmailAddress], [FirstName], [LastName], [DateCreated], [DateModified]) VALUES (709, N'pyrgw.udtruq@vfofyj.kqqzuu.net', N'Jane', N'Calhoun', '2007-05-30 06:33:31.650', '2008-07-14 13:50:29.150')
INSERT INTO [dbo].[Customer] ([CustomerId], [EmailAddress], [FirstName], [LastName], [DateCreated], [DateModified]) VALUES (710, N'rffizgp.ropeyw@fmkejx.org', N'Valerie', N'Wise', '2012-07-09 18:51:06.920', '2013-08-16 21:53:15.550')
INSERT INTO [dbo].[Customer] ([CustomerId], [EmailAddress], [FirstName], [LastName], [DateCreated], [DateModified]) VALUES (711, N'snapwux.bloim@nyokusmu.-ogkbg.org', N'Tonia', N'O''Connor', '2009-12-03 00:45:33.580', '2010-08-21 09:19:03.830')
INSERT INTO [dbo].[Customer] ([CustomerId], [EmailAddress], [FirstName], [LastName], [DateCreated], [DateModified]) VALUES (712, N'yhsobtwq.wkkqteer@qpzbgyv.pntucj.com', N'Jesse', N'Castillo', '2006-05-07 08:44:55.250', '2006-10-06 13:33:49.530')
INSERT INTO [dbo].[Customer] ([CustomerId], [EmailAddress], [FirstName], [LastName], [DateCreated], [DateModified]) VALUES (713, N'psmertej.gjvcglvz@hrhcyq.org', N'Rogelio', N'Navarro', '2008-01-15 20:34:17.590', '2008-05-31 05:02:43.830')
INSERT INTO [dbo].[Customer] ([CustomerId], [EmailAddress], [FirstName], [LastName], [DateCreated], [DateModified]) VALUES (714, N'pcgahopm68@mvrlkn.hydwzw.net', N'Lindsay', N'Randall', '2009-11-02 02:36:35.160', '2010-04-13 06:13:45.360')
INSERT INTO [dbo].[Customer] ([CustomerId], [EmailAddress], [FirstName], [LastName], [DateCreated], [DateModified]) VALUES (715, N'igatcum025@nhqyre.com', N'Peter', N'Huang', '2004-06-22 09:47:49.510', '2005-02-25 04:25:07.210')
INSERT INTO [dbo].[Customer] ([CustomerId], [EmailAddress], [FirstName], [LastName], [DateCreated], [DateModified]) VALUES (716, N'mgmthd366@ardj.zrkic-.com', N'Krystal', N'Hancock', '2004-11-28 23:50:40.200', '2005-10-07 22:23:50.270')
INSERT INTO [dbo].[Customer] ([CustomerId], [EmailAddress], [FirstName], [LastName], [DateCreated], [DateModified]) VALUES (717, N'kwgaetyw.ginib@pwskn.mpweu-.org', N'Amber', N'Stanton', '2017-05-28 23:57:09.380', '2018-10-03 14:56:10.880')
INSERT INTO [dbo].[Customer] ([CustomerId], [EmailAddress], [FirstName], [LastName], [DateCreated], [DateModified]) VALUES (718, N'mfftfxhm.zgxwahrpip@vqxftk.org', N'Alissa', N'Wise', '2016-06-26 18:23:28.450', '2016-12-07 10:12:16.100')
INSERT INTO [dbo].[Customer] ([CustomerId], [EmailAddress], [FirstName], [LastName], [DateCreated], [DateModified]) VALUES (719, N'dwrqud8@cyokgs.oondrn.com', N'Timothy', N'Tanner', '2005-09-22 20:26:46.290', '2006-08-30 03:33:37.850')
INSERT INTO [dbo].[Customer] ([CustomerId], [EmailAddress], [FirstName], [LastName], [DateCreated], [DateModified]) VALUES (720, N'jowzdve@hbxact.alfgfq.com', N'Ivan', N'Ashley', '2007-11-09 16:09:44.630', '2008-12-07 03:19:14.850')
INSERT INTO [dbo].[Customer] ([CustomerId], [EmailAddress], [FirstName], [LastName], [DateCreated], [DateModified]) VALUES (721, N'wsazddbn.sxcrxo@qkorok.com', N'Lydia', N'Cannon', '2014-02-24 06:22:38.420', '2014-03-10 22:33:05.950')
INSERT INTO [dbo].[Customer] ([CustomerId], [EmailAddress], [FirstName], [LastName], [DateCreated], [DateModified]) VALUES (722, N'mcbcif943@mfod.iv-jor.net', N'Walter', N'Petersen', '2004-04-22 22:49:49.920', '2005-03-03 08:50:17.880')
INSERT INTO [dbo].[Customer] ([CustomerId], [EmailAddress], [FirstName], [LastName], [DateCreated], [DateModified]) VALUES (723, N'zcne5@zlrjml.org', N'Roy', N'Beltran', '2009-05-29 21:05:14.410', '2010-09-06 13:49:11.230')
INSERT INTO [dbo].[Customer] ([CustomerId], [EmailAddress], [FirstName], [LastName], [DateCreated], [DateModified]) VALUES (724, N'leoie520@bnijje.com', N'Jamison', N'Kaufman', '2003-02-14 00:52:41.370', '2003-04-07 20:57:10.610')
INSERT INTO [dbo].[Customer] ([CustomerId], [EmailAddress], [FirstName], [LastName], [DateCreated], [DateModified]) VALUES (725, N'viumkv498@sdne.vwlpwm.net', N'Elisabeth', N'Serrano', '2011-06-23 07:53:45.520', '2012-04-02 12:26:56.500')
INSERT INTO [dbo].[Customer] ([CustomerId], [EmailAddress], [FirstName], [LastName], [DateCreated], [DateModified]) VALUES (726, N'omch.cnwcjbxi@bieeoj.com', N'Don', N'Lang', '2014-11-27 06:06:18.220', '2014-12-29 23:11:11.490')
INSERT INTO [dbo].[Customer] ([CustomerId], [EmailAddress], [FirstName], [LastName], [DateCreated], [DateModified]) VALUES (727, N'fukm425@uzeyohlv.dbrmxn.com', N'Roy', N'Fry', '2007-02-08 03:04:58.230', '2008-01-25 06:51:39.660')
INSERT INTO [dbo].[Customer] ([CustomerId], [EmailAddress], [FirstName], [LastName], [DateCreated], [DateModified]) VALUES (728, N'hskebg854@anmaey.net', N'Molly', N'Tapia', '2011-02-25 03:44:14.070', '2011-06-18 15:16:10.550')
INSERT INTO [dbo].[Customer] ([CustomerId], [EmailAddress], [FirstName], [LastName], [DateCreated], [DateModified]) VALUES (729, N'qxdojrc@ryzu-b.net', N'Tonia', N'Bartlett', '2005-04-09 09:22:24.660', '2006-01-16 13:54:41.120')
INSERT INTO [dbo].[Customer] ([CustomerId], [EmailAddress], [FirstName], [LastName], [DateCreated], [DateModified]) VALUES (730, N'ctrsz05@sopdruh.royc--.net', N'Beth', N'Salinas', '2018-02-19 15:33:26.800', '2018-10-27 07:20:06.760')
INSERT INTO [dbo].[Customer] ([CustomerId], [EmailAddress], [FirstName], [LastName], [DateCreated], [DateModified]) VALUES (731, N'sbsm.fvqzfdk@mwkxzc.net', N'Teddy', N'Cruz', '2006-05-03 13:09:35.980', '2006-10-29 00:54:43.060')
INSERT INTO [dbo].[Customer] ([CustomerId], [EmailAddress], [FirstName], [LastName], [DateCreated], [DateModified]) VALUES (732, N'asmaddq.bfrawt@itmroc.org', N'Angelo', N'Dennis', '2008-06-19 04:58:11.280', '2008-12-02 14:28:56.840')
INSERT INTO [dbo].[Customer] ([CustomerId], [EmailAddress], [FirstName], [LastName], [DateCreated], [DateModified]) VALUES (733, N'zlgpc.xtstm@raincfhoq.xsqihq.com', N'Josephine', N'Compton', '2005-08-24 03:10:24.970', '2006-03-31 04:26:27.150')
INSERT INTO [dbo].[Customer] ([CustomerId], [EmailAddress], [FirstName], [LastName], [DateCreated], [DateModified]) VALUES (734, N'ghdsjb.juhezargcm@bakludski.obgdfe.net', N'Amy', N'Sosa', '2009-10-18 13:49:25.330', '2009-11-05 10:47:29.900')
INSERT INTO [dbo].[Customer] ([CustomerId], [EmailAddress], [FirstName], [LastName], [DateCreated], [DateModified]) VALUES (735, N'qhxa.hldxajg@inewsx.org', N'Tisha', N'Bond', '2017-01-11 19:28:00.240', '2017-05-12 02:50:14.560')
INSERT INTO [dbo].[Customer] ([CustomerId], [EmailAddress], [FirstName], [LastName], [DateCreated], [DateModified]) VALUES (736, N'ftvfexv.idwcdae@izuizg.net', N'Jesse', N'Mc Donald', '2006-02-02 17:40:37.810', '2006-06-22 06:31:57.420')
INSERT INTO [dbo].[Customer] ([CustomerId], [EmailAddress], [FirstName], [LastName], [DateCreated], [DateModified]) VALUES (737, N'xqai397@hcoidoacz.emaynn.org', N'Erick', N'Merritt', '2004-12-27 23:06:03.970', '2005-10-03 15:56:39.140')
INSERT INTO [dbo].[Customer] ([CustomerId], [EmailAddress], [FirstName], [LastName], [DateCreated], [DateModified]) VALUES (738, N'vuomiz1@meltdqbvr.vydtsr.org', N'Carl', N'Underwood', '2003-10-23 19:51:54.000', '2004-08-04 15:01:53.620')
INSERT INTO [dbo].[Customer] ([CustomerId], [EmailAddress], [FirstName], [LastName], [DateCreated], [DateModified]) VALUES (739, N'krod@uuncjj.net', N'Sean', N'Browning', '2013-06-19 10:40:20.530', '2014-05-07 12:12:06.560')
INSERT INTO [dbo].[Customer] ([CustomerId], [EmailAddress], [FirstName], [LastName], [DateCreated], [DateModified]) VALUES (740, N'myutxims.avkrp@ttmmiuogs.ggohka.org', N'Terrell', N'Warren', '2014-09-06 19:58:25.560', '2015-03-10 03:17:46.920')
INSERT INTO [dbo].[Customer] ([CustomerId], [EmailAddress], [FirstName], [LastName], [DateCreated], [DateModified]) VALUES (741, N'txjccev.wradegb@koddem.org', N'Staci', N'Cabrera', '2012-09-19 14:17:18.650', '2013-09-30 23:49:11.000')
INSERT INTO [dbo].[Customer] ([CustomerId], [EmailAddress], [FirstName], [LastName], [DateCreated], [DateModified]) VALUES (742, N'fmznpu83@rhrtfs.com', N'Peter', N'Blake', '2011-05-16 12:08:18.930', '2012-04-18 03:51:54.070')
INSERT INTO [dbo].[Customer] ([CustomerId], [EmailAddress], [FirstName], [LastName], [DateCreated], [DateModified]) VALUES (743, N'scanr.ndpswx@io-fwr.net', N'Tonya', N'Carson', '2011-11-20 06:02:54.910', '2012-09-30 13:19:20.810')
INSERT INTO [dbo].[Customer] ([CustomerId], [EmailAddress], [FirstName], [LastName], [DateCreated], [DateModified]) VALUES (744, N'wkyzcxj.ynudlmv@ugfruu.org', N'Dean', N'Carlson', '2006-11-10 09:31:09.240', '2007-03-31 02:10:14.530')
INSERT INTO [dbo].[Customer] ([CustomerId], [EmailAddress], [FirstName], [LastName], [DateCreated], [DateModified]) VALUES (745, N'ifflszz.dsunqtrfy@vxcfl.wkadod.net', N'Lawanda', N'Neal', '2003-08-14 15:51:53.950', '2004-08-22 00:19:59.910')
INSERT INTO [dbo].[Customer] ([CustomerId], [EmailAddress], [FirstName], [LastName], [DateCreated], [DateModified]) VALUES (746, N'oesbf.ihjcb@nomwjg.com', N'Bryant', N'Morrow', '2009-03-28 05:51:27.560', '2009-08-15 20:59:35.630')
INSERT INTO [dbo].[Customer] ([CustomerId], [EmailAddress], [FirstName], [LastName], [DateCreated], [DateModified]) VALUES (747, N'caaado.oowv@ydswam.sbj-rx.com', N'Kent', N'Myers', '2012-01-06 02:24:51.110', '2012-02-24 23:37:00.350')
INSERT INTO [dbo].[Customer] ([CustomerId], [EmailAddress], [FirstName], [LastName], [DateCreated], [DateModified]) VALUES (748, N'suqed0@gqivoev.zqidmf.org', N'Elena', N'Dalton', '2013-04-16 14:49:36.840', '2014-04-19 17:38:36.990')
INSERT INTO [dbo].[Customer] ([CustomerId], [EmailAddress], [FirstName], [LastName], [DateCreated], [DateModified]) VALUES (749, N'kyqz2@ugqy.fcmmtv.org', N'Emma', N'Matthews', '2011-02-18 15:17:44.340', '2012-04-19 04:06:14.450')
INSERT INTO [dbo].[Customer] ([CustomerId], [EmailAddress], [FirstName], [LastName], [DateCreated], [DateModified]) VALUES (750, N'nfep.ingjc@ukfzp.aztyed.com', N'Andre', N'Hooper', '2010-08-30 03:52:04.130', '2010-10-05 01:35:29.870')
INSERT INTO [dbo].[Customer] ([CustomerId], [EmailAddress], [FirstName], [LastName], [DateCreated], [DateModified]) VALUES (751, N'gqamfon88@yhnwnq.net', N'Bobbie', N'House', '2007-02-08 20:25:31.130', '2008-02-25 17:56:16.850')
INSERT INTO [dbo].[Customer] ([CustomerId], [EmailAddress], [FirstName], [LastName], [DateCreated], [DateModified]) VALUES (752, N'sindlf.hzkml@fxws.jzjcx-.org', N'Marsha', N'Hansen', '2010-11-08 02:25:49.800', '2012-01-01 08:07:42.150')
INSERT INTO [dbo].[Customer] ([CustomerId], [EmailAddress], [FirstName], [LastName], [DateCreated], [DateModified]) VALUES (753, N'gbqns.iniujpp@lfywl.zrxpbs.net', N'Misty', N'Beltran', '2014-02-08 17:12:36.360', '2014-11-08 23:23:54.700')
INSERT INTO [dbo].[Customer] ([CustomerId], [EmailAddress], [FirstName], [LastName], [DateCreated], [DateModified]) VALUES (754, N'gkdgofi.nposo@puxpsrc.fybzpb.net', N'Johanna', N'Saunders', '2014-06-21 21:26:06.630', '2014-07-26 01:57:21.730')
INSERT INTO [dbo].[Customer] ([CustomerId], [EmailAddress], [FirstName], [LastName], [DateCreated], [DateModified]) VALUES (755, N'kccj08@lkhxpk.nzhvir.com', N'Gwendolyn', N'Roach', '2016-06-25 01:50:07.150', '2016-07-28 05:28:24.400')
INSERT INTO [dbo].[Customer] ([CustomerId], [EmailAddress], [FirstName], [LastName], [DateCreated], [DateModified]) VALUES (756, N'xapdjgr.dplsd@acdgr.iirjab.com', N'Tiffany', N'Beck', '2004-09-25 18:10:16.580', '2006-01-04 20:01:46.060')
INSERT INTO [dbo].[Customer] ([CustomerId], [EmailAddress], [FirstName], [LastName], [DateCreated], [DateModified]) VALUES (757, N'bkob47@utntzzwk.pvfohq.net', N'Jeanine', N'Baker', '2003-02-23 01:41:25.020', '2004-06-27 16:07:11.650')
INSERT INTO [dbo].[Customer] ([CustomerId], [EmailAddress], [FirstName], [LastName], [DateCreated], [DateModified]) VALUES (758, N'glzfp@wquyggav.xlojsn.com', N'Arnold', N'Kaufman', '2010-05-05 01:01:05.440', '2010-06-01 09:24:45.650')
INSERT INTO [dbo].[Customer] ([CustomerId], [EmailAddress], [FirstName], [LastName], [DateCreated], [DateModified]) VALUES (759, N'yevvgkk.idcfqsstc@vjofsw.lbwslo.org', N'Guillermo', N'Schmidt', '2012-11-12 15:47:59.420', '2013-01-14 09:24:20.270')
INSERT INTO [dbo].[Customer] ([CustomerId], [EmailAddress], [FirstName], [LastName], [DateCreated], [DateModified]) VALUES (760, N'qfjqgjha.tght@ph-npp.com', N'Tim', N'Blackburn', '2016-08-06 06:50:27.130', '2017-11-30 09:04:13.210')
INSERT INTO [dbo].[Customer] ([CustomerId], [EmailAddress], [FirstName], [LastName], [DateCreated], [DateModified]) VALUES (761, N'krzniprn.cmklzgn@jyplsf.ccnro-.com', N'Nathaniel', N'Salazar', '2012-01-27 04:30:58.630', '2013-05-17 00:24:39.910')
INSERT INTO [dbo].[Customer] ([CustomerId], [EmailAddress], [FirstName], [LastName], [DateCreated], [DateModified]) VALUES (762, N'goktrje86@diuagzge.fghbln.net', N'Shanna', N'Howell', '2014-03-30 21:27:44.660', '2014-07-22 15:28:47.980')
INSERT INTO [dbo].[Customer] ([CustomerId], [EmailAddress], [FirstName], [LastName], [DateCreated], [DateModified]) VALUES (763, N'xbxeflv.heshqa@zvtrha.com', N'Meredith', N'Fuentes', '2017-10-30 15:44:31.090', '2018-05-28 02:36:57.430')
INSERT INTO [dbo].[Customer] ([CustomerId], [EmailAddress], [FirstName], [LastName], [DateCreated], [DateModified]) VALUES (764, N'lhdlpxqh@ayxyfp.net', N'Marilyn', N'Little', '2007-06-29 15:00:04.850', '2007-12-08 06:30:23.380')
INSERT INTO [dbo].[Customer] ([CustomerId], [EmailAddress], [FirstName], [LastName], [DateCreated], [DateModified]) VALUES (765, N'mnpgmcmt6@cucrha.com', N'Chastity', N'Moran', '2009-03-09 05:41:30.930', '2009-10-19 20:58:33.480')
INSERT INTO [dbo].[Customer] ([CustomerId], [EmailAddress], [FirstName], [LastName], [DateCreated], [DateModified]) VALUES (766, N'kgtkiz@rigoxr.net', N'Roger', N'Johnson', '2004-06-15 19:47:22.300', '2004-09-18 18:50:07.990')
INSERT INTO [dbo].[Customer] ([CustomerId], [EmailAddress], [FirstName], [LastName], [DateCreated], [DateModified]) VALUES (767, N'nkxb69@tgxohm.org', N'Lance', N'Carlson', '2003-09-14 05:34:30.280', '2004-11-20 09:07:23.390')
INSERT INTO [dbo].[Customer] ([CustomerId], [EmailAddress], [FirstName], [LastName], [DateCreated], [DateModified]) VALUES (768, N'wveclvk@nwkuhn.net', N'Claude', N'Hoover', '2016-06-18 06:44:52.260', '2016-10-14 18:15:14.930')
INSERT INTO [dbo].[Customer] ([CustomerId], [EmailAddress], [FirstName], [LastName], [DateCreated], [DateModified]) VALUES (769, N'iuluj@ocbunr.avjzbr.com', N'Lester', N'Frey', '2011-01-10 07:08:34.920', '2011-02-21 03:23:31.800')
INSERT INTO [dbo].[Customer] ([CustomerId], [EmailAddress], [FirstName], [LastName], [DateCreated], [DateModified]) VALUES (770, N'arkgilp87@bvbnqwo.om-dpt.com', N'Stefanie', N'Franco', '2016-08-08 16:07:11.700', '2016-11-24 21:53:10.790')
INSERT INTO [dbo].[Customer] ([CustomerId], [EmailAddress], [FirstName], [LastName], [DateCreated], [DateModified]) VALUES (771, N'aprlcurr.cycty@kz-ikk.net', N'Darrin', N'Davila', '2018-02-21 00:44:36.230', '2018-03-26 06:27:12.120')
INSERT INTO [dbo].[Customer] ([CustomerId], [EmailAddress], [FirstName], [LastName], [DateCreated], [DateModified]) VALUES (772, N'nlej7@igaa.gdjwuu.com', N'Esther', N'Cummings', '2016-08-06 04:05:15.370', '2017-02-28 23:54:18.240')
INSERT INTO [dbo].[Customer] ([CustomerId], [EmailAddress], [FirstName], [LastName], [DateCreated], [DateModified]) VALUES (773, N'voeyf.uodwpoi@oejvflsu.brwyoq.org', N'Marianne', N'Leach', '2006-01-08 07:43:07.910', '2006-12-15 22:00:10.530')
INSERT INTO [dbo].[Customer] ([CustomerId], [EmailAddress], [FirstName], [LastName], [DateCreated], [DateModified]) VALUES (774, N'uqqfemy.tcektyrdiq@ojvks.apw-mv.com', N'Nicholas', N'Morton', '2009-04-07 00:28:20.740', '2009-09-11 00:15:51.930')
INSERT INTO [dbo].[Customer] ([CustomerId], [EmailAddress], [FirstName], [LastName], [DateCreated], [DateModified]) VALUES (775, N'svckr166@itdvf-.com', N'Heather', N'Norris', '2013-05-11 01:52:25.980', '2013-05-28 03:30:04.840')
INSERT INTO [dbo].[Customer] ([CustomerId], [EmailAddress], [FirstName], [LastName], [DateCreated], [DateModified]) VALUES (776, N'fguulk.ftpiaygwbx@okreuw.net', N'Ramiro', N'Martinez', '2005-10-11 18:14:19.490', '2006-04-06 18:41:12.890')
INSERT INTO [dbo].[Customer] ([CustomerId], [EmailAddress], [FirstName], [LastName], [DateCreated], [DateModified]) VALUES (777, N'latmgyo292@xyahuj.com', N'Damon', N'Davis', '2010-08-23 16:46:55.010', '2012-01-04 19:30:58.070')
INSERT INTO [dbo].[Customer] ([CustomerId], [EmailAddress], [FirstName], [LastName], [DateCreated], [DateModified]) VALUES (778, N'uibrwuo.pqopfzccck@tzsjkn.net', N'Chad', N'Vance', '2005-07-20 11:34:05.160', '2006-06-09 11:38:57.690')
INSERT INTO [dbo].[Customer] ([CustomerId], [EmailAddress], [FirstName], [LastName], [DateCreated], [DateModified]) VALUES (779, N'mcjucgll.uxmhjqaprz@r-sn-i.org', N'Jarrod', N'Skinner', '2017-09-21 09:00:47.420', '2018-03-19 20:37:11.700')
INSERT INTO [dbo].[Customer] ([CustomerId], [EmailAddress], [FirstName], [LastName], [DateCreated], [DateModified]) VALUES (780, N'lgvknmh.yormaqw@pcjvwtf.jibofa.org', N'Kellie', N'Davis', '2005-03-28 02:02:17.950', '2005-08-18 15:27:21.860')
INSERT INTO [dbo].[Customer] ([CustomerId], [EmailAddress], [FirstName], [LastName], [DateCreated], [DateModified]) VALUES (781, N'qncbtwi742@jweotf.net', N'Rebecca', N'Goodwin', '2005-11-22 03:41:27.100', '2007-03-19 23:34:12.140')
INSERT INTO [dbo].[Customer] ([CustomerId], [EmailAddress], [FirstName], [LastName], [DateCreated], [DateModified]) VALUES (782, N'kbfhc.xsmpej@hsttc.biymry.org', N'Misti', N'Garza', '2012-01-13 12:15:21.400', '2013-05-10 13:13:03.680')
INSERT INTO [dbo].[Customer] ([CustomerId], [EmailAddress], [FirstName], [LastName], [DateCreated], [DateModified]) VALUES (783, N'rhwkaca.tkpfayr@gbyv-l.net', N'Arturo', N'Grimes', '2003-01-07 12:26:29.730', '2003-07-14 11:09:57.110')
INSERT INTO [dbo].[Customer] ([CustomerId], [EmailAddress], [FirstName], [LastName], [DateCreated], [DateModified]) VALUES (784, N'hsgu@besujz.kfzjlm.org', N'Edward', N'Walls', '2012-10-30 05:30:20.540', '2013-07-03 12:19:12.260')
INSERT INTO [dbo].[Customer] ([CustomerId], [EmailAddress], [FirstName], [LastName], [DateCreated], [DateModified]) VALUES (785, N'hyjrdk.kpbvipri@rztytyhin.-bilfg.net', N'Felix', N'Leach', '2014-01-11 19:07:55.670', '2015-01-14 13:23:50.910')
INSERT INTO [dbo].[Customer] ([CustomerId], [EmailAddress], [FirstName], [LastName], [DateCreated], [DateModified]) VALUES (786, N'biic@hekvorzi.brieki.net', N'Maureen', N'Sheppard', '2013-09-14 10:43:46.180', '2014-05-31 16:47:01.910')
INSERT INTO [dbo].[Customer] ([CustomerId], [EmailAddress], [FirstName], [LastName], [DateCreated], [DateModified]) VALUES (787, N'fghg.bqvgbv@vpoqbx.net', N'Judith', N'French', '2012-07-30 11:45:34.920', '2013-08-27 15:05:03.140')
INSERT INTO [dbo].[Customer] ([CustomerId], [EmailAddress], [FirstName], [LastName], [DateCreated], [DateModified]) VALUES (788, N'jcaqdppq.nfzq@rpjf.jxmfiv.net', N'Damien', N'Buchanan', '2009-05-24 05:44:18.340', '2009-11-25 02:29:06.420')
INSERT INTO [dbo].[Customer] ([CustomerId], [EmailAddress], [FirstName], [LastName], [DateCreated], [DateModified]) VALUES (789, N'tgwff.gzllafqch@forzn.lgyenk.net', N'Loren', N'Wagner', '2011-07-15 11:59:18.180', '2012-11-11 05:19:06.510')
INSERT INTO [dbo].[Customer] ([CustomerId], [EmailAddress], [FirstName], [LastName], [DateCreated], [DateModified]) VALUES (790, N'wawsq.tvrse@nuvdwo.com', N'Kareem', N'Nunez', '2015-04-19 01:17:43.650', '2015-09-20 06:48:29.500')
INSERT INTO [dbo].[Customer] ([CustomerId], [EmailAddress], [FirstName], [LastName], [DateCreated], [DateModified]) VALUES (791, N'yutitxya.rreetjr@mszg.phtdii.com', N'Beth', N'Ross', '2005-12-11 15:59:12.790', '2006-05-09 14:24:46.770')
INSERT INTO [dbo].[Customer] ([CustomerId], [EmailAddress], [FirstName], [LastName], [DateCreated], [DateModified]) VALUES (792, N'drcczig.vzdmh@almmpd.com', N'Heath', N'Cantu', '2012-11-13 22:04:58.530', '2013-07-24 06:31:54.490')
INSERT INTO [dbo].[Customer] ([CustomerId], [EmailAddress], [FirstName], [LastName], [DateCreated], [DateModified]) VALUES (793, N'nktl@-kmnbq.com', N'Douglas', N'Moran', '2009-03-01 04:03:54.580', '2009-10-10 05:37:34.350')
INSERT INTO [dbo].[Customer] ([CustomerId], [EmailAddress], [FirstName], [LastName], [DateCreated], [DateModified]) VALUES (794, N'dcrxzdw41@apzebo.com', N'Everett', N'Mata', '2015-02-02 03:49:53.400', '2016-01-09 03:07:54.350')
INSERT INTO [dbo].[Customer] ([CustomerId], [EmailAddress], [FirstName], [LastName], [DateCreated], [DateModified]) VALUES (795, N'utaeqd@kbejnmoa.nkcspt.com', N'Melanie', N'Madden', '2005-08-11 15:27:26.920', '2006-03-08 02:53:08.010')
INSERT INTO [dbo].[Customer] ([CustomerId], [EmailAddress], [FirstName], [LastName], [DateCreated], [DateModified]) VALUES (796, N'vniz@iqrizu.com', N'Lorena', N'Newman', '2016-09-10 16:49:34.000', '2017-05-31 08:20:24.020')
INSERT INTO [dbo].[Customer] ([CustomerId], [EmailAddress], [FirstName], [LastName], [DateCreated], [DateModified]) VALUES (797, N'etvr.npcebdqakl@fgdghgja.uwqktx.org', N'Joe', N'Faulkner', '2011-10-05 20:23:47.840', '2012-02-11 01:14:57.630')
INSERT INTO [dbo].[Customer] ([CustomerId], [EmailAddress], [FirstName], [LastName], [DateCreated], [DateModified]) VALUES (798, N'wxvhtz.yuqr@gfvpgsyl.gqxssk.net', N'Arturo', N'Davidson', '2007-05-24 15:02:50.050', '2007-10-25 06:48:58.410')
INSERT INTO [dbo].[Customer] ([CustomerId], [EmailAddress], [FirstName], [LastName], [DateCreated], [DateModified]) VALUES (799, N'gjmnnhw43@tjvnqmp.qppkhn.net', N'Judy', N'Krueger', '2015-11-23 03:49:38.310', '2017-01-12 05:11:42.050')
INSERT INTO [dbo].[Customer] ([CustomerId], [EmailAddress], [FirstName], [LastName], [DateCreated], [DateModified]) VALUES (800, N'hzme38@xyczhp.org', N'Bryon', N'Benson', '2017-05-19 20:04:31.660', '2018-02-22 05:29:52.920')
INSERT INTO [dbo].[Customer] ([CustomerId], [EmailAddress], [FirstName], [LastName], [DateCreated], [DateModified]) VALUES (801, N'ohcedzdd.xcftf@kwezh-.net', N'Jodie', N'Byrd', '2008-07-15 00:16:57.280', '2009-02-07 11:52:13.240')
INSERT INTO [dbo].[Customer] ([CustomerId], [EmailAddress], [FirstName], [LastName], [DateCreated], [DateModified]) VALUES (802, N'xorar319@cwmaj.ozqmct.com', N'Alex', N'Greer', '2013-10-08 19:39:58.850', '2014-12-14 05:21:46.430')
INSERT INTO [dbo].[Customer] ([CustomerId], [EmailAddress], [FirstName], [LastName], [DateCreated], [DateModified]) VALUES (803, N'xsxd13@mcxmxua.uvxnjd.com', N'Anitra', N'Marks', '2005-04-07 07:41:01.910', '2006-02-27 14:15:06.180')
INSERT INTO [dbo].[Customer] ([CustomerId], [EmailAddress], [FirstName], [LastName], [DateCreated], [DateModified]) VALUES (804, N'lzdjlx4@budqsqc.fxbbwm.com', N'Stephen', N'Sawyer', '2012-09-30 23:10:32.640', '2013-08-14 06:13:04.660')
INSERT INTO [dbo].[Customer] ([CustomerId], [EmailAddress], [FirstName], [LastName], [DateCreated], [DateModified]) VALUES (805, N'scii.sudgvzp@aphz-q.org', N'Irene', N'Anderson', '2010-09-28 03:07:27.900', '2010-09-30 19:08:18.740')
INSERT INTO [dbo].[Customer] ([CustomerId], [EmailAddress], [FirstName], [LastName], [DateCreated], [DateModified]) VALUES (806, N'xhpkpix@upby.naimku.org', N'Jamal', N'Manning', '2008-09-23 16:20:15.760', '2009-03-17 18:01:59.610')
INSERT INTO [dbo].[Customer] ([CustomerId], [EmailAddress], [FirstName], [LastName], [DateCreated], [DateModified]) VALUES (807, N'qram.jhnwlbd@lfayxqvqa.pkyhqu.org', N'Darryl', N'Conner', '2007-10-31 18:42:41.880', '2008-01-17 10:07:32.610')
INSERT INTO [dbo].[Customer] ([CustomerId], [EmailAddress], [FirstName], [LastName], [DateCreated], [DateModified]) VALUES (808, N'quyhksjs.tqxplzwhk@iu--vy.org', N'Tonya', N'Garner', '2007-11-04 16:44:15.620', '2008-02-28 23:08:03.770')
INSERT INTO [dbo].[Customer] ([CustomerId], [EmailAddress], [FirstName], [LastName], [DateCreated], [DateModified]) VALUES (809, N'zwciwm173@yoxit-.org', N'Alfred', N'Ramos', '2004-02-11 19:33:40.640', '2004-02-28 22:27:17.870')
INSERT INTO [dbo].[Customer] ([CustomerId], [EmailAddress], [FirstName], [LastName], [DateCreated], [DateModified]) VALUES (810, N'ljjg.zxhpthhr@iaccvs.bf-jec.net', N'Todd', N'Shannon', '2013-09-14 07:35:47.660', '2014-09-05 10:47:12.510')
INSERT INTO [dbo].[Customer] ([CustomerId], [EmailAddress], [FirstName], [LastName], [DateCreated], [DateModified]) VALUES (811, N'xclomsby28@iyhegb.yxdswg.org', N'Shelley', N'Hopkins', '2012-04-24 01:23:21.570', '2013-08-04 00:30:48.990')
INSERT INTO [dbo].[Customer] ([CustomerId], [EmailAddress], [FirstName], [LastName], [DateCreated], [DateModified]) VALUES (812, N'xuup@dxxhc.tovgny.org', N'Cesar', N'Zimmerman', '2015-10-25 14:07:19.860', '2016-04-09 04:28:14.960')
INSERT INTO [dbo].[Customer] ([CustomerId], [EmailAddress], [FirstName], [LastName], [DateCreated], [DateModified]) VALUES (813, N'awqjzeiv.azhomhs@ccgitq.org', N'Molly', N'Neal', '2010-11-02 16:00:18.030', '2011-10-16 12:47:34.960')
INSERT INTO [dbo].[Customer] ([CustomerId], [EmailAddress], [FirstName], [LastName], [DateCreated], [DateModified]) VALUES (814, N'owptbxuu.dxzn@mgdpfcoo.vy-snw.net', N'Erik', N'Boyd', '2010-08-18 13:45:41.470', '2011-10-11 17:56:59.410')
INSERT INTO [dbo].[Customer] ([CustomerId], [EmailAddress], [FirstName], [LastName], [DateCreated], [DateModified]) VALUES (815, N'btza.cnto@vdpuzw.mkylh-.net', N'Karin', N'Curry', '2013-09-15 03:09:00.030', '2015-01-26 09:30:02.080')
INSERT INTO [dbo].[Customer] ([CustomerId], [EmailAddress], [FirstName], [LastName], [DateCreated], [DateModified]) VALUES (816, N'yubjdky.jhugb@ngzarif.qhembf.net', N'Alyssa', N'White', '2003-01-14 16:15:37.230', '2004-05-21 11:11:37.240')
INSERT INTO [dbo].[Customer] ([CustomerId], [EmailAddress], [FirstName], [LastName], [DateCreated], [DateModified]) VALUES (817, N'sset.eewevlsbh@myaayop.hsuelv.com', N'Vivian', N'Shields', '2014-03-24 09:01:14.920', '2015-05-24 04:18:51.870')
INSERT INTO [dbo].[Customer] ([CustomerId], [EmailAddress], [FirstName], [LastName], [DateCreated], [DateModified]) VALUES (818, N'hbnxi.cvdnntbp@dqiqy.doejmj.net', N'Benjamin', N'Browning', '2008-01-01 10:14:10.550', '2009-04-08 14:17:46.180')
INSERT INTO [dbo].[Customer] ([CustomerId], [EmailAddress], [FirstName], [LastName], [DateCreated], [DateModified]) VALUES (819, N'iitkzt.sqyfubcugd@heeaih.com', N'Natasha', N'Rivas', '2011-09-06 19:52:09.190', '2012-06-26 17:06:33.480')
INSERT INTO [dbo].[Customer] ([CustomerId], [EmailAddress], [FirstName], [LastName], [DateCreated], [DateModified]) VALUES (820, N'djvrwte653@yrrtzdmkd.qmbccr.org', N'Stefanie', N'Clarke', '2013-09-13 18:57:44.750', '2014-12-23 04:11:32.580')
INSERT INTO [dbo].[Customer] ([CustomerId], [EmailAddress], [FirstName], [LastName], [DateCreated], [DateModified]) VALUES (821, N'jgyiv08@pnkgff.com', N'Trisha', N'Cardenas', '2010-02-05 08:01:47.390', '2010-08-26 03:45:05.870')
INSERT INTO [dbo].[Customer] ([CustomerId], [EmailAddress], [FirstName], [LastName], [DateCreated], [DateModified]) VALUES (822, N'pigvtfl60@pxyxdpwk.xfpoov.org', N'Nathaniel', N'Ellison', '2012-07-11 23:50:11.940', '2013-03-17 06:38:17.960')
INSERT INTO [dbo].[Customer] ([CustomerId], [EmailAddress], [FirstName], [LastName], [DateCreated], [DateModified]) VALUES (823, N'wwpimjd132@vvm-ql.com', N'Marco', N'Chandler', '2007-12-05 18:45:34.080', '2008-04-17 12:56:09.420')
INSERT INTO [dbo].[Customer] ([CustomerId], [EmailAddress], [FirstName], [LastName], [DateCreated], [DateModified]) VALUES (824, N'qrzdkzfd.teuelz@vmymld.lktbne.net', N'Leigh', N'Keith', '2013-12-13 05:50:51.270', '2015-01-04 20:35:03.310')
INSERT INTO [dbo].[Customer] ([CustomerId], [EmailAddress], [FirstName], [LastName], [DateCreated], [DateModified]) VALUES (825, N'tgyj@bmvmtqrk.xcqxdc.org', N'Kelly', N'Mc Guire', '2013-08-29 00:07:58.910', '2014-12-01 07:28:25.020')
INSERT INTO [dbo].[Customer] ([CustomerId], [EmailAddress], [FirstName], [LastName], [DateCreated], [DateModified]) VALUES (826, N'qyom393@nqto.fw-qrt.net', N'Greg', N'Wells', '2008-04-09 02:39:37.700', '2009-01-14 23:55:18.630')
INSERT INTO [dbo].[Customer] ([CustomerId], [EmailAddress], [FirstName], [LastName], [DateCreated], [DateModified]) VALUES (827, N'jpqbe.csnsao@ikmjpt.net', N'Philip', N'Wilson', '2010-06-08 00:01:20.790', '2011-10-04 18:16:44.890')
INSERT INTO [dbo].[Customer] ([CustomerId], [EmailAddress], [FirstName], [LastName], [DateCreated], [DateModified]) VALUES (828, N'doyr518@dlmhv.kvvban.org', N'Brandon', N'Mays', '2009-02-25 03:53:14.520', '2009-02-25 18:52:17.190')
INSERT INTO [dbo].[Customer] ([CustomerId], [EmailAddress], [FirstName], [LastName], [DateCreated], [DateModified]) VALUES (829, N'wrfeif7@ffizdk.xspoxc.net', N'John', N'Bruce', '2006-08-27 09:00:53.810', '2007-11-18 21:22:44.920')
INSERT INTO [dbo].[Customer] ([CustomerId], [EmailAddress], [FirstName], [LastName], [DateCreated], [DateModified]) VALUES (830, N'fyat814@znxvprz.pfcvrs.org', N'Andrea', N'Edwards', '2014-11-19 09:02:51.990', '2015-07-31 19:09:41.830')
INSERT INTO [dbo].[Customer] ([CustomerId], [EmailAddress], [FirstName], [LastName], [DateCreated], [DateModified]) VALUES (831, N'kxguc00@kmkcwovkh.x-xxhb.net', N'Elias', N'Cole', '2012-03-27 21:50:31.650', '2012-05-15 17:26:16.260')
INSERT INTO [dbo].[Customer] ([CustomerId], [EmailAddress], [FirstName], [LastName], [DateCreated], [DateModified]) VALUES (832, N'cjaxjkge.ndxtdqoif@hwixrmxi.tjryzb.net', N'Ann', N'Buck', '2006-04-02 01:44:04.960', '2007-03-13 12:42:00.650')
INSERT INTO [dbo].[Customer] ([CustomerId], [EmailAddress], [FirstName], [LastName], [DateCreated], [DateModified]) VALUES (833, N'cavsxo.cdwgjzwov@szsxhv.net', N'Jody', N'Blackburn', '2007-11-17 07:44:26.860', '2008-12-29 06:27:16.650')
INSERT INTO [dbo].[Customer] ([CustomerId], [EmailAddress], [FirstName], [LastName], [DateCreated], [DateModified]) VALUES (834, N'dlyuar235@ltoibbnu.cbcpgn.com', N'Jermaine', N'Mendez', '2003-05-05 12:56:15.760', '2004-06-09 15:07:19.790')
INSERT INTO [dbo].[Customer] ([CustomerId], [EmailAddress], [FirstName], [LastName], [DateCreated], [DateModified]) VALUES (835, N'nxcctsdj.htrghl@feohthrp.vqkjnw.org', N'Alexandra', N'Shannon', '2014-12-03 01:45:20.670', '2016-02-12 03:35:09.620')
INSERT INTO [dbo].[Customer] ([CustomerId], [EmailAddress], [FirstName], [LastName], [DateCreated], [DateModified]) VALUES (836, N'qherb@fawwvsj.henfcu.com', N'Esteban', N'Krueger', '2010-05-05 08:01:28.250', '2010-06-25 18:12:26.700')
INSERT INTO [dbo].[Customer] ([CustomerId], [EmailAddress], [FirstName], [LastName], [DateCreated], [DateModified]) VALUES (837, N'jhskfswo1@espbhb.tm-yak.org', N'Lynn', N'Wilkinson', '2009-10-08 04:34:19.480', '2010-03-13 22:57:58.490')
INSERT INTO [dbo].[Customer] ([CustomerId], [EmailAddress], [FirstName], [LastName], [DateCreated], [DateModified]) VALUES (838, N'pommt1@hmdhj.nhicmy.org', N'Shannon', N'Mc Knight', '2008-06-27 13:15:57.100', '2009-07-03 04:56:53.460')
INSERT INTO [dbo].[Customer] ([CustomerId], [EmailAddress], [FirstName], [LastName], [DateCreated], [DateModified]) VALUES (839, N'ttlw@mfzye.gclohf.net', N'Ricky', N'Galvan', '2005-02-02 02:22:52.630', '2005-10-03 17:10:54.500')
INSERT INTO [dbo].[Customer] ([CustomerId], [EmailAddress], [FirstName], [LastName], [DateCreated], [DateModified]) VALUES (840, N'nmdwkt163@-avxnm.com', N'Erick', N'Rhodes', '2008-04-20 02:47:39.900', '2008-10-29 19:21:52.290')
INSERT INTO [dbo].[Customer] ([CustomerId], [EmailAddress], [FirstName], [LastName], [DateCreated], [DateModified]) VALUES (841, N'yhlawbfr.ywegzt@ptjajon.fbqqts.com', N'Faith', N'Adkins', '2008-11-14 16:01:04.300', '2009-05-15 06:39:30.300')
INSERT INTO [dbo].[Customer] ([CustomerId], [EmailAddress], [FirstName], [LastName], [DateCreated], [DateModified]) VALUES (842, N'oerwns.gzltouc@extqxy.lyud-g.net', N'Susan', N'Kelly', '2007-09-26 19:01:19.290', '2008-06-29 15:57:00.350')
INSERT INTO [dbo].[Customer] ([CustomerId], [EmailAddress], [FirstName], [LastName], [DateCreated], [DateModified]) VALUES (843, N'jqrubnvx.ukdu@zndpvtx.fujoxr.com', N'Corey', N'Marquez', '2008-04-12 10:10:37.700', '2008-09-27 04:01:49.540')
INSERT INTO [dbo].[Customer] ([CustomerId], [EmailAddress], [FirstName], [LastName], [DateCreated], [DateModified]) VALUES (844, N'cgjy00@vsdotrpie.cgjps-.com', N'Leticia', N'Maxwell', '2016-01-20 04:23:30.530', '2016-05-27 18:31:55.000')
INSERT INTO [dbo].[Customer] ([CustomerId], [EmailAddress], [FirstName], [LastName], [DateCreated], [DateModified]) VALUES (845, N'cgzgnuh.kjrldgux@rbszpn.vvwtfb.net', N'Ramiro', N'Jackson', '2005-12-25 23:54:22.070', '2006-07-01 06:17:41.500')
INSERT INTO [dbo].[Customer] ([CustomerId], [EmailAddress], [FirstName], [LastName], [DateCreated], [DateModified]) VALUES (846, N'xcbp28@ymbaapsn.xdjfjs.com', N'Krystal', N'Gaines', '2008-05-08 01:51:52.930', '2009-09-02 09:56:32.820')
INSERT INTO [dbo].[Customer] ([CustomerId], [EmailAddress], [FirstName], [LastName], [DateCreated], [DateModified]) VALUES (847, N'mare@dthzdk.org', N'Cynthia', N'Maxwell', '2005-01-12 06:04:40.490', '2006-02-20 17:44:20.530')
INSERT INTO [dbo].[Customer] ([CustomerId], [EmailAddress], [FirstName], [LastName], [DateCreated], [DateModified]) VALUES (848, N'vrawvu758@vrwpiu.net', N'Vanessa', N'Knight', '2016-10-02 14:18:13.120', '2017-08-02 11:40:35.950')
INSERT INTO [dbo].[Customer] ([CustomerId], [EmailAddress], [FirstName], [LastName], [DateCreated], [DateModified]) VALUES (849, N'arnluw.oimzxkss@rtpksc.net', N'Emma', N'Owen', '2004-05-20 00:40:53.360', '2005-04-27 17:37:53.270')
INSERT INTO [dbo].[Customer] ([CustomerId], [EmailAddress], [FirstName], [LastName], [DateCreated], [DateModified]) VALUES (850, N'ibljv.xvznkbyl@firpky.org', N'Leon', N'Bonilla', '2005-07-28 23:11:49.680', '2006-03-01 15:41:31.770')
INSERT INTO [dbo].[Customer] ([CustomerId], [EmailAddress], [FirstName], [LastName], [DateCreated], [DateModified]) VALUES (851, N'gdbz.jlco@enwo-o.net', N'Lydia', N'Liu', '2005-06-20 07:48:19.070', '2006-05-23 04:01:33.140')
INSERT INTO [dbo].[Customer] ([CustomerId], [EmailAddress], [FirstName], [LastName], [DateCreated], [DateModified]) VALUES (852, N'ictiygmu812@miygbd.yjrtzs.com', N'Robert', N'Boyd', '2006-10-05 10:09:37.290', '2007-03-19 10:57:12.460')
INSERT INTO [dbo].[Customer] ([CustomerId], [EmailAddress], [FirstName], [LastName], [DateCreated], [DateModified]) VALUES (853, N'pvfzndkt45@rqqs.jgahra.com', N'Noah', N'Mckee', '2013-12-06 19:10:40.870', '2014-12-01 13:42:25.950')
INSERT INTO [dbo].[Customer] ([CustomerId], [EmailAddress], [FirstName], [LastName], [DateCreated], [DateModified]) VALUES (854, N'iqehuiem@lcpx.pouysa.org', N'Malcolm', N'O''Connor', '2005-03-11 08:51:53.550', '2006-06-05 01:00:10.470')
INSERT INTO [dbo].[Customer] ([CustomerId], [EmailAddress], [FirstName], [LastName], [DateCreated], [DateModified]) VALUES (855, N'tcvonoy@warfznpsi.mgrdia.com', N'Camille', N'Pineda', '2010-04-14 12:02:44.260', '2010-06-30 01:44:48.040')
INSERT INTO [dbo].[Customer] ([CustomerId], [EmailAddress], [FirstName], [LastName], [DateCreated], [DateModified]) VALUES (856, N'eppbaa95@vlbnbyz.ukciun.org', N'Deana', N'Wall', '2014-03-25 00:26:45.350', '2015-06-27 05:13:56.300')
INSERT INTO [dbo].[Customer] ([CustomerId], [EmailAddress], [FirstName], [LastName], [DateCreated], [DateModified]) VALUES (857, N'dkem8@vaqzqpb.yxafdb.com', N'Helen', N'Patel', '2008-11-04 00:54:24.770', '2009-08-28 16:25:38.000')
INSERT INTO [dbo].[Customer] ([CustomerId], [EmailAddress], [FirstName], [LastName], [DateCreated], [DateModified]) VALUES (858, N'dutmgglu538@po-fyi.com', N'Elisabeth', N'Vang', '2009-07-15 01:50:10.650', '2010-09-26 17:40:03.890')
INSERT INTO [dbo].[Customer] ([CustomerId], [EmailAddress], [FirstName], [LastName], [DateCreated], [DateModified]) VALUES (859, N'wbavreoz@tbzgoov.j-skap.com', N'Shana', N'Boyd', '2017-04-23 23:02:33.730', '2018-04-16 22:44:40.640')
INSERT INTO [dbo].[Customer] ([CustomerId], [EmailAddress], [FirstName], [LastName], [DateCreated], [DateModified]) VALUES (860, N'ewltt.kfku@ffplon.com', N'Brenda', N'Richmond', '2005-06-21 00:27:50.190', '2006-01-28 19:13:01.100')
INSERT INTO [dbo].[Customer] ([CustomerId], [EmailAddress], [FirstName], [LastName], [DateCreated], [DateModified]) VALUES (861, N'tqkmvu.pubtxukh@cdoadt.org', N'Israel', N'Rojas', '2016-07-07 16:18:54.980', '2017-01-14 23:45:15.730')
INSERT INTO [dbo].[Customer] ([CustomerId], [EmailAddress], [FirstName], [LastName], [DateCreated], [DateModified]) VALUES (862, N'euczm@fbgxwbb.pswykv.org', N'Kisha', N'Mc Clure', '2016-11-24 14:49:27.370', '2017-02-09 15:15:16.420')
INSERT INTO [dbo].[Customer] ([CustomerId], [EmailAddress], [FirstName], [LastName], [DateCreated], [DateModified]) VALUES (863, N'zlja.qgepbgq@wwje.jrfcnk.com', N'Cathy', N'Hahn', '2004-03-10 07:43:21.810', '2004-08-25 01:45:19.860')
INSERT INTO [dbo].[Customer] ([CustomerId], [EmailAddress], [FirstName], [LastName], [DateCreated], [DateModified]) VALUES (864, N'jssyudnq774@gzvah.-baqak.org', N'Susan', N'Cook', '2007-06-14 10:30:48.660', '2008-03-03 03:17:37.060')
INSERT INTO [dbo].[Customer] ([CustomerId], [EmailAddress], [FirstName], [LastName], [DateCreated], [DateModified]) VALUES (865, N'gmgypxmx47@uqlukya.rkfgio.com', N'Darius', N'Cameron', '2004-06-19 09:45:16.000', '2005-04-22 17:20:57.240')
INSERT INTO [dbo].[Customer] ([CustomerId], [EmailAddress], [FirstName], [LastName], [DateCreated], [DateModified]) VALUES (866, N'tsfmgom.cgiwk@jqhkeg.org', N'Ana', N'Rivas', '2009-01-22 23:39:16.610', '2009-05-24 11:48:49.340')
INSERT INTO [dbo].[Customer] ([CustomerId], [EmailAddress], [FirstName], [LastName], [DateCreated], [DateModified]) VALUES (867, N'eduwrio.wstpxcgeq@rrghwt.net', N'Philip', N'Montoya', '2010-12-09 06:22:53.000', '2011-08-24 22:00:59.310')
INSERT INTO [dbo].[Customer] ([CustomerId], [EmailAddress], [FirstName], [LastName], [DateCreated], [DateModified]) VALUES (868, N'hfbls.dupdoojc@uxmnaf.com', N'Earnest', N'Sullivan', '2010-07-01 03:04:02.270', '2011-09-20 21:40:16.170')
INSERT INTO [dbo].[Customer] ([CustomerId], [EmailAddress], [FirstName], [LastName], [DateCreated], [DateModified]) VALUES (869, N'trnwmzy@vfaspz.com', N'Miguel', N'Hartman', '2013-12-05 12:00:20.810', '2015-04-02 14:21:50.800')
INSERT INTO [dbo].[Customer] ([CustomerId], [EmailAddress], [FirstName], [LastName], [DateCreated], [DateModified]) VALUES (870, N'mkshpg.vkdfzlcyeu@qfdsubel.exopqb.net', N'Lewis', N'Clayton', '2006-05-13 19:07:31.780', '2007-08-03 15:17:36.370')
INSERT INTO [dbo].[Customer] ([CustomerId], [EmailAddress], [FirstName], [LastName], [DateCreated], [DateModified]) VALUES (871, N'kxpwxcat310@sdxgg-.com', N'Angela', N'Townsend', '2011-06-28 11:41:17.760', '2012-05-29 12:13:39.750')
INSERT INTO [dbo].[Customer] ([CustomerId], [EmailAddress], [FirstName], [LastName], [DateCreated], [DateModified]) VALUES (872, N'cfiqmo.jcxtwrlt@zkaugrrcv.sur-xj.com', N'Deanna', N'Salas', '2008-09-26 19:45:17.820', '2008-11-20 23:21:59.410')
INSERT INTO [dbo].[Customer] ([CustomerId], [EmailAddress], [FirstName], [LastName], [DateCreated], [DateModified]) VALUES (873, N'pmneu.beuxbteeeb@hyqzks.pokwwm.org', N'Kelley', N'Bird', '2005-11-29 07:51:17.910', '2006-07-06 21:06:52.660')
INSERT INTO [dbo].[Customer] ([CustomerId], [EmailAddress], [FirstName], [LastName], [DateCreated], [DateModified]) VALUES (874, N'eqouq@wetroqn.uwesyn.org', N'Jodie', N'Austin', '2006-05-19 17:04:29.280', '2006-08-28 21:44:42.180')
INSERT INTO [dbo].[Customer] ([CustomerId], [EmailAddress], [FirstName], [LastName], [DateCreated], [DateModified]) VALUES (875, N'pclqhx@npgmdm.net', N'Jerrod', N'Bell', '2007-10-31 02:56:40.450', '2008-08-09 21:32:03.270')
INSERT INTO [dbo].[Customer] ([CustomerId], [EmailAddress], [FirstName], [LastName], [DateCreated], [DateModified]) VALUES (876, N'cfynbyxx9@clibgjof.twsoax.net', N'Marjorie', N'Norman', '2005-05-12 13:00:28.090', '2006-07-11 11:48:06.510')
INSERT INTO [dbo].[Customer] ([CustomerId], [EmailAddress], [FirstName], [LastName], [DateCreated], [DateModified]) VALUES (877, N'rszulxn474@zxtldy.com', N'Irene', N'Yang', '2007-04-01 13:39:34.230', '2007-06-21 02:36:29.410')
INSERT INTO [dbo].[Customer] ([CustomerId], [EmailAddress], [FirstName], [LastName], [DateCreated], [DateModified]) VALUES (878, N'eeyd848@tyfakr.com', N'Simon', N'Bray', '2010-02-04 14:22:03.550', '2010-02-09 18:24:15.420')
INSERT INTO [dbo].[Customer] ([CustomerId], [EmailAddress], [FirstName], [LastName], [DateCreated], [DateModified]) VALUES (879, N'zfwu.zxuuqtuwto@hljfnp.net', N'Raul', N'Russo', '2010-12-19 05:56:29.190', '2011-07-07 14:17:22.800')
INSERT INTO [dbo].[Customer] ([CustomerId], [EmailAddress], [FirstName], [LastName], [DateCreated], [DateModified]) VALUES (880, N'cwswjur73@anfasggkw.rgnjak.net', N'Lydia', N'Melendez', '2008-04-22 22:16:05.970', '2009-08-12 21:31:53.190')
INSERT INTO [dbo].[Customer] ([CustomerId], [EmailAddress], [FirstName], [LastName], [DateCreated], [DateModified]) VALUES (881, N'faoac@crla.ksgydf.net', N'Benjamin', N'Mc Clure', '2006-03-28 20:34:57.200', '2007-04-09 06:10:59.100')
INSERT INTO [dbo].[Customer] ([CustomerId], [EmailAddress], [FirstName], [LastName], [DateCreated], [DateModified]) VALUES (882, N'ovfqapu6@biozja.org', N'Crystal', N'Crosby', '2011-11-25 09:43:07.670', '2012-05-23 06:36:09.940')
INSERT INTO [dbo].[Customer] ([CustomerId], [EmailAddress], [FirstName], [LastName], [DateCreated], [DateModified]) VALUES (883, N'kdtlelw.cgnvwmtvld@lmzsye.cgocco.net', N'Brandi', N'Rhodes', '2007-10-09 03:12:21.150', '2008-03-15 01:14:24.910')
INSERT INTO [dbo].[Customer] ([CustomerId], [EmailAddress], [FirstName], [LastName], [DateCreated], [DateModified]) VALUES (884, N'btmoszi22@veyx.rzqute.org', N'Antoine', N'Tanner', '2004-01-30 09:49:04.120', '2004-09-19 05:41:14.140')
INSERT INTO [dbo].[Customer] ([CustomerId], [EmailAddress], [FirstName], [LastName], [DateCreated], [DateModified]) VALUES (885, N'suod80@zopqc-.com', N'Annette', N'Manning', '2012-06-01 01:14:32.910', '2013-07-23 15:08:09.680')
INSERT INTO [dbo].[Customer] ([CustomerId], [EmailAddress], [FirstName], [LastName], [DateCreated], [DateModified]) VALUES (886, N'syfhdq80@zggxfm.net', N'Whitney', N'Odom', '2008-06-23 11:40:54.360', '2009-07-12 06:29:04.800')
INSERT INTO [dbo].[Customer] ([CustomerId], [EmailAddress], [FirstName], [LastName], [DateCreated], [DateModified]) VALUES (887, N'vzjudby086@mjpkrxxa.wijbrg.net', N'Dexter', N'White', '2010-07-16 06:33:24.090', '2011-11-13 22:59:35.710')
INSERT INTO [dbo].[Customer] ([CustomerId], [EmailAddress], [FirstName], [LastName], [DateCreated], [DateModified]) VALUES (888, N'qcfqso068@ecas.yhvv-k.net', N'Felicia', N'Saunders', '2005-09-07 22:52:33.300', '2006-12-09 05:27:07.170')
INSERT INTO [dbo].[Customer] ([CustomerId], [EmailAddress], [FirstName], [LastName], [DateCreated], [DateModified]) VALUES (889, N'mltzg62@puuegp.org', N'Angelique', N'Saunders', '2011-04-12 00:53:31.500', '2012-03-01 13:22:32.750')
INSERT INTO [dbo].[Customer] ([CustomerId], [EmailAddress], [FirstName], [LastName], [DateCreated], [DateModified]) VALUES (890, N'umsgjjxj7@vcczj.ktufyn.net', N'Marianne', N'Webb', '2003-09-11 01:18:35.320', '2004-12-30 22:21:14.330')
INSERT INTO [dbo].[Customer] ([CustomerId], [EmailAddress], [FirstName], [LastName], [DateCreated], [DateModified]) VALUES (891, N'addofujb@pisabkm.urrexn.net', N'Lawrence', N'Mcclain', '2004-07-01 07:07:03.470', '2005-03-12 01:46:49.690')
INSERT INTO [dbo].[Customer] ([CustomerId], [EmailAddress], [FirstName], [LastName], [DateCreated], [DateModified]) VALUES (892, N'zgtsjhx05@tyivzmc.tenash.org', N'Tamika', N'Jefferson', '2003-03-27 02:44:08.820', '2003-10-31 05:17:55.600')
INSERT INTO [dbo].[Customer] ([CustomerId], [EmailAddress], [FirstName], [LastName], [DateCreated], [DateModified]) VALUES (893, N'xqszbc.mbilntavev@jkyas.eafqqy.com', N'Brandon', N'Pugh', '2009-05-25 14:13:23.370', '2009-06-07 06:12:13.820')
INSERT INTO [dbo].[Customer] ([CustomerId], [EmailAddress], [FirstName], [LastName], [DateCreated], [DateModified]) VALUES (894, N'jkwij.iixeqnafsw@obnrrg.net', N'Leo', N'Mata', '2017-11-03 01:55:02.450', '2017-11-24 21:57:54.400')
INSERT INTO [dbo].[Customer] ([CustomerId], [EmailAddress], [FirstName], [LastName], [DateCreated], [DateModified]) VALUES (895, N'vtvk@pywliq.org', N'Caleb', N'Hester', '2010-01-02 10:28:44.930', '2010-01-03 19:36:37.560')
INSERT INTO [dbo].[Customer] ([CustomerId], [EmailAddress], [FirstName], [LastName], [DateCreated], [DateModified]) VALUES (896, N'awbsevot.zqvsfb@fommvu.net', N'Marisol', N'Buck', '2010-03-12 01:11:36.930', '2010-06-24 15:24:14.870')
INSERT INTO [dbo].[Customer] ([CustomerId], [EmailAddress], [FirstName], [LastName], [DateCreated], [DateModified]) VALUES (897, N'ptalx.mrvfcsafbr@coxsvx.com', N'Elisa', N'Harvey', '2006-07-19 11:17:57.480', '2006-11-05 14:11:41.490')
INSERT INTO [dbo].[Customer] ([CustomerId], [EmailAddress], [FirstName], [LastName], [DateCreated], [DateModified]) VALUES (898, N'lnnahz.uthuboibk@bfhkwc.net', N'Dexter', N'Estrada', '2003-10-30 23:39:49.040', '2004-12-09 00:44:13.490')
INSERT INTO [dbo].[Customer] ([CustomerId], [EmailAddress], [FirstName], [LastName], [DateCreated], [DateModified]) VALUES (899, N'aszeni.yduxcc@hixuof.net', N'Tia', N'Mccarty', '2014-08-02 18:38:14.520', '2015-06-20 01:10:58.750')
INSERT INTO [dbo].[Customer] ([CustomerId], [EmailAddress], [FirstName], [LastName], [DateCreated], [DateModified]) VALUES (900, N'zlmedcr.konupuln@xpyizl.net', N'Audra', N'Patton', '2015-02-22 00:15:05.470', '2015-04-28 18:28:53.170')
INSERT INTO [dbo].[Customer] ([CustomerId], [EmailAddress], [FirstName], [LastName], [DateCreated], [DateModified]) VALUES (901, N'ngdauwre@wmxosog.solgqv.net', N'Abel', N'Perkins', '2015-08-19 19:28:59.940', '2016-03-30 11:55:34.510')
INSERT INTO [dbo].[Customer] ([CustomerId], [EmailAddress], [FirstName], [LastName], [DateCreated], [DateModified]) VALUES (902, N'bcnsf.qgjurdksp@nkskqkf.jytvjy.net', N'Ruby', N'Higgins', '2012-10-03 03:00:38.230', '2014-01-03 20:04:05.370')
INSERT INTO [dbo].[Customer] ([CustomerId], [EmailAddress], [FirstName], [LastName], [DateCreated], [DateModified]) VALUES (903, N'dyip@hiuomiwx.ein-ql.org', N'Erick', N'Stout', '2005-10-29 02:17:52.310', '2006-09-14 21:18:46.150')
INSERT INTO [dbo].[Customer] ([CustomerId], [EmailAddress], [FirstName], [LastName], [DateCreated], [DateModified]) VALUES (904, N'yofwkz.fgtgo@blchqq.abwtdp.com', N'Paul', N'Mercer', '2016-03-28 05:33:21.590', '2017-04-28 02:20:17.920')
INSERT INTO [dbo].[Customer] ([CustomerId], [EmailAddress], [FirstName], [LastName], [DateCreated], [DateModified]) VALUES (905, N'mmfc14@yufabq.com', N'Judith', N'Patton', '2012-04-21 11:30:31.920', '2013-05-06 03:27:53.020')
INSERT INTO [dbo].[Customer] ([CustomerId], [EmailAddress], [FirstName], [LastName], [DateCreated], [DateModified]) VALUES (906, N'tmpoemwe968@iuhbmwg.-eyrwn.org', N'Marianne', N'Davis', '2014-12-13 12:03:01.260', '2015-09-21 04:39:34.740')
INSERT INTO [dbo].[Customer] ([CustomerId], [EmailAddress], [FirstName], [LastName], [DateCreated], [DateModified]) VALUES (907, N'ggew.xhtgewalg@jxgvoa.org', N'Toby', N'Garza', '2003-11-07 02:18:19.380', '2005-01-25 13:50:20.800')
INSERT INTO [dbo].[Customer] ([CustomerId], [EmailAddress], [FirstName], [LastName], [DateCreated], [DateModified]) VALUES (908, N'ppjgua.dskqjnb@gfrjwo.net', N'Nora', N'Mc Cormick', '2010-07-21 02:06:11.590', '2011-04-05 15:57:44.760')
INSERT INTO [dbo].[Customer] ([CustomerId], [EmailAddress], [FirstName], [LastName], [DateCreated], [DateModified]) VALUES (909, N'ylqtdr326@zfnjws.net', N'Jamison', N'Vega', '2015-08-01 05:55:13.110', '2016-01-15 03:28:08.200')
INSERT INTO [dbo].[Customer] ([CustomerId], [EmailAddress], [FirstName], [LastName], [DateCreated], [DateModified]) VALUES (910, N'jwvk.vmcsajvv@tzaeqz.org', N'Trenton', N'Miles', '2007-12-03 23:02:16.170', '2008-05-03 13:56:42.530')
INSERT INTO [dbo].[Customer] ([CustomerId], [EmailAddress], [FirstName], [LastName], [DateCreated], [DateModified]) VALUES (911, N'hyizdaa.nppuiijjn@rffdso.wrpfjq.com', N'Ralph', N'Black', '2009-12-24 10:47:11.110', '2011-01-07 02:37:27.870')
INSERT INTO [dbo].[Customer] ([CustomerId], [EmailAddress], [FirstName], [LastName], [DateCreated], [DateModified]) VALUES (912, N'wzvicsef914@vbsqsb.net', N'Isabel', N'Dean', '2016-12-19 10:32:21.220', '2017-10-07 22:01:23.580')
INSERT INTO [dbo].[Customer] ([CustomerId], [EmailAddress], [FirstName], [LastName], [DateCreated], [DateModified]) VALUES (913, N'hokdeogf.flkofexm@xsjdez.net', N'Marjorie', N'Dominguez', '2016-10-15 19:53:41.460', '2017-06-11 03:22:42.080')
INSERT INTO [dbo].[Customer] ([CustomerId], [EmailAddress], [FirstName], [LastName], [DateCreated], [DateModified]) VALUES (914, N'rzsadvot.zrbbav@hhxotgdv.neexet.org', N'Sherry', N'Avila', '2012-01-02 00:46:27.750', '2013-01-17 01:12:48.450')
INSERT INTO [dbo].[Customer] ([CustomerId], [EmailAddress], [FirstName], [LastName], [DateCreated], [DateModified]) VALUES (915, N'yqfhoz35@wsozz.mfcfmw.org', N'Lee', N'Ray', '2017-06-14 03:52:52.990', '2018-05-25 13:02:03.010')
INSERT INTO [dbo].[Customer] ([CustomerId], [EmailAddress], [FirstName], [LastName], [DateCreated], [DateModified]) VALUES (916, N'aomruy.bfzyshk@svakvqg.mfwjsc.com', N'Allison', N'Bruce', '2007-08-14 06:35:47.300', '2007-08-25 17:09:06.780')
INSERT INTO [dbo].[Customer] ([CustomerId], [EmailAddress], [FirstName], [LastName], [DateCreated], [DateModified]) VALUES (917, N'azxzqsjx3@zevaut.org', N'Kevin', N'Espinoza', '2012-02-17 11:37:06.210', '2013-04-11 14:00:52.510')
INSERT INTO [dbo].[Customer] ([CustomerId], [EmailAddress], [FirstName], [LastName], [DateCreated], [DateModified]) VALUES (918, N'eexgthr316@hmbuzl.org', N'Bobbie', N'Snyder', '2003-02-09 21:54:17.680', '2004-04-19 20:04:06.710')
INSERT INTO [dbo].[Customer] ([CustomerId], [EmailAddress], [FirstName], [LastName], [DateCreated], [DateModified]) VALUES (919, N'eigwnbai.isvuatxl@ehehcf.net', N'Fernando', N'Johns', '2013-04-03 09:16:15.750', '2014-03-14 12:09:28.380')
INSERT INTO [dbo].[Customer] ([CustomerId], [EmailAddress], [FirstName], [LastName], [DateCreated], [DateModified]) VALUES (920, N'zzuoeca.wtqb@thewnm.org', N'Irene', N'Hancock', '2014-03-17 22:04:21.650', '2015-05-15 10:51:53.450')
INSERT INTO [dbo].[Customer] ([CustomerId], [EmailAddress], [FirstName], [LastName], [DateCreated], [DateModified]) VALUES (921, N'ouiw.ythesjxouo@kt-rbt.com', N'Dewayne', N'Nicholson', '2016-09-28 17:05:52.530', '2017-02-11 12:49:14.640')
INSERT INTO [dbo].[Customer] ([CustomerId], [EmailAddress], [FirstName], [LastName], [DateCreated], [DateModified]) VALUES (922, N'lzyj@ftvfek.org', N'Kristen', N'Foster', '2008-04-02 07:30:19.700', '2009-01-28 16:33:53.150')
INSERT INTO [dbo].[Customer] ([CustomerId], [EmailAddress], [FirstName], [LastName], [DateCreated], [DateModified]) VALUES (923, N'llilneoq@xwsoly.yuyvxr.net', N'Serena', N'Mc Dowell', '2017-06-10 02:10:30.770', '2017-10-10 08:17:44.420')
INSERT INTO [dbo].[Customer] ([CustomerId], [EmailAddress], [FirstName], [LastName], [DateCreated], [DateModified]) VALUES (924, N'asmoztw4@gkhens.org', N'Tammie', N'Steele', '2013-03-27 10:41:45.480', '2013-04-02 16:00:37.460')
INSERT INTO [dbo].[Customer] ([CustomerId], [EmailAddress], [FirstName], [LastName], [DateCreated], [DateModified]) VALUES (925, N'jbhvgtbi.ltrwox@buapbc.com', N'Colleen', N'Blanchard', '2004-11-12 12:00:28.300', '2005-05-24 13:30:47.660')
INSERT INTO [dbo].[Customer] ([CustomerId], [EmailAddress], [FirstName], [LastName], [DateCreated], [DateModified]) VALUES (926, N'knmthe.yylqhg@szzesk.net', N'Jose', N'Cisneros', '2011-04-04 08:57:08.930', '2011-07-31 06:55:45.140')
INSERT INTO [dbo].[Customer] ([CustomerId], [EmailAddress], [FirstName], [LastName], [DateCreated], [DateModified]) VALUES (927, N'mhqidt.iriowtjge@olazvc.com', N'Felicia', N'Bautista', '2017-07-24 05:31:54.450', '2017-09-04 17:09:46.590')
INSERT INTO [dbo].[Customer] ([CustomerId], [EmailAddress], [FirstName], [LastName], [DateCreated], [DateModified]) VALUES (928, N'cdgw0@ngpe.ghpxcr.net', N'Hannah', N'Green', '2006-04-17 05:56:15.470', '2006-10-31 23:08:59.260')
INSERT INTO [dbo].[Customer] ([CustomerId], [EmailAddress], [FirstName], [LastName], [DateCreated], [DateModified]) VALUES (929, N'tbtnh.ivepwwa@ixunj.xjsoes.com', N'Kara', N'Mc Daniel', '2014-08-06 06:35:44.360', '2014-11-14 02:08:05.630')
INSERT INTO [dbo].[Customer] ([CustomerId], [EmailAddress], [FirstName], [LastName], [DateCreated], [DateModified]) VALUES (930, N'zvym143@rsbzi.geupex.com', N'Jack', N'Schwartz', '2015-11-10 01:45:03.530', '2016-05-07 06:07:49.410')
INSERT INTO [dbo].[Customer] ([CustomerId], [EmailAddress], [FirstName], [LastName], [DateCreated], [DateModified]) VALUES (931, N'adkusts.etyk@svopss.org', N'Megan', N'Perkins', '2017-01-13 01:42:30.620', '2017-11-24 21:36:26.020')
INSERT INTO [dbo].[Customer] ([CustomerId], [EmailAddress], [FirstName], [LastName], [DateCreated], [DateModified]) VALUES (932, N'kklx.huymfkc@qkbruw.org', N'Olga', N'Butler', '2006-06-02 13:59:45.190', '2006-11-25 01:52:16.920')
INSERT INTO [dbo].[Customer] ([CustomerId], [EmailAddress], [FirstName], [LastName], [DateCreated], [DateModified]) VALUES (933, N'trjcurg.zhzkgvf@kvleeu.cyeq-e.net', N'James', N'Ramirez', '2013-09-23 19:43:49.040', '2014-03-26 17:13:17.680')
INSERT INTO [dbo].[Customer] ([CustomerId], [EmailAddress], [FirstName], [LastName], [DateCreated], [DateModified]) VALUES (934, N'bsfelndr.kushjp@eljxnm.com', N'Rebecca', N'Stephens', '2014-01-16 05:41:23.730', '2014-05-30 19:48:30.640')
INSERT INTO [dbo].[Customer] ([CustomerId], [EmailAddress], [FirstName], [LastName], [DateCreated], [DateModified]) VALUES (935, N'qsbcnuju6@chdr.t-gvnq.net', N'Dexter', N'Weiss', '2010-11-24 02:47:06.040', '2011-08-04 09:36:19.690')
INSERT INTO [dbo].[Customer] ([CustomerId], [EmailAddress], [FirstName], [LastName], [DateCreated], [DateModified]) VALUES (936, N'zmude.jwkqse@xyvzwh.org', N'Lynette', N'Chambers', '2011-09-14 17:34:18.980', '2012-11-06 10:06:54.740')
INSERT INTO [dbo].[Customer] ([CustomerId], [EmailAddress], [FirstName], [LastName], [DateCreated], [DateModified]) VALUES (937, N'ggasovve78@fiwkpe.net', N'Shanna', N'James', '2009-01-27 07:25:15.360', '2010-01-21 09:17:24.800')
INSERT INTO [dbo].[Customer] ([CustomerId], [EmailAddress], [FirstName], [LastName], [DateCreated], [DateModified]) VALUES (938, N'zjepjw.wkwhow@bnagfjkvo.smblsx.org', N'Bobbie', N'Moran', '2009-10-01 21:38:59.560', '2010-06-20 22:54:08.000')
INSERT INTO [dbo].[Customer] ([CustomerId], [EmailAddress], [FirstName], [LastName], [DateCreated], [DateModified]) VALUES (939, N'hrozm.tmjypmj@iceq.pyi-kc.org', N'Gilbert', N'Perkins', '2009-12-29 22:18:32.200', '2010-12-18 02:13:22.130')
INSERT INTO [dbo].[Customer] ([CustomerId], [EmailAddress], [FirstName], [LastName], [DateCreated], [DateModified]) VALUES (940, N'kryaup00@mxawz.iggcqt.com', N'Keri', N'Stevenson', '2015-09-08 13:11:31.650', '2016-01-22 10:28:35.940')
INSERT INTO [dbo].[Customer] ([CustomerId], [EmailAddress], [FirstName], [LastName], [DateCreated], [DateModified]) VALUES (941, N'rsfybv069@utjfab.net', N'Kendall', N'Browning', '2007-08-18 09:22:34.970', '2008-10-29 16:38:45.000')
INSERT INTO [dbo].[Customer] ([CustomerId], [EmailAddress], [FirstName], [LastName], [DateCreated], [DateModified]) VALUES (942, N'symb@g-eiix.net', N'Gerard', N'Mckenzie', '2018-03-17 04:27:12.500', '2018-10-30 07:01:51.950')
INSERT INTO [dbo].[Customer] ([CustomerId], [EmailAddress], [FirstName], [LastName], [DateCreated], [DateModified]) VALUES (943, N'dzfnhvi.uonwwpqt@usxaah.net', N'Iris', N'Gibson', '2008-04-28 16:57:20.190', '2009-02-13 01:58:59.960')
INSERT INTO [dbo].[Customer] ([CustomerId], [EmailAddress], [FirstName], [LastName], [DateCreated], [DateModified]) VALUES (944, N'rufix008@wpprff.kkjopr.net', N'Alice', N'Jenkins', '2006-05-10 01:51:15.330', '2006-10-29 23:25:51.210')
INSERT INTO [dbo].[Customer] ([CustomerId], [EmailAddress], [FirstName], [LastName], [DateCreated], [DateModified]) VALUES (945, N'ngye06@lrmtuotk.bedfuw.net', N'Wendy', N'Holder', '2011-12-07 14:31:24.210', '2012-03-14 19:43:47.450')
INSERT INTO [dbo].[Customer] ([CustomerId], [EmailAddress], [FirstName], [LastName], [DateCreated], [DateModified]) VALUES (946, N'jhfqpz8@ddvxm.tmyrqw.net', N'Lara', N'Saunders', '2005-10-01 20:34:42.250', '2007-01-06 03:45:27.120')
INSERT INTO [dbo].[Customer] ([CustomerId], [EmailAddress], [FirstName], [LastName], [DateCreated], [DateModified]) VALUES (947, N'pvsjadhj.kxovsk@lahy.grtaiy.net', N'Kyle', N'Mccoy', '2004-08-30 06:50:27.360', '2005-12-23 01:55:14.520')
INSERT INTO [dbo].[Customer] ([CustomerId], [EmailAddress], [FirstName], [LastName], [DateCreated], [DateModified]) VALUES (948, N'kklad89@gcnpy.unnrku.net', N'Gena', N'Rodgers', '2015-08-13 13:26:55.620', '2015-12-23 04:59:26.370')
INSERT INTO [dbo].[Customer] ([CustomerId], [EmailAddress], [FirstName], [LastName], [DateCreated], [DateModified]) VALUES (949, N'olrgc.czzmdvp@dlpn.dtbvco.com', N'Julius', N'Huang', '2003-05-22 22:02:09.450', '2003-11-15 08:55:52.390')
INSERT INTO [dbo].[Customer] ([CustomerId], [EmailAddress], [FirstName], [LastName], [DateCreated], [DateModified]) VALUES (950, N'azqnkpy.xmiecoc@enrozd.com', N'Grace', N'Neal', '2005-05-22 03:52:57.620', '2006-09-24 02:27:31.780')
INSERT INTO [dbo].[Customer] ([CustomerId], [EmailAddress], [FirstName], [LastName], [DateCreated], [DateModified]) VALUES (951, N'jrol.bvzzwpla@oodeobfa.-iwok-.com', N'Judy', N'Ramsey', '2016-04-13 13:34:30.720', '2016-10-16 01:23:23.370')
INSERT INTO [dbo].[Customer] ([CustomerId], [EmailAddress], [FirstName], [LastName], [DateCreated], [DateModified]) VALUES (952, N'mfhbdxch522@kk-kaf.com', N'Harry', N'Simmons', '2006-06-09 13:23:39.790', '2006-11-30 18:07:35.780')
INSERT INTO [dbo].[Customer] ([CustomerId], [EmailAddress], [FirstName], [LastName], [DateCreated], [DateModified]) VALUES (953, N'lnkzafg.llyu@lp-wey.com', N'Jeffrey', N'Wiggins', '2008-10-17 14:23:33.290', '2008-12-16 12:34:46.110')
INSERT INTO [dbo].[Customer] ([CustomerId], [EmailAddress], [FirstName], [LastName], [DateCreated], [DateModified]) VALUES (954, N'uidk53@xwmrya.org', N'Enrique', N'Garrett', '2003-05-18 20:33:52.870', '2004-06-19 14:19:06.310')
INSERT INTO [dbo].[Customer] ([CustomerId], [EmailAddress], [FirstName], [LastName], [DateCreated], [DateModified]) VALUES (955, N'poutskqf.aiejt@qxtcbk.org', N'Oliver', N'Werner', '2016-08-14 07:09:12.940', '2017-10-18 05:39:39.530')
INSERT INTO [dbo].[Customer] ([CustomerId], [EmailAddress], [FirstName], [LastName], [DateCreated], [DateModified]) VALUES (956, N'wxystr.eicab@uxwtjo.net', N'Marjorie', N'Marshall', '2010-05-19 11:58:40.230', '2011-07-15 19:21:42.360')
INSERT INTO [dbo].[Customer] ([CustomerId], [EmailAddress], [FirstName], [LastName], [DateCreated], [DateModified]) VALUES (957, N'cuciei.etfwmsn@an-ars.com', N'Darrell', N'Barrera', '2013-07-15 00:50:07.470', '2014-06-15 11:46:21.960')
INSERT INTO [dbo].[Customer] ([CustomerId], [EmailAddress], [FirstName], [LastName], [DateCreated], [DateModified]) VALUES (958, N'ezfgrrzx@iulewy.org', N'Antoine', N'Yang', '2010-10-23 15:36:06.830', '2011-09-03 05:18:09.690')
INSERT INTO [dbo].[Customer] ([CustomerId], [EmailAddress], [FirstName], [LastName], [DateCreated], [DateModified]) VALUES (959, N'tgcj3@mlbn.zhsfmb.org', N'Faith', N'Ross', '2014-05-16 17:32:53.290', '2014-12-05 12:49:31.250')
INSERT INTO [dbo].[Customer] ([CustomerId], [EmailAddress], [FirstName], [LastName], [DateCreated], [DateModified]) VALUES (960, N'cwqd.buetlshyx@ahyzxk.net', N'Kendall', N'Heath', '2004-01-19 02:33:22.990', '2004-10-06 20:32:08.870')
INSERT INTO [dbo].[Customer] ([CustomerId], [EmailAddress], [FirstName], [LastName], [DateCreated], [DateModified]) VALUES (961, N'bvenpleq.gtyvcyehrq@akwbkt.org', N'Tanya', N'Fernandez', '2015-08-11 06:31:06.810', '2016-04-06 11:29:49.150')
INSERT INTO [dbo].[Customer] ([CustomerId], [EmailAddress], [FirstName], [LastName], [DateCreated], [DateModified]) VALUES (962, N'flua.xhohgcn@bfff-u.com', N'Liza', N'Payne', '2015-10-11 20:22:03.920', '2016-06-15 14:41:22.550')
INSERT INTO [dbo].[Customer] ([CustomerId], [EmailAddress], [FirstName], [LastName], [DateCreated], [DateModified]) VALUES (963, N'eiatt.aljuxuy@qaxsjj.net', N'Ashley', N'Gordon', '2014-03-05 19:30:27.240', '2014-08-11 13:49:40.130')
INSERT INTO [dbo].[Customer] ([CustomerId], [EmailAddress], [FirstName], [LastName], [DateCreated], [DateModified]) VALUES (964, N'gttven566@rdpagv.net', N'Erika', N'Barajas', '2017-12-11 04:10:09.590', '2019-04-12 21:20:19.810')
INSERT INTO [dbo].[Customer] ([CustomerId], [EmailAddress], [FirstName], [LastName], [DateCreated], [DateModified]) VALUES (965, N'xwdif.xxiu@lzwrvx.org', N'Ralph', N'Wells', '2009-02-08 21:19:45.560', '2010-01-10 16:20:17.520')
INSERT INTO [dbo].[Customer] ([CustomerId], [EmailAddress], [FirstName], [LastName], [DateCreated], [DateModified]) VALUES (966, N'icjgi.grcp@jxpnzz.org', N'Tera', N'Morgan', '2006-07-24 20:47:25.910', '2007-02-13 00:45:11.940')
INSERT INTO [dbo].[Customer] ([CustomerId], [EmailAddress], [FirstName], [LastName], [DateCreated], [DateModified]) VALUES (967, N'sjvaeff.myqdotub@bqefer.net', N'Adriana', N'Ray', '2006-03-28 14:48:32.180', '2006-07-15 04:48:06.900')
INSERT INTO [dbo].[Customer] ([CustomerId], [EmailAddress], [FirstName], [LastName], [DateCreated], [DateModified]) VALUES (968, N'cgevyuiq.gdtrniq@pudvlc.com', N'Abraham', N'Hunter', '2005-09-30 14:12:17.730', '2006-01-12 07:34:12.440')
INSERT INTO [dbo].[Customer] ([CustomerId], [EmailAddress], [FirstName], [LastName], [DateCreated], [DateModified]) VALUES (969, N'qmcphkd16@uyzg.svkcxp.com', N'Lynn', N'Burch', '2004-02-08 21:59:21.710', '2004-06-15 15:36:29.760')
INSERT INTO [dbo].[Customer] ([CustomerId], [EmailAddress], [FirstName], [LastName], [DateCreated], [DateModified]) VALUES (970, N'ehylsso.dqxyt@-c-qmv.net', N'Tomas', N'Cordova', '2008-09-30 10:18:34.010', '2009-12-01 02:55:09.270')
INSERT INTO [dbo].[Customer] ([CustomerId], [EmailAddress], [FirstName], [LastName], [DateCreated], [DateModified]) VALUES (971, N'orknumpn@fbmx.fbviiv.net', N'Virginia', N'Trujillo', '2016-10-05 23:10:31.940', '2017-03-07 07:51:42.980')
INSERT INTO [dbo].[Customer] ([CustomerId], [EmailAddress], [FirstName], [LastName], [DateCreated], [DateModified]) VALUES (972, N'xctpxxi@h-ufnd.net', N'Cheryl', N'Key', '2005-05-18 13:58:06.650', '2005-10-22 15:06:45.510')
INSERT INTO [dbo].[Customer] ([CustomerId], [EmailAddress], [FirstName], [LastName], [DateCreated], [DateModified]) VALUES (973, N'nuizqcfg.vfwkhxkwxd@kkfm.kkwhel.net', N'Judith', N'Krause', '2011-05-02 23:35:45.490', '2011-07-23 17:50:45.590')
INSERT INTO [dbo].[Customer] ([CustomerId], [EmailAddress], [FirstName], [LastName], [DateCreated], [DateModified]) VALUES (974, N'loccns.jyqext@rfs-pi.net', N'Barbara', N'Schultz', '2015-10-15 20:04:44.100', '2016-05-12 01:40:53.440')
INSERT INTO [dbo].[Customer] ([CustomerId], [EmailAddress], [FirstName], [LastName], [DateCreated], [DateModified]) VALUES (975, N'enuux.tbyvjh@kihalo.org', N'Preston', N'Ponce', '2009-07-31 12:41:46.670', '2010-11-28 18:13:09.450')
INSERT INTO [dbo].[Customer] ([CustomerId], [EmailAddress], [FirstName], [LastName], [DateCreated], [DateModified]) VALUES (976, N'roaqy.vcqiy@wrqhwb.net', N'Tracie', N'Osborn', '2016-10-03 12:38:40.040', '2017-11-16 05:47:23.700')
INSERT INTO [dbo].[Customer] ([CustomerId], [EmailAddress], [FirstName], [LastName], [DateCreated], [DateModified]) VALUES (977, N'nnyv3@fwvcgwc.-hcstz.net', N'Rebekah', N'Ewing', '2018-02-23 14:32:59.510', '2018-03-06 14:34:54.180')
INSERT INTO [dbo].[Customer] ([CustomerId], [EmailAddress], [FirstName], [LastName], [DateCreated], [DateModified]) VALUES (978, N'nmpkdr7@sclbnu.badvpv.com', N'Tami', N'Whitaker', '2014-02-01 00:19:15.440', '2015-04-26 08:51:54.210')
INSERT INTO [dbo].[Customer] ([CustomerId], [EmailAddress], [FirstName], [LastName], [DateCreated], [DateModified]) VALUES (979, N'wuweu.lugsxiordi@koogpyp.tgrvtw.com', N'Leonardo', N'Page', '2004-04-20 20:10:21.270', '2005-06-02 20:16:51.010')
INSERT INTO [dbo].[Customer] ([CustomerId], [EmailAddress], [FirstName], [LastName], [DateCreated], [DateModified]) VALUES (980, N'kwpfy.qvuwvo@mkmdcingf.sidcjz.org', N'Bridgett', N'Avila', '2017-05-02 15:25:46.050', '2017-12-20 09:45:21.550')
INSERT INTO [dbo].[Customer] ([CustomerId], [EmailAddress], [FirstName], [LastName], [DateCreated], [DateModified]) VALUES (981, N'ught88@ubthjf.org', N'Yvonne', N'Allison', '2009-08-05 02:06:41.570', '2009-12-21 05:00:31.630')
INSERT INTO [dbo].[Customer] ([CustomerId], [EmailAddress], [FirstName], [LastName], [DateCreated], [DateModified]) VALUES (982, N'gskmwp225@vuztbt.net', N'Lamar', N'Duran', '2004-12-11 16:04:58.830', '2006-01-26 12:10:21.220')
INSERT INTO [dbo].[Customer] ([CustomerId], [EmailAddress], [FirstName], [LastName], [DateCreated], [DateModified]) VALUES (983, N'bifkcld99@silhjq.com', N'Sherri', N'Hale', '2005-11-26 07:54:06.010', '2005-12-17 14:13:07.860')
INSERT INTO [dbo].[Customer] ([CustomerId], [EmailAddress], [FirstName], [LastName], [DateCreated], [DateModified]) VALUES (984, N'eojj@ohmlb.jdaudf.com', N'Caleb', N'Osborn', '2012-03-17 02:42:46.730', '2012-07-04 23:40:34.850')
INSERT INTO [dbo].[Customer] ([CustomerId], [EmailAddress], [FirstName], [LastName], [DateCreated], [DateModified]) VALUES (985, N'ippm54@jjwuv-.org', N'Rebekah', N'Benitez', '2017-10-17 12:10:32.810', '2019-02-23 04:44:27.050')
INSERT INTO [dbo].[Customer] ([CustomerId], [EmailAddress], [FirstName], [LastName], [DateCreated], [DateModified]) VALUES (986, N'vrvqlm.yhgpmck@tunwvgco.arhph-.net', N'Patrick', N'Kim', '2013-08-06 12:18:50.820', '2013-12-26 03:28:51.230')
INSERT INTO [dbo].[Customer] ([CustomerId], [EmailAddress], [FirstName], [LastName], [DateCreated], [DateModified]) VALUES (987, N'kyare5@fcphzooc.no-jtb.org', N'Gilberto', N'Osborne', '2015-11-04 23:36:11.900', '2016-02-28 13:17:31.810')
INSERT INTO [dbo].[Customer] ([CustomerId], [EmailAddress], [FirstName], [LastName], [DateCreated], [DateModified]) VALUES (988, N'ffjyfx.miopqy@awmutrt.ftddjn.org', N'Bradford', N'Velazquez', '2013-05-08 23:09:56.170', '2014-02-19 02:54:12.380')
INSERT INTO [dbo].[Customer] ([CustomerId], [EmailAddress], [FirstName], [LastName], [DateCreated], [DateModified]) VALUES (989, N'dsjjdh865@mqphrjwpg.nlisls.com', N'Barry', N'Hanson', '2015-08-23 22:32:10.800', '2016-03-15 14:08:52.120')
INSERT INTO [dbo].[Customer] ([CustomerId], [EmailAddress], [FirstName], [LastName], [DateCreated], [DateModified]) VALUES (990, N'ybymypx@ycenzt.org', N'Cornelius', N'Reese', '2003-07-08 14:48:25.810', '2004-06-03 14:14:38.330')
INSERT INTO [dbo].[Customer] ([CustomerId], [EmailAddress], [FirstName], [LastName], [DateCreated], [DateModified]) VALUES (991, N'wtekzx@onlfho.org', N'Allen', N'Atkinson', '2016-05-21 16:44:11.510', '2016-08-12 22:20:33.780')
INSERT INTO [dbo].[Customer] ([CustomerId], [EmailAddress], [FirstName], [LastName], [DateCreated], [DateModified]) VALUES (992, N'araklpaj3@yhdsot.com', N'Patrice', N'Small', '2016-06-25 15:49:08.540', '2016-08-09 03:59:16.120')
INSERT INTO [dbo].[Customer] ([CustomerId], [EmailAddress], [FirstName], [LastName], [DateCreated], [DateModified]) VALUES (993, N'pytz377@ixtlol.org', N'Darrin', N'Newman', '2013-08-07 04:06:06.280', '2013-10-05 10:04:37.750')
INSERT INTO [dbo].[Customer] ([CustomerId], [EmailAddress], [FirstName], [LastName], [DateCreated], [DateModified]) VALUES (994, N'kqplna2@tuockt.k-jroo.net', N'Kareem', N'Phelps', '2008-12-11 19:45:09.210', '2009-03-13 05:41:14.250')
INSERT INTO [dbo].[Customer] ([CustomerId], [EmailAddress], [FirstName], [LastName], [DateCreated], [DateModified]) VALUES (995, N'okewp12@ngzz.bleavv.net', N'Jamal', N'Willis', '2003-01-29 06:40:24.840', '2004-02-29 22:58:47.790')
INSERT INTO [dbo].[Customer] ([CustomerId], [EmailAddress], [FirstName], [LastName], [DateCreated], [DateModified]) VALUES (996, N'shbgesb7@mksgmqhuk.alavpb.com', N'Marissa', N'Clayton', '2010-01-26 13:00:31.060', '2010-08-05 01:57:23.460')
INSERT INTO [dbo].[Customer] ([CustomerId], [EmailAddress], [FirstName], [LastName], [DateCreated], [DateModified]) VALUES (997, N'xtpvd095@vlnx.rtyoem.org', N'Randal', N'Rojas', '2007-01-12 08:56:45.260', '2007-03-21 17:12:12.810')
INSERT INTO [dbo].[Customer] ([CustomerId], [EmailAddress], [FirstName], [LastName], [DateCreated], [DateModified]) VALUES (998, N'mgpe969@kqfj-l.com', N'Jacob', N'Kennedy', '2008-08-07 12:47:10.610', '2009-06-06 04:38:41.170')
INSERT INTO [dbo].[Customer] ([CustomerId], [EmailAddress], [FirstName], [LastName], [DateCreated], [DateModified]) VALUES (999, N'olkpy@kdrfow.com', N'Jolene', N'Mayo', '2015-06-20 04:31:29.780', '2016-05-22 07:05:34.710')
INSERT INTO [dbo].[Customer] ([CustomerId], [EmailAddress], [FirstName], [LastName], [DateCreated], [DateModified]) VALUES (1000, N'qwqlhixo.llkycot@bqqapeq.telvtp.org', N'Johnny', N'Villegas', '2008-05-15 17:43:58.290', '2009-06-14 18:58:36.510')
SET IDENTITY_INSERT [dbo].[Customer] OFF

PRINT(N'Add 100 rows to [dbo].[Product]')
SET IDENTITY_INSERT [dbo].[Product] ON
INSERT INTO [dbo].[Product] ([ProductId], [Name], [DateCreated], [IsActive], [DateModified], [Brand], [Term]) VALUES (1, N'Trupebistor', '2003-02-08 09:01:46.020', 1, '2003-03-26 03:55:04.330', N'US', N'monthly')
INSERT INTO [dbo].[Product] ([ProductId], [Name], [DateCreated], [IsActive], [DateModified], [Brand], [Term]) VALUES (2, N'Qwicador', '2003-02-15 14:19:44.110', 1, '2003-06-28 21:06:19.010', N'AU', N'monthly')
INSERT INTO [dbo].[Product] ([ProductId], [Name], [DateCreated], [IsActive], [DateModified], [Brand], [Term]) VALUES (3, N'Thrunipaquar', '2003-01-27 12:17:26.670', 1, '2003-05-18 07:49:26.710', N'AU', N'annually')
INSERT INTO [dbo].[Product] ([ProductId], [Name], [DateCreated], [IsActive], [DateModified], [Brand], [Term]) VALUES (4, N'Inzapefax', '2003-02-09 12:58:04.430', 1, '2003-04-14 22:50:58.090', N'GB', N'annually')
INSERT INTO [dbo].[Product] ([ProductId], [Name], [DateCreated], [IsActive], [DateModified], [Brand], [Term]) VALUES (5, N'Uperollan', '2003-01-05 05:53:25.770', 1, '2003-03-31 18:37:55.010', N'GB', N'monthly')
INSERT INTO [dbo].[Product] ([ProductId], [Name], [DateCreated], [IsActive], [DateModified], [Brand], [Term]) VALUES (6, N'Monvenplin', '2003-02-23 09:40:25.000', 1, '2003-06-11 21:21:59.340', N'AU', N'monthly')
INSERT INTO [dbo].[Product] ([ProductId], [Name], [DateCreated], [IsActive], [DateModified], [Brand], [Term]) VALUES (7, N'Endwerpower', '2003-01-14 11:22:59.190', 1, '2003-05-09 18:30:50.420', N'AU', N'monthly')
INSERT INTO [dbo].[Product] ([ProductId], [Name], [DateCreated], [IsActive], [DateModified], [Brand], [Term]) VALUES (8, N'Rebanazz', '2003-02-05 23:05:04.990', 1, '2003-03-02 23:29:40.570', N'US', N'monthly')
INSERT INTO [dbo].[Product] ([ProductId], [Name], [DateCreated], [IsActive], [DateModified], [Brand], [Term]) VALUES (9, N'Lomrobover', '2003-01-17 09:30:00.220', 1, '2003-05-28 03:55:03.320', N'AU', N'annually')
INSERT INTO [dbo].[Product] ([ProductId], [Name], [DateCreated], [IsActive], [DateModified], [Brand], [Term]) VALUES (10, N'Qwinipilor', '2003-02-17 05:53:36.330', 1, '2003-08-20 09:53:12.620', N'DE', N'annually')
INSERT INTO [dbo].[Product] ([ProductId], [Name], [DateCreated], [IsActive], [DateModified], [Brand], [Term]) VALUES (11, N'Retuman', '2003-01-01 02:09:23.230', 1, '2003-02-12 10:30:44.570', N'US', N'annually')
INSERT INTO [dbo].[Product] ([ProductId], [Name], [DateCreated], [IsActive], [DateModified], [Brand], [Term]) VALUES (12, N'Emmunazz', '2003-01-23 05:51:31.330', 1, '2003-06-17 09:02:20.650', N'AU', N'monthly')
INSERT INTO [dbo].[Product] ([ProductId], [Name], [DateCreated], [IsActive], [DateModified], [Brand], [Term]) VALUES (13, N'Lompebinar', '2003-02-19 17:14:30.740', 1, '2003-08-22 15:09:52.340', N'DE', N'monthly')
INSERT INTO [dbo].[Product] ([ProductId], [Name], [DateCreated], [IsActive], [DateModified], [Brand], [Term]) VALUES (14, N'Monquestilin', '2003-02-12 14:01:11.060', 1, '2003-04-12 13:54:06.790', N'GB', N'monthly')
INSERT INTO [dbo].[Product] ([ProductId], [Name], [DateCreated], [IsActive], [DateModified], [Brand], [Term]) VALUES (15, N'Intinaquor', '2003-02-10 08:22:03.890', 1, '2003-07-19 11:09:43.280', N'DE', N'monthly')
INSERT INTO [dbo].[Product] ([ProductId], [Name], [DateCreated], [IsActive], [DateModified], [Brand], [Term]) VALUES (16, N'Lomcadazz', '2003-02-16 20:10:56.130', 1, '2003-07-03 01:46:26.360', N'AU', N'annually')
INSERT INTO [dbo].[Product] ([ProductId], [Name], [DateCreated], [IsActive], [DateModified], [Brand], [Term]) VALUES (17, N'Rapcadantor', '2003-01-03 16:14:35.760', 1, '2003-03-06 02:56:33.590', N'GB', N'monthly')
INSERT INTO [dbo].[Product] ([ProductId], [Name], [DateCreated], [IsActive], [DateModified], [Brand], [Term]) VALUES (18, N'Grohupanar', '2003-02-20 15:36:12.950', 1, '2003-07-17 07:19:50.610', N'AU', N'annually')
INSERT INTO [dbo].[Product] ([ProductId], [Name], [DateCreated], [IsActive], [DateModified], [Brand], [Term]) VALUES (19, N'Frokilistor', '2003-02-21 17:02:09.260', 0, '2003-09-04 06:17:02.060', N'DE', N'monthly')
INSERT INTO [dbo].[Product] ([ProductId], [Name], [DateCreated], [IsActive], [DateModified], [Brand], [Term]) VALUES (20, N'Winwerpegax', '2003-02-03 18:42:04.390', 0, '2003-07-02 13:58:23.700', N'AU', N'annually')
INSERT INTO [dbo].[Product] ([ProductId], [Name], [DateCreated], [IsActive], [DateModified], [Brand], [Term]) VALUES (21, N'Tupkililin', '2003-01-16 03:13:54.570', 1, '2003-05-28 01:05:29.000', N'AU', N'annually')
INSERT INTO [dbo].[Product] ([ProductId], [Name], [DateCreated], [IsActive], [DateModified], [Brand], [Term]) VALUES (22, N'Monsipadin', '2003-01-01 18:10:46.540', 1, '2003-05-31 13:42:59.700', N'AU', N'monthly')
INSERT INTO [dbo].[Product] ([ProductId], [Name], [DateCreated], [IsActive], [DateModified], [Brand], [Term]) VALUES (23, N'Frosipamin', '2003-01-30 18:31:09.050', 1, '2003-02-03 20:03:03.060', N'US', N'monthly')
INSERT INTO [dbo].[Product] ([ProductId], [Name], [DateCreated], [IsActive], [DateModified], [Brand], [Term]) VALUES (24, N'Grocadazz', '2003-02-23 11:13:36.050', 1, '2003-09-05 10:43:37.950', N'DE', N'annually')
INSERT INTO [dbo].[Product] ([ProductId], [Name], [DateCreated], [IsActive], [DateModified], [Brand], [Term]) VALUES (25, N'Unwerpin', '2003-02-26 05:33:04.490', 1, '2003-04-19 22:27:31.630', N'GB', N'monthly')
INSERT INTO [dbo].[Product] ([ProductId], [Name], [DateCreated], [IsActive], [DateModified], [Brand], [Term]) VALUES (26, N'Surmunantor', '2003-02-08 21:50:05.160', 1, '2003-06-08 23:47:25.010', N'AU', N'annually')
INSERT INTO [dbo].[Product] ([ProductId], [Name], [DateCreated], [IsActive], [DateModified], [Brand], [Term]) VALUES (27, N'Tupsipex', '2003-02-19 09:18:43.730', 1, '2003-05-16 13:12:40.190', N'GB', N'monthly')
INSERT INTO [dbo].[Product] ([ProductId], [Name], [DateCreated], [IsActive], [DateModified], [Brand], [Term]) VALUES (28, N'Parrobackax', '2003-01-22 00:35:01.820', 0, '2003-03-07 06:52:58.840', N'US', N'monthly')
INSERT INTO [dbo].[Product] ([ProductId], [Name], [DateCreated], [IsActive], [DateModified], [Brand], [Term]) VALUES (29, N'Zeesapplazz', '2003-02-06 06:47:12.030', 0, '2003-05-08 02:58:00.360', N'GB', N'monthly')
INSERT INTO [dbo].[Product] ([ProductId], [Name], [DateCreated], [IsActive], [DateModified], [Brand], [Term]) VALUES (30, N'Endcadex', '2003-02-13 21:02:11.640', 1, '2003-03-20 09:22:31.880', N'US', N'annually')
INSERT INTO [dbo].[Product] ([ProductId], [Name], [DateCreated], [IsActive], [DateModified], [Brand], [Term]) VALUES (31, N'Hapjubador', '2003-01-03 06:59:14.240', 1, '2003-02-01 16:45:30.210', N'US', N'annually')
INSERT INTO [dbo].[Product] ([ProductId], [Name], [DateCreated], [IsActive], [DateModified], [Brand], [Term]) VALUES (32, N'Upcadantor', '2003-01-10 14:55:49.890', 1, '2003-07-20 20:18:04.330', N'DE', N'monthly')
INSERT INTO [dbo].[Product] ([ProductId], [Name], [DateCreated], [IsActive], [DateModified], [Brand], [Term]) VALUES (33, N'Emzapax', '2003-01-25 17:19:57.480', 1, '2003-06-01 05:53:33.440', N'AU', N'monthly')
INSERT INTO [dbo].[Product] ([ProductId], [Name], [DateCreated], [IsActive], [DateModified], [Brand], [Term]) VALUES (34, N'Mondudower', '2003-01-04 05:27:05.360', 1, '2003-01-30 09:32:34.240', N'US', N'monthly')
INSERT INTO [dbo].[Product] ([ProductId], [Name], [DateCreated], [IsActive], [DateModified], [Brand], [Term]) VALUES (35, N'Gromunamor', '2003-01-02 00:45:30.850', 1, '2003-01-15 02:18:19.460', N'US', N'annually')
INSERT INTO [dbo].[Product] ([ProductId], [Name], [DateCreated], [IsActive], [DateModified], [Brand], [Term]) VALUES (36, N'Tupcadedex', '2003-02-27 01:45:54.600', 1, '2003-03-21 21:09:39.750', N'US', N'monthly')
INSERT INTO [dbo].[Product] ([ProductId], [Name], [DateCreated], [IsActive], [DateModified], [Brand], [Term]) VALUES (37, N'Qwibanentor', '2003-01-22 19:37:00.280', 1, '2003-07-14 01:25:19.240', N'DE', N'annually')
INSERT INTO [dbo].[Product] ([ProductId], [Name], [DateCreated], [IsActive], [DateModified], [Brand], [Term]) VALUES (38, N'Tipzapanan', '2003-01-18 21:15:08.200', 0, '2003-03-30 11:00:56.880', N'GB', N'annually')
INSERT INTO [dbo].[Product] ([ProductId], [Name], [DateCreated], [IsActive], [DateModified], [Brand], [Term]) VALUES (39, N'Monquestazz', '2003-02-14 17:56:30.790', 0, '2003-04-12 19:13:03.110', N'GB', N'annually')
INSERT INTO [dbo].[Product] ([ProductId], [Name], [DateCreated], [IsActive], [DateModified], [Brand], [Term]) VALUES (40, N'Endquestower', '2003-01-23 06:41:35.970', 0, '2003-02-09 18:49:40.870', N'US', N'monthly')
INSERT INTO [dbo].[Product] ([ProductId], [Name], [DateCreated], [IsActive], [DateModified], [Brand], [Term]) VALUES (41, N'Doprobicator', '2003-01-24 08:13:57.240', 1, '2003-06-14 10:53:27.230', N'AU', N'monthly')
INSERT INTO [dbo].[Product] ([ProductId], [Name], [DateCreated], [IsActive], [DateModified], [Brand], [Term]) VALUES (42, N'Inbananantor', '2003-02-13 07:03:26.760', 1, '2003-06-09 06:40:39.490', N'AU', N'monthly')
INSERT INTO [dbo].[Product] ([ProductId], [Name], [DateCreated], [IsActive], [DateModified], [Brand], [Term]) VALUES (43, N'Frodimegicator', '2003-02-22 01:53:23.230', 1, '2003-06-24 22:46:02.270', N'AU', N'annually')
INSERT INTO [dbo].[Product] ([ProductId], [Name], [DateCreated], [IsActive], [DateModified], [Brand], [Term]) VALUES (44, N'Tiprobedistor', '2003-01-09 02:18:32.060', 1, '2003-04-14 21:54:05.430', N'GB', N'annually')
INSERT INTO [dbo].[Product] ([ProductId], [Name], [DateCreated], [IsActive], [DateModified], [Brand], [Term]) VALUES (45, N'Tuptinedgicator', '2003-02-06 13:38:46.940', 1, '2003-03-21 00:12:41.500', N'US', N'monthly')
INSERT INTO [dbo].[Product] ([ProductId], [Name], [DateCreated], [IsActive], [DateModified], [Brand], [Term]) VALUES (46, N'Suptinamover', '2003-02-21 03:38:45.800', 1, '2003-06-05 22:07:25.240', N'AU', N'monthly')
INSERT INTO [dbo].[Product] ([ProductId], [Name], [DateCreated], [IsActive], [DateModified], [Brand], [Term]) VALUES (47, N'Hapzapar', '2003-01-11 07:08:20.010', 1, '2003-02-19 22:31:46.050', N'US', N'annually')
INSERT INTO [dbo].[Product] ([ProductId], [Name], [DateCreated], [IsActive], [DateModified], [Brand], [Term]) VALUES (48, N'Vartanover', '2003-02-05 14:55:26.440', 1, '2003-06-17 20:31:37.220', N'AU', N'annually')
INSERT INTO [dbo].[Product] ([ProductId], [Name], [DateCreated], [IsActive], [DateModified], [Brand], [Term]) VALUES (49, N'Emmunover', '2003-01-27 12:32:37.780', 1, '2003-06-26 14:18:44.060', N'DE', N'annually')
INSERT INTO [dbo].[Product] ([ProductId], [Name], [DateCreated], [IsActive], [DateModified], [Brand], [Term]) VALUES (50, N'Supdimar', '2003-01-30 13:51:58.560', 1, '2003-07-30 20:55:12.730', N'DE', N'monthly')
INSERT INTO [dbo].[Product] ([ProductId], [Name], [DateCreated], [IsActive], [DateModified], [Brand], [Term]) VALUES (51, N'Klitinover', '2003-02-01 15:15:40.810', 1, '2003-07-30 10:23:13.320', N'DE', N'monthly')
INSERT INTO [dbo].[Product] ([ProductId], [Name], [DateCreated], [IsActive], [DateModified], [Brand], [Term]) VALUES (52, N'Zeepebor', '2003-01-10 23:19:00.110', 1, '2003-04-25 18:38:00.620', N'AU', N'monthly')
INSERT INTO [dbo].[Product] ([ProductId], [Name], [DateCreated], [IsActive], [DateModified], [Brand], [Term]) VALUES (53, N'Trududplantor', '2003-02-09 00:04:57.680', 1, '2003-07-29 13:15:45.800', N'DE', N'monthly')
INSERT INTO [dbo].[Product] ([ProductId], [Name], [DateCreated], [IsActive], [DateModified], [Brand], [Term]) VALUES (54, N'Endmunin', '2003-02-13 04:20:16.240', 0, '2003-04-25 07:35:03.940', N'GB', N'annually')
INSERT INTO [dbo].[Product] ([ProductId], [Name], [DateCreated], [IsActive], [DateModified], [Brand], [Term]) VALUES (55, N'Aderonax', '2003-02-10 15:38:58.000', 0, '2003-04-11 23:15:55.070', N'GB', N'annually')
INSERT INTO [dbo].[Product] ([ProductId], [Name], [DateCreated], [IsActive], [DateModified], [Brand], [Term]) VALUES (56, N'Qwihupover', '2003-02-07 14:50:59.470', 0, '2003-05-14 14:12:05.630', N'GB', N'monthly')
INSERT INTO [dbo].[Product] ([ProductId], [Name], [DateCreated], [IsActive], [DateModified], [Brand], [Term]) VALUES (57, N'Parbanazz', '2003-01-16 19:48:35.050', 1, '2003-05-26 01:03:16.940', N'AU', N'annually')
INSERT INTO [dbo].[Product] ([ProductId], [Name], [DateCreated], [IsActive], [DateModified], [Brand], [Term]) VALUES (58, N'Adcadewar', '2003-02-01 01:03:50.620', 1, '2003-05-28 21:05:49.760', N'AU', N'monthly')
INSERT INTO [dbo].[Product] ([ProductId], [Name], [DateCreated], [IsActive], [DateModified], [Brand], [Term]) VALUES (59, N'Zeetumower', '2003-02-11 07:24:59.940', 1, '2003-02-23 00:23:27.450', N'US', N'monthly')
INSERT INTO [dbo].[Product] ([ProductId], [Name], [DateCreated], [IsActive], [DateModified], [Brand], [Term]) VALUES (60, N'Zeedudicator', '2003-01-24 08:03:20.610', 1, '2003-07-08 18:50:31.010', N'DE', N'monthly')
INSERT INTO [dbo].[Product] ([ProductId], [Name], [DateCreated], [IsActive], [DateModified], [Brand], [Term]) VALUES (61, N'Tuprobar', '2003-01-05 00:21:41.270', 1, '2003-01-27 08:09:20.150', N'US', N'monthly')
INSERT INTO [dbo].[Product] ([ProductId], [Name], [DateCreated], [IsActive], [DateModified], [Brand], [Term]) VALUES (62, N'Rebanimantor', '2003-02-20 10:47:57.380', 1, '2003-05-02 11:37:52.590', N'GB', N'monthly')
INSERT INTO [dbo].[Product] ([ProductId], [Name], [DateCreated], [IsActive], [DateModified], [Brand], [Term]) VALUES (63, N'Winerax', '2003-02-27 16:17:52.970', 1, '2003-07-11 20:31:41.230', N'AU', N'monthly')
INSERT INTO [dbo].[Product] ([ProductId], [Name], [DateCreated], [IsActive], [DateModified], [Brand], [Term]) VALUES (64, N'Thruglibor', '2003-01-31 12:27:48.580', 1, '2003-05-07 18:32:32.430', N'GB', N'monthly')
INSERT INTO [dbo].[Product] ([ProductId], [Name], [DateCreated], [IsActive], [DateModified], [Brand], [Term]) VALUES (65, N'Frovenor', '2003-02-14 22:54:22.090', 1, '2003-07-19 17:07:43.400', N'DE', N'annually')
INSERT INTO [dbo].[Product] ([ProductId], [Name], [DateCreated], [IsActive], [DateModified], [Brand], [Term]) VALUES (66, N'Adbanover', '2003-02-18 11:13:33.340', 1, '2003-04-10 14:12:41.250', N'GB', N'monthly')
INSERT INTO [dbo].[Product] ([ProductId], [Name], [DateCreated], [IsActive], [DateModified], [Brand], [Term]) VALUES (67, N'Thrumunar', '2003-02-25 12:31:33.860', 1, '2003-03-16 03:08:48.210', N'US', N'annually')
INSERT INTO [dbo].[Product] ([ProductId], [Name], [DateCreated], [IsActive], [DateModified], [Brand], [Term]) VALUES (68, N'Inerollar', '2003-02-16 11:47:25.380', 1, '2003-07-24 05:37:19.090', N'DE', N'monthly')
INSERT INTO [dbo].[Product] ([ProductId], [Name], [DateCreated], [IsActive], [DateModified], [Brand], [Term]) VALUES (69, N'Tupsapedgicator', '2003-02-11 13:15:40.200', 1, '2003-03-29 11:35:48.310', N'US', N'annually')
INSERT INTO [dbo].[Product] ([ProductId], [Name], [DateCreated], [IsActive], [DateModified], [Brand], [Term]) VALUES (70, N'Refropex', '2003-02-11 06:36:09.300', 1, '2003-06-27 14:00:04.530', N'AU', N'annually')
INSERT INTO [dbo].[Product] ([ProductId], [Name], [DateCreated], [IsActive], [DateModified], [Brand], [Term]) VALUES (71, N'Truvenanover', '2003-01-26 00:33:55.850', 1, '2003-07-09 00:21:08.120', N'DE', N'monthly')
INSERT INTO [dbo].[Product] ([ProductId], [Name], [DateCreated], [IsActive], [DateModified], [Brand], [Term]) VALUES (72, N'Lomrobentor', '2003-02-12 18:59:27.570', 1, '2003-08-22 15:55:37.730', N'DE', N'monthly')
INSERT INTO [dbo].[Product] ([ProductId], [Name], [DateCreated], [IsActive], [DateModified], [Brand], [Term]) VALUES (73, N'Barbanin', '2003-01-06 21:39:42.160', 1, '2003-04-06 12:06:48.500', N'GB', N'monthly')
INSERT INTO [dbo].[Product] ([ProductId], [Name], [DateCreated], [IsActive], [DateModified], [Brand], [Term]) VALUES (74, N'Qwizapewentor', '2003-01-30 10:20:33.290', 0, '2003-07-26 11:27:22.180', N'DE', N'annually')
INSERT INTO [dbo].[Product] ([ProductId], [Name], [DateCreated], [IsActive], [DateModified], [Brand], [Term]) VALUES (75, N'Growerommower', '2003-01-11 10:28:07.150', 1, '2003-01-19 03:04:57.470', N'US', N'monthly')
INSERT INTO [dbo].[Product] ([ProductId], [Name], [DateCreated], [IsActive], [DateModified], [Brand], [Term]) VALUES (76, N'Redudaquower', '2003-01-30 20:10:27.810', 1, '2003-02-15 18:24:50.500', N'US', N'annually')
INSERT INTO [dbo].[Product] ([ProductId], [Name], [DateCreated], [IsActive], [DateModified], [Brand], [Term]) VALUES (77, N'Grojubex', '2003-01-07 16:17:23.320', 1, '2003-02-03 14:56:58.430', N'US', N'monthly')
INSERT INTO [dbo].[Product] ([ProductId], [Name], [DateCreated], [IsActive], [DateModified], [Brand], [Term]) VALUES (78, N'Barsipicator', '2003-01-22 16:12:36.980', 1, '2003-05-10 22:08:58.620', N'AU', N'annually')
INSERT INTO [dbo].[Product] ([ProductId], [Name], [DateCreated], [IsActive], [DateModified], [Brand], [Term]) VALUES (79, N'Supglibax', '2003-01-17 21:34:49.110', 1, '2003-06-18 10:30:57.440', N'DE', N'monthly')
INSERT INTO [dbo].[Product] ([ProductId], [Name], [DateCreated], [IsActive], [DateModified], [Brand], [Term]) VALUES (80, N'Lommunor', '2003-01-06 01:54:18.680', 1, '2003-06-03 00:20:07.390', N'AU', N'monthly')
INSERT INTO [dbo].[Product] ([ProductId], [Name], [DateCreated], [IsActive], [DateModified], [Brand], [Term]) VALUES (81, N'Surglibicor', '2003-01-29 14:41:45.150', 1, '2003-04-20 01:15:39.960', N'GB', N'monthly')
INSERT INTO [dbo].[Product] ([ProductId], [Name], [DateCreated], [IsActive], [DateModified], [Brand], [Term]) VALUES (82, N'Dopfropollazz', '2003-01-14 18:23:17.280', 1, '2003-06-17 16:41:03.960', N'DE', N'monthly')
INSERT INTO [dbo].[Product] ([ProductId], [Name], [DateCreated], [IsActive], [DateModified], [Brand], [Term]) VALUES (83, N'Varjubicator', '2003-02-22 12:02:24.040', 1, '2003-05-27 16:34:15.790', N'GB', N'annually')
INSERT INTO [dbo].[Product] ([ProductId], [Name], [DateCreated], [IsActive], [DateModified], [Brand], [Term]) VALUES (84, N'Tupnipover', '2003-01-07 16:55:13.460', 1, '2003-04-27 06:02:48.630', N'AU', N'annually')
INSERT INTO [dbo].[Product] ([ProductId], [Name], [DateCreated], [IsActive], [DateModified], [Brand], [Term]) VALUES (85, N'Dopglibefantor', '2003-01-13 05:46:30.830', 0, '2003-03-09 22:59:19.570', N'GB', N'annually')
INSERT INTO [dbo].[Product] ([ProductId], [Name], [DateCreated], [IsActive], [DateModified], [Brand], [Term]) VALUES (86, N'Adsipin', '2003-02-20 07:40:14.140', 1, '2003-06-24 22:07:30.600', N'AU', N'monthly')
INSERT INTO [dbo].[Product] ([ProductId], [Name], [DateCreated], [IsActive], [DateModified], [Brand], [Term]) VALUES (87, N'Monzapamicator', '2003-01-29 14:50:52.210', 1, '2003-02-19 07:02:19.520', N'US', N'monthly')
INSERT INTO [dbo].[Product] ([ProductId], [Name], [DateCreated], [IsActive], [DateModified], [Brand], [Term]) VALUES (88, N'Intinewax', '2003-02-09 12:59:41.240', 1, '2003-04-05 22:18:30.490', N'GB', N'annually')
INSERT INTO [dbo].[Product] ([ProductId], [Name], [DateCreated], [IsActive], [DateModified], [Brand], [Term]) VALUES (89, N'Lomtininex', '2003-01-21 13:48:07.360', 1, '2003-07-06 10:16:40.180', N'DE', N'monthly')
INSERT INTO [dbo].[Product] ([ProductId], [Name], [DateCreated], [IsActive], [DateModified], [Brand], [Term]) VALUES (90, N'Qwiglibentor', '2003-01-22 09:54:31.380', 1, '2003-05-19 12:06:14.830', N'AU', N'annually')
INSERT INTO [dbo].[Product] ([ProductId], [Name], [DateCreated], [IsActive], [DateModified], [Brand], [Term]) VALUES (91, N'Adrobinan', '2003-02-11 05:57:19.550', 1, '2003-05-15 20:06:23.810', N'GB', N'monthly')
INSERT INTO [dbo].[Product] ([ProductId], [Name], [DateCreated], [IsActive], [DateModified], [Brand], [Term]) VALUES (92, N'Tipdimopicator', '2003-02-18 18:33:09.660', 1, '2003-04-15 04:19:30.470', N'GB', N'monthly')
INSERT INTO [dbo].[Product] ([ProductId], [Name], [DateCreated], [IsActive], [DateModified], [Brand], [Term]) VALUES (93, N'Monbaninentor', '2003-02-04 13:50:08.260', 1, '2003-04-04 10:37:30.420', N'GB', N'monthly')
INSERT INTO [dbo].[Product] ([ProductId], [Name], [DateCreated], [IsActive], [DateModified], [Brand], [Term]) VALUES (94, N'Qwimunantor', '2003-01-22 09:53:10.170', 1, '2003-04-24 00:22:33.100', N'GB', N'monthly')
INSERT INTO [dbo].[Product] ([ProductId], [Name], [DateCreated], [IsActive], [DateModified], [Brand], [Term]) VALUES (95, N'Updimollazz', '2003-01-19 06:19:54.690', 1, '2003-08-02 10:40:21.720', N'DE', N'monthly')
INSERT INTO [dbo].[Product] ([ProductId], [Name], [DateCreated], [IsActive], [DateModified], [Brand], [Term]) VALUES (96, N'Thrumuninor', '2003-01-31 21:25:59.860', 1, '2003-04-11 23:15:35.630', N'GB', N'monthly')
INSERT INTO [dbo].[Product] ([ProductId], [Name], [DateCreated], [IsActive], [DateModified], [Brand], [Term]) VALUES (97, N'Varbanackor', '2003-02-13 14:45:33.800', 1, '2003-08-14 10:08:59.280', N'DE', N'monthly')
INSERT INTO [dbo].[Product] ([ProductId], [Name], [DateCreated], [IsActive], [DateModified], [Brand], [Term]) VALUES (98, N'Updudewover', '2003-01-22 13:25:34.640', 1, '2003-02-18 04:13:30.820', N'US', N'annually')
INSERT INTO [dbo].[Product] ([ProductId], [Name], [DateCreated], [IsActive], [DateModified], [Brand], [Term]) VALUES (99, N'Lomwericator', '2003-01-22 03:24:09.980', 1, '2003-06-12 04:46:23.040', N'AU', N'annually')
INSERT INTO [dbo].[Product] ([ProductId], [Name], [DateCreated], [IsActive], [DateModified], [Brand], [Term]) VALUES (100, N'Barglibupantor', '2003-02-16 02:25:13.600', 1, '2003-08-26 10:00:01.260', N'DE', N'monthly')
SET IDENTITY_INSERT [dbo].[Product] OFF

PRINT(N'Add 100 rows to [dbo].[Offer]')
SET IDENTITY_INSERT [dbo].[Offer] ON
INSERT INTO [dbo].[Offer] ([OfferId], [ProductId], [Description], [Price], [DateCreated], [NumberOfTerms], [DateModified], IsActive) VALUES (1, 73, N'quartu quo linguens quoque quo, fecit, gravis fecit, essit. gravis fecit, glavans trepicandor ut si', 785.98, '2014-11-12 01:16:12.230', 5, '2014-11-20 07:06:23.020', 1)
INSERT INTO [dbo].[Offer] ([OfferId], [ProductId], [Description], [Price], [DateCreated], [NumberOfTerms], [DateModified], IsActive) VALUES (2, 82, N'si estis bono et homo, plorum pladior quorum novum quo, imaginator venit. non et trepicandor', 491.57, '2009-11-15 19:14:11.520', 4, '2009-11-16 04:28:37.790', 1)
INSERT INTO [dbo].[Offer] ([OfferId], [ProductId], [Description], [Price], [DateCreated], [NumberOfTerms], [DateModified], IsActive) VALUES (3, 77, N'plorum sed volcans Sed Pro quis linguens rarendum quad estum. homo, et non eggredior. venit.', 1893.49, '2007-12-27 13:20:28.810', 6, '2008-01-03 19:29:53.900', 1)
INSERT INTO [dbo].[Offer] ([OfferId], [ProductId], [Description], [Price], [DateCreated], [NumberOfTerms], [DateModified], IsActive) VALUES (4, 56, N'et parte gravis homo, vobis Quad Versus fecit, glavans quorum et transit. vobis vantis. quad', 2296.87, '2017-11-16 21:19:02.140', 8, '2017-11-20 22:22:07.200', 1)
INSERT INTO [dbo].[Offer] ([OfferId], [ProductId], [Description], [Price], [DateCreated], [NumberOfTerms], [DateModified], IsActive) VALUES (5, 21, N'esset quorum gravis ut e Pro plorum quoque pars linguens quo, et quo, Id gravis Pro quo rarendum quo', 2648.03, '2008-01-28 05:22:35.780', 9, '2008-01-30 14:05:58.950', 1)
INSERT INTO [dbo].[Offer] ([OfferId], [ProductId], [Description], [Price], [DateCreated], [NumberOfTerms], [DateModified], IsActive) VALUES (6, 56, N'estum. parte et gravis fecit. quartu egreddior bono nomen imaginator venit. trepicandor habitatio', 174.75, '2017-02-02 16:32:37.900', 7, '2017-02-09 10:12:51.490', 1)
INSERT INTO [dbo].[Offer] ([OfferId], [ProductId], [Description], [Price], [DateCreated], [NumberOfTerms], [DateModified], IsActive) VALUES (7, 91, N'quartu et quartu quad fecit, bono trepicandor imaginator pars Longam, Et ut egreddior quorum quo et', 199.56, '2010-09-26 16:58:43.430', 11, '2010-09-30 18:02:28.130', 1)
INSERT INTO [dbo].[Offer] ([OfferId], [ProductId], [Description], [Price], [DateCreated], [NumberOfTerms], [DateModified], IsActive) VALUES (8, 45, N'gravis non estis estum. parte quo quad quad delerium. fecit, quo, ut eudis rarendum glavans non', 2022.74, '2005-08-23 20:13:30.380', 9, '2005-08-25 14:43:56.810', 1)
INSERT INTO [dbo].[Offer] ([OfferId], [ProductId], [Description], [Price], [DateCreated], [NumberOfTerms], [DateModified], IsActive) VALUES (9, 98, N'regit, Sed apparens plorum Longam, fecundio, quad sed egreddior Et regit, parte nomen et quis Pro', 123.11, '2005-05-30 02:07:29.190', 7, '2005-06-03 03:30:19.210', 1)
INSERT INTO [dbo].[Offer] ([OfferId], [ProductId], [Description], [Price], [DateCreated], [NumberOfTerms], [DateModified], IsActive) VALUES (10, 28, N'et Multum Tam non essit. e e transit. plorum regit, habitatio plurissimum imaginator plurissimum', 2943.63, '2008-04-28 17:17:50.530', 6, '2008-04-29 14:15:28.990', 1)
INSERT INTO [dbo].[Offer] ([OfferId], [ProductId], [Description], [Price], [DateCreated], [NumberOfTerms], [DateModified], IsActive) VALUES (11, 30, N'venit. linguens non Versus fecit, quad novum gravis trepicandor imaginator pars non trepicandor', 2744.20, '2012-11-27 07:00:28.700', 11, '2012-11-28 12:51:08.150', 1)
INSERT INTO [dbo].[Offer] ([OfferId], [ProductId], [Description], [Price], [DateCreated], [NumberOfTerms], [DateModified], IsActive) VALUES (12, 47, N'esset in brevens, novum linguens quartu quantare quo, trepicandor gravis plorum quantare plorum', 797.93, '2003-08-21 04:01:54.680', 5, '2003-08-27 04:47:54.640', 1)
INSERT INTO [dbo].[Offer] ([OfferId], [ProductId], [Description], [Price], [DateCreated], [NumberOfTerms], [DateModified], IsActive) VALUES (13, 64, N'regit, Versus essit. quantare vobis dolorum quo, linguens estis trepicandor egreddior nomen', 1941.79, '2008-01-22 12:29:02.090', 5, '2008-01-29 14:13:26.830', 1)
INSERT INTO [dbo].[Offer] ([OfferId], [ProductId], [Description], [Price], [DateCreated], [NumberOfTerms], [DateModified], IsActive) VALUES (14, 47, N'quad quorum et brevens, venit. rarendum in essit. venit. quantare e estis fecit. Pro nomen nomen', 2319.59, '2007-06-11 19:57:22.940', 11, '2007-06-15 03:44:31.420', 1)
INSERT INTO [dbo].[Offer] ([OfferId], [ProductId], [Description], [Price], [DateCreated], [NumberOfTerms], [DateModified], IsActive) VALUES (15, 99, N'egreddior glavans Sed glavans eggredior. eggredior. si gravis dolorum et essit. quis estum. plorum', 2562.71, '2011-06-03 09:37:44.830', 8, '2011-06-12 22:23:27.260', 1)
INSERT INTO [dbo].[Offer] ([OfferId], [ProductId], [Description], [Price], [DateCreated], [NumberOfTerms], [DateModified], IsActive) VALUES (16, 4, N'trepicandor apparens habitatio trepicandor quad habitatio glavans fecit, Sed plorum in linguens Tam', 1251.72, '2003-07-30 09:34:46.270', 11, '2003-08-02 06:26:00.380', 1)
INSERT INTO [dbo].[Offer] ([OfferId], [ProductId], [Description], [Price], [DateCreated], [NumberOfTerms], [DateModified], IsActive) VALUES (17, 87, N'apparens egreddior et pars et vantis. vobis egreddior pars brevens, homo, in glavans manifestum quad', 1721.98, '2018-02-02 17:11:53.840', 4, '2018-02-11 00:55:46.360', 1)
INSERT INTO [dbo].[Offer] ([OfferId], [ProductId], [Description], [Price], [DateCreated], [NumberOfTerms], [DateModified], IsActive) VALUES (18, 100, N'Versus parte essit. si in et eudis plurissimum regit, regit, et transit. quis et venit. quartu', 2209.28, '2008-05-25 12:41:26.040', 3, '2008-05-31 11:24:28.050', 1)
INSERT INTO [dbo].[Offer] ([OfferId], [ProductId], [Description], [Price], [DateCreated], [NumberOfTerms], [DateModified], IsActive) VALUES (19, 68, N'glavans quoque glavans habitatio glavans dolorum et vantis. homo, quantare parte funem. imaginator', 1445.83, '2010-09-11 06:53:59.310', 8, '2010-09-16 21:13:23.040', 1)
INSERT INTO [dbo].[Offer] ([OfferId], [ProductId], [Description], [Price], [DateCreated], [NumberOfTerms], [DateModified], IsActive) VALUES (20, 32, N'non e plorum ut quad Quad et nomen gravis Tam ut eudis linguens nomen egreddior quorum pladior', 2922.54, '2008-06-30 23:18:50.180', 7, '2008-07-02 07:51:47.430', 1)
INSERT INTO [dbo].[Offer] ([OfferId], [ProductId], [Description], [Price], [DateCreated], [NumberOfTerms], [DateModified], IsActive) VALUES (21, 82, N'linguens quantare vobis cognitio, novum Multum quad quad gravis non egreddior dolorum apparens nomen', 839.35, '2009-03-17 01:52:24.060', 10, '2009-03-23 19:31:42.870', 1)
INSERT INTO [dbo].[Offer] ([OfferId], [ProductId], [Description], [Price], [DateCreated], [NumberOfTerms], [DateModified], IsActive) VALUES (22, 85, N'quoque Longam, Quad linguens apparens et Sed eggredior. quad fecit, imaginator regit, bono', 2430.35, '2003-10-29 04:03:38.540', 10, '2003-11-03 14:49:30.170', 1)
INSERT INTO [dbo].[Offer] ([OfferId], [ProductId], [Description], [Price], [DateCreated], [NumberOfTerms], [DateModified], IsActive) VALUES (23, 100, N'novum bono dolorum novum Et fecundio, e quorum vobis Sed Multum Et linguens volcans e plorum', 1688.94, '2014-02-04 19:18:40.220', 3, '2014-02-05 11:24:23.510', 1)
INSERT INTO [dbo].[Offer] ([OfferId], [ProductId], [Description], [Price], [DateCreated], [NumberOfTerms], [DateModified], IsActive) VALUES (24, 4, N'Sed non et et esset ut quo, apparens et quantare gravis quad funem. vantis. funem. sed quo, et', 2436.32, '2005-06-09 11:47:42.260', 3, '2005-06-18 01:55:36.370', 1)
INSERT INTO [dbo].[Offer] ([OfferId], [ProductId], [Description], [Price], [DateCreated], [NumberOfTerms], [DateModified], IsActive) VALUES (25, 70, N'fecit. e quad quartu plorum Et pars et novum quad e eggredior. non quis glavans brevens, Longam, in', 1068.39, '2009-11-05 12:34:34.360', 9, '2009-11-11 23:34:29.770', 1)
INSERT INTO [dbo].[Offer] ([OfferId], [ProductId], [Description], [Price], [DateCreated], [NumberOfTerms], [DateModified], IsActive) VALUES (26, 53, N'dolorum vantis. quad estis esset plorum nomen e estum. eudis regit, et Quad quis transit. glavans', 244.20, '2013-12-07 16:34:33.370', 8, '2013-12-07 17:43:28.540', 1)
INSERT INTO [dbo].[Offer] ([OfferId], [ProductId], [Description], [Price], [DateCreated], [NumberOfTerms], [DateModified], IsActive) VALUES (27, 94, N'estis vantis. Pro et fecundio, non fecit, Et fecit. et rarendum funem. eudis et si pars pars Versus', 2739.66, '2014-10-03 18:42:34.890', 5, '2014-10-08 16:46:24.590', 1)
INSERT INTO [dbo].[Offer] ([OfferId], [ProductId], [Description], [Price], [DateCreated], [NumberOfTerms], [DateModified], IsActive) VALUES (28, 69, N'brevens, ut bono quo in quartu et regit, si quartu non manifestum quo vobis homo, sed vobis quartu', 94.48, '2012-10-23 08:20:02.220', 7, '2012-11-01 04:27:02.640', 1)
INSERT INTO [dbo].[Offer] ([OfferId], [ProductId], [Description], [Price], [DateCreated], [NumberOfTerms], [DateModified], IsActive) VALUES (29, 55, N'quad novum pars quo fecundio, e quorum quo egreddior esset homo, novum et trepicandor travissimantor', 668.33, '2010-07-07 21:31:42.480', 4, '2010-07-08 08:37:01.410', 1)
INSERT INTO [dbo].[Offer] ([OfferId], [ProductId], [Description], [Price], [DateCreated], [NumberOfTerms], [DateModified], IsActive) VALUES (30, 9, N'in Longam, quo fecundio, vobis dolorum vantis. e quad esset dolorum et plorum in eudis eggredior. Id', 572.52, '2018-01-29 16:27:47.810', 5, '2018-02-04 16:49:14.770', 1)
INSERT INTO [dbo].[Offer] ([OfferId], [ProductId], [Description], [Price], [DateCreated], [NumberOfTerms], [DateModified], IsActive) VALUES (31, 19, N'Multum vantis. in gravis quo, plorum quoque esset parte Tam venit. Multum quad e linguens imaginator', 1011.34, '2013-09-06 13:04:57.010', 10, '2013-09-10 22:43:49.480', 1)
INSERT INTO [dbo].[Offer] ([OfferId], [ProductId], [Description], [Price], [DateCreated], [NumberOfTerms], [DateModified], IsActive) VALUES (32, 46, N'e parte et quo dolorum eggredior. non et glavans plorum nomen estis nomen quo, quo, in quo in Multum', 2916.96, '2006-08-02 08:50:50.080', 1, '2006-08-09 23:48:44.910', 1)
INSERT INTO [dbo].[Offer] ([OfferId], [ProductId], [Description], [Price], [DateCreated], [NumberOfTerms], [DateModified], IsActive) VALUES (33, 30, N'quantare sed quo et non parte quo funem. volcans parte gravis quad Versus Quad quantare bono essit.', 849.88, '2013-05-11 12:10:45.820', 11, '2013-05-16 08:32:43.530', 1)
INSERT INTO [dbo].[Offer] ([OfferId], [ProductId], [Description], [Price], [DateCreated], [NumberOfTerms], [DateModified], IsActive) VALUES (34, 99, N'plorum Quad Versus pladior dolorum dolorum sed et si Longam, funem. delerium. quad regit, et Et', 2213.50, '2014-08-02 04:53:13.630', 11, '2014-08-10 07:35:45.730', 1)
INSERT INTO [dbo].[Offer] ([OfferId], [ProductId], [Description], [Price], [DateCreated], [NumberOfTerms], [DateModified], IsActive) VALUES (35, 65, N'quad plorum e quartu funem. transit. et fecundio, linguens gravis plorum e Pro quartu vantis. non', 762.45, '2012-02-09 01:47:42.480', 8, '2012-02-12 00:59:54.780', 1)
INSERT INTO [dbo].[Offer] ([OfferId], [ProductId], [Description], [Price], [DateCreated], [NumberOfTerms], [DateModified], IsActive) VALUES (36, 77, N'vantis. glavans nomen nomen linguens gravis in funem. quo Quad Id vobis dolorum eggredior. et', 827.90, '2007-10-14 23:57:05.540', 6, '2007-10-19 00:13:14.840', 1)
INSERT INTO [dbo].[Offer] ([OfferId], [ProductId], [Description], [Price], [DateCreated], [NumberOfTerms], [DateModified], IsActive) VALUES (37, 4, N'sed quis volcans quo, parte imaginator rarendum eggredior. plurissimum Versus et brevens, Et', 2240.49, '2011-09-23 23:32:44.190', 1, '2011-09-26 06:47:20.400', 1)
INSERT INTO [dbo].[Offer] ([OfferId], [ProductId], [Description], [Price], [DateCreated], [NumberOfTerms], [DateModified], IsActive) VALUES (38, 39, N'delerium. et dolorum brevens, pars eggredior. estis e imaginator non parte Sed esset glavans regit,', 855.26, '2017-08-21 14:05:21.660', 1, '2017-08-24 20:02:18.620', 1)
INSERT INTO [dbo].[Offer] ([OfferId], [ProductId], [Description], [Price], [DateCreated], [NumberOfTerms], [DateModified], IsActive) VALUES (39, 35, N'et linguens et plurissimum apparens vobis nomen rarendum funem. quad trepicandor esset e Tam fecit.', 672.18, '2008-12-08 14:08:55.580', 11, '2008-12-15 21:58:29.950', 1)
INSERT INTO [dbo].[Offer] ([OfferId], [ProductId], [Description], [Price], [DateCreated], [NumberOfTerms], [DateModified], IsActive) VALUES (40, 96, N'Tam et in sed gravis parte novum quad quo, quad habitatio quantare gravis gravis venit. linguens', 291.82, '2013-01-11 11:48:26.000', 5, '2013-01-19 10:31:03.970', 1)
INSERT INTO [dbo].[Offer] ([OfferId], [ProductId], [Description], [Price], [DateCreated], [NumberOfTerms], [DateModified], IsActive) VALUES (41, 51, N'rarendum novum novum pladior vobis quo funem. nomen si eggredior. volcans et glavans transit. esset', 2788.02, '2013-08-08 04:25:05.460', 12, '2013-08-10 12:05:13.990', 1)
INSERT INTO [dbo].[Offer] ([OfferId], [ProductId], [Description], [Price], [DateCreated], [NumberOfTerms], [DateModified], IsActive) VALUES (42, 72, N'Id et brevens, et fecundio, travissimantor quoque Multum eggredior. pladior trepicandor et gravis', 142.34, '2007-11-08 15:22:10.900', 2, '2007-11-17 09:15:21.710', 1)
INSERT INTO [dbo].[Offer] ([OfferId], [ProductId], [Description], [Price], [DateCreated], [NumberOfTerms], [DateModified], IsActive) VALUES (43, 12, N'volcans egreddior essit. quis si quad plurissimum quo, si non pladior quartu bono funem. e quartu', 2146.58, '2007-05-08 13:28:46.930', 1, '2007-05-12 20:41:37.450', 1)
INSERT INTO [dbo].[Offer] ([OfferId], [ProductId], [Description], [Price], [DateCreated], [NumberOfTerms], [DateModified], IsActive) VALUES (44, 28, N'quad volcans quis gravis et fecundio, bono glavans parte quantare glavans imaginator in volcans', 1488.78, '2012-03-22 23:59:51.780', 12, '2012-03-31 07:46:02.400', 1)
INSERT INTO [dbo].[Offer] ([OfferId], [ProductId], [Description], [Price], [DateCreated], [NumberOfTerms], [DateModified], IsActive) VALUES (45, 91, N'et quad quo, si quorum plorum quo glavans et fecundio, in volcans non brevens, ut linguens Tam', 1147.77, '2016-10-13 16:35:32.830', 6, '2016-10-23 07:01:47.650', 1)
INSERT INTO [dbo].[Offer] ([OfferId], [ProductId], [Description], [Price], [DateCreated], [NumberOfTerms], [DateModified], IsActive) VALUES (46, 80, N'et sed travissimantor eudis novum quad non quorum vobis si bono Longam, et novum linguens e e', 651.70, '2004-05-29 20:59:53.820', 9, '2004-06-07 09:56:04.370', 1)
INSERT INTO [dbo].[Offer] ([OfferId], [ProductId], [Description], [Price], [DateCreated], [NumberOfTerms], [DateModified], IsActive) VALUES (47, 34, N'fecit. vantis. vobis fecit. vantis. Tam et quo si dolorum novum Versus fecundio, in pars bono bono', 2238.53, '2004-04-15 19:16:57.110', 2, '2004-04-23 10:54:54.560', 1)
INSERT INTO [dbo].[Offer] ([OfferId], [ProductId], [Description], [Price], [DateCreated], [NumberOfTerms], [DateModified], IsActive) VALUES (48, 46, N'Sed gravis Pro eggredior. si Id egreddior plorum eudis trepicandor apparens pladior quo quantare', 1647.33, '2011-07-20 18:15:47.950', 8, '2011-07-26 16:36:10.490', 1)
INSERT INTO [dbo].[Offer] ([OfferId], [ProductId], [Description], [Price], [DateCreated], [NumberOfTerms], [DateModified], IsActive) VALUES (49, 15, N'quo si vantis. Longam, e Quad vobis sed regit, trepicandor rarendum apparens e fecundio, et vobis', 1445.23, '2011-10-07 18:01:50.110', 11, '2011-10-15 11:09:13.670', 1)
INSERT INTO [dbo].[Offer] ([OfferId], [ProductId], [Description], [Price], [DateCreated], [NumberOfTerms], [DateModified], IsActive) VALUES (50, 23, N'plurissimum quo novum transit. et egreddior ut vobis eggredior. eggredior. venit. eggredior.', 2878.60, '2004-05-23 05:59:03.160', 6, '2004-05-26 19:22:06.790', 1)
INSERT INTO [dbo].[Offer] ([OfferId], [ProductId], [Description], [Price], [DateCreated], [NumberOfTerms], [DateModified], IsActive) VALUES (51, 42, N'egreddior plurissimum quoque si quoque cognitio, quo quad Et dolorum trepicandor esset esset gravis', 2184.33, '2015-10-28 05:56:10.800', 3, '2015-10-28 23:53:37.080', 1)
INSERT INTO [dbo].[Offer] ([OfferId], [ProductId], [Description], [Price], [DateCreated], [NumberOfTerms], [DateModified], IsActive) VALUES (52, 72, N'et novum nomen Sed cognitio, vobis fecundio, transit. et e manifestum Sed trepicandor fecit. quo', 1772.52, '2003-08-04 15:42:04.500', 5, '2003-08-14 01:20:53.650', 1)
INSERT INTO [dbo].[Offer] ([OfferId], [ProductId], [Description], [Price], [DateCreated], [NumberOfTerms], [DateModified], IsActive) VALUES (53, 62, N'quo et et apparens sed in eggredior. eudis estis Tam plurissimum quartu non nomen e in et et quorum', 2999.45, '2014-01-22 00:01:15.060', 11, '2014-01-23 19:14:29.270', 1)
INSERT INTO [dbo].[Offer] ([OfferId], [ProductId], [Description], [Price], [DateCreated], [NumberOfTerms], [DateModified], IsActive) VALUES (54, 49, N'quo fecit, in fecundio, non plurissimum estis dolorum plurissimum quorum volcans quo imaginator', 2152.21, '2016-12-28 00:28:12.420', 7, '2016-12-31 06:52:31.350', 1)
INSERT INTO [dbo].[Offer] ([OfferId], [ProductId], [Description], [Price], [DateCreated], [NumberOfTerms], [DateModified], IsActive) VALUES (55, 20, N'Et novum apparens fecit, manifestum si Pro regit, estis novum bono non plurissimum homo, homo,', 2495.72, '2003-06-22 08:50:02.560', 8, '2003-06-26 16:23:10.490', 1)
INSERT INTO [dbo].[Offer] ([OfferId], [ProductId], [Description], [Price], [DateCreated], [NumberOfTerms], [DateModified], IsActive) VALUES (56, 88, N'non quad gravis si si travissimantor quartu quo eudis volcans habitatio dolorum vantis. in rarendum', 1355.64, '2014-01-14 21:12:33.690', 7, '2014-01-17 16:16:53.850', 1)
INSERT INTO [dbo].[Offer] ([OfferId], [ProductId], [Description], [Price], [DateCreated], [NumberOfTerms], [DateModified], IsActive) VALUES (57, 83, N'dolorum cognitio, Sed Et bono apparens imaginator novum homo, manifestum pars pladior vobis', 1802.63, '2013-12-30 23:55:31.300', 2, '2014-01-09 17:04:15.290', 1)
INSERT INTO [dbo].[Offer] ([OfferId], [ProductId], [Description], [Price], [DateCreated], [NumberOfTerms], [DateModified], IsActive) VALUES (58, 74, N'transit. si rarendum quartu gravis quartu quo, Et e venit. rarendum eggredior. quad brevens, gravis', 2457.18, '2005-07-20 01:32:46.540', 3, '2005-07-28 17:34:18.530', 1)
INSERT INTO [dbo].[Offer] ([OfferId], [ProductId], [Description], [Price], [DateCreated], [NumberOfTerms], [DateModified], IsActive) VALUES (59, 86, N'fecit. bono manifestum in non vobis Pro linguens Versus in quad regit, parte venit. delerium.', 1248.48, '2011-01-12 08:44:27.780', 11, '2011-01-19 22:47:38.430', 1)
INSERT INTO [dbo].[Offer] ([OfferId], [ProductId], [Description], [Price], [DateCreated], [NumberOfTerms], [DateModified], IsActive) VALUES (60, 68, N'manifestum cognitio, volcans plorum homo, glavans linguens et gravis fecundio, eggredior.', 2423.83, '2012-05-11 12:48:02.420', 1, '2012-05-13 20:22:31.420', 1)
INSERT INTO [dbo].[Offer] ([OfferId], [ProductId], [Description], [Price], [DateCreated], [NumberOfTerms], [DateModified], IsActive) VALUES (61, 63, N'plorum estis quo Sed sed in in gravis in quorum si plorum imaginator glavans quad trepicandor', 435.10, '2005-05-02 21:50:03.000', 3, '2005-05-04 17:26:27.890', 1)
INSERT INTO [dbo].[Offer] ([OfferId], [ProductId], [Description], [Price], [DateCreated], [NumberOfTerms], [DateModified], IsActive) VALUES (62, 22, N'homo, vobis non Multum non quis glavans linguens linguens quad quis Tam linguens et gravis gravum', 125.07, '2016-02-23 08:38:41.220', 5, '2016-02-28 13:35:26.510', 1)
INSERT INTO [dbo].[Offer] ([OfferId], [ProductId], [Description], [Price], [DateCreated], [NumberOfTerms], [DateModified], IsActive) VALUES (63, 90, N'e Quad delerium. in fecundio, linguens egreddior Id travissimantor vobis habitatio quo Quad dolorum', 1374.40, '2013-05-07 22:41:47.910', 5, '2013-05-09 06:06:56.410', 1)
INSERT INTO [dbo].[Offer] ([OfferId], [ProductId], [Description], [Price], [DateCreated], [NumberOfTerms], [DateModified], IsActive) VALUES (64, 90, N'fecit. fecit, Sed nomen pladior linguens et Quad plorum et dolorum gravum imaginator apparens sed', 2550.59, '2005-07-20 09:39:41.380', 2, '2005-07-28 10:41:05.440', 1)
INSERT INTO [dbo].[Offer] ([OfferId], [ProductId], [Description], [Price], [DateCreated], [NumberOfTerms], [DateModified], IsActive) VALUES (65, 9, N'habitatio fecit. trepicandor transit. et Longam, manifestum fecundio, Longam, apparens Multum e', 1952.28, '2012-11-11 04:12:53.520', 8, '2012-11-17 15:31:40.520', 1)
INSERT INTO [dbo].[Offer] ([OfferId], [ProductId], [Description], [Price], [DateCreated], [NumberOfTerms], [DateModified], IsActive) VALUES (66, 84, N'linguens volcans habitatio et Sed eggredior. estum. pars et venit. pars quad Id pars et volcans si', 2827.24, '2009-04-27 22:09:38.620', 11, '2009-05-01 13:02:24.250', 1)
INSERT INTO [dbo].[Offer] ([OfferId], [ProductId], [Description], [Price], [DateCreated], [NumberOfTerms], [DateModified], IsActive) VALUES (67, 18, N'et nomen quad transit. non quoque dolorum gravum manifestum et in si apparens novum volcans non', 2948.05, '2008-06-30 15:51:08.870', 6, '2008-07-01 20:15:12.110', 1)
INSERT INTO [dbo].[Offer] ([OfferId], [ProductId], [Description], [Price], [DateCreated], [NumberOfTerms], [DateModified], IsActive) VALUES (68, 65, N'pladior homo, Longam, brevens, plorum trepicandor quad ut cognitio, volcans volcans et regit, si', 2728.29, '2011-09-11 07:35:48.460', 7, '2011-09-20 06:37:42.100', 1)
INSERT INTO [dbo].[Offer] ([OfferId], [ProductId], [Description], [Price], [DateCreated], [NumberOfTerms], [DateModified], IsActive) VALUES (69, 83, N'apparens Quad si Quad quad non trepicandor nomen Multum et quis novum Tam eggredior. vantis. et', 1577.14, '2013-07-22 18:09:40.470', 3, '2013-07-23 02:44:37.640', 1)
INSERT INTO [dbo].[Offer] ([OfferId], [ProductId], [Description], [Price], [DateCreated], [NumberOfTerms], [DateModified], IsActive) VALUES (70, 22, N'plurissimum et apparens egreddior et non linguens quo Id egreddior novum in estum. apparens bono et', 1754.81, '2006-08-20 09:40:39.280', 3, '2006-08-25 22:10:13.410', 1)
INSERT INTO [dbo].[Offer] ([OfferId], [ProductId], [Description], [Price], [DateCreated], [NumberOfTerms], [DateModified], IsActive) VALUES (71, 100, N'Multum cognitio, et pladior trepicandor cognitio, et si fecundio, pladior vobis Versus', 2011.23, '2010-01-25 10:02:02.080', 11, '2010-01-25 23:38:40.970', 1)
INSERT INTO [dbo].[Offer] ([OfferId], [ProductId], [Description], [Price], [DateCreated], [NumberOfTerms], [DateModified], IsActive) VALUES (72, 49, N'essit. glavans Et travissimantor estum. brevens, non essit. pladior in quo glavans quad non', 886.71, '2003-06-15 03:06:32.180', 3, '2003-06-20 04:53:28.730', 1)
INSERT INTO [dbo].[Offer] ([OfferId], [ProductId], [Description], [Price], [DateCreated], [NumberOfTerms], [DateModified], IsActive) VALUES (73, 66, N'eggredior. Id quad homo, eudis Tam plorum rarendum funem. plurissimum quo estum. estum. gravis quad', 1557.09, '2017-09-05 22:32:30.470', 4, '2017-09-14 13:25:59.110', 1)
INSERT INTO [dbo].[Offer] ([OfferId], [ProductId], [Description], [Price], [DateCreated], [NumberOfTerms], [DateModified], IsActive) VALUES (74, 72, N'dolorum pladior nomen non gravum plorum pars et delerium. e fecit. et quo vobis essit. quartu e', 1174.01, '2015-11-19 19:05:33.320', 3, '2015-11-27 10:42:20.090', 1)
INSERT INTO [dbo].[Offer] ([OfferId], [ProductId], [Description], [Price], [DateCreated], [NumberOfTerms], [DateModified], IsActive) VALUES (75, 81, N'parte plorum quad homo, delerium. vobis Longam, trepicandor et in essit. pars non nomen si apparens', 154.51, '2013-02-11 18:53:44.720', 7, '2013-02-20 19:46:34.450', 1)
INSERT INTO [dbo].[Offer] ([OfferId], [ProductId], [Description], [Price], [DateCreated], [NumberOfTerms], [DateModified], IsActive) VALUES (76, 11, N'fecit. Pro eggredior. essit. estum. linguens et Quad dolorum Longam, fecit, e quad volcans homo,', 717.01, '2004-05-09 10:30:13.150', 8, '2004-05-17 10:16:22.150', 1)
INSERT INTO [dbo].[Offer] ([OfferId], [ProductId], [Description], [Price], [DateCreated], [NumberOfTerms], [DateModified], IsActive) VALUES (77, 73, N'quo Multum cognitio, nomen rarendum Multum linguens funem. parte nomen non rarendum quoque fecit,', 303.76, '2014-09-11 14:34:51.610', 10, '2014-09-12 18:07:53.710', 1)
INSERT INTO [dbo].[Offer] ([OfferId], [ProductId], [Description], [Price], [DateCreated], [NumberOfTerms], [DateModified], IsActive) VALUES (78, 72, N'quad brevens, essit. parte et si brevens, pars delerium. e delerium. non linguens fecit, quorum e', 220.16, '2004-11-14 19:18:48.440', 4, '2004-11-17 03:38:22.120', 1)
INSERT INTO [dbo].[Offer] ([OfferId], [ProductId], [Description], [Price], [DateCreated], [NumberOfTerms], [DateModified], IsActive) VALUES (79, 13, N'estum. gravum si rarendum glavans in brevens, nomen plorum brevens, fecit. gravum egreddior vobis si', 1308.54, '2006-11-15 19:12:09.440', 9, '2006-11-24 18:53:49.730', 1)
INSERT INTO [dbo].[Offer] ([OfferId], [ProductId], [Description], [Price], [DateCreated], [NumberOfTerms], [DateModified], IsActive) VALUES (80, 91, N'non in eggredior. pars eggredior. vobis non sed imaginator non volcans parte estis eggredior. e', 436.69, '2008-06-08 15:34:40.540', 1, '2008-06-16 13:38:26.410', 1)
INSERT INTO [dbo].[Offer] ([OfferId], [ProductId], [Description], [Price], [DateCreated], [NumberOfTerms], [DateModified], IsActive) VALUES (81, 19, N'non estum. estum. eudis ut estum. non pars rarendum Pro novum egreddior vobis plorum fecit. in bono', 1005.68, '2012-08-23 21:17:36.250', 7, '2012-08-26 06:48:34.970', 1)
INSERT INTO [dbo].[Offer] ([OfferId], [ProductId], [Description], [Price], [DateCreated], [NumberOfTerms], [DateModified], IsActive) VALUES (82, 48, N'Sed plurissimum quo Pro quo, dolorum si et quo, non linguens glavans estum. funem. sed quad plorum', 1112.33, '2006-03-17 00:26:46.940', 9, '2006-03-26 00:10:15.110', 1)
INSERT INTO [dbo].[Offer] ([OfferId], [ProductId], [Description], [Price], [DateCreated], [NumberOfTerms], [DateModified], IsActive) VALUES (83, 55, N'vantis. e nomen non quantare novum habitatio venit. plurissimum et et fecit, plorum ut et manifestum', 1649.26, '2004-01-17 14:18:12.110', 8, '2004-01-18 17:17:49.970', 1)
INSERT INTO [dbo].[Offer] ([OfferId], [ProductId], [Description], [Price], [DateCreated], [NumberOfTerms], [DateModified], IsActive) VALUES (84, 33, N'quoque quis novum eggredior. Et linguens et Longam, Id homo, imaginator quad plurissimum linguens', 789.74, '2009-02-14 15:32:39.320', 11, '2009-02-21 13:14:55.620', 1)
INSERT INTO [dbo].[Offer] ([OfferId], [ProductId], [Description], [Price], [DateCreated], [NumberOfTerms], [DateModified], IsActive) VALUES (85, 68, N'nomen fecundio, bono trepicandor imaginator linguens estis estum. pladior eudis quo habitatio gravis', 1388.20, '2005-04-04 10:31:37.000', 3, '2005-04-09 16:55:38.680', 1)
INSERT INTO [dbo].[Offer] ([OfferId], [ProductId], [Description], [Price], [DateCreated], [NumberOfTerms], [DateModified], IsActive) VALUES (86, 47, N'pars travissimantor Et quo venit. fecit, fecundio, nomen non estis et quo non quantare vobis e ut', 2238.83, '2013-02-02 21:22:52.510', 6, '2013-02-07 21:22:56.830', 1)
INSERT INTO [dbo].[Offer] ([OfferId], [ProductId], [Description], [Price], [DateCreated], [NumberOfTerms], [DateModified], IsActive) VALUES (87, 84, N'pladior eggredior. plorum et et quo, cognitio, imaginator et parte plorum nomen quad Quad fecit. Et', 2917.52, '2010-09-30 08:49:35.030', 2, '2010-10-06 04:34:16.640', 1)
INSERT INTO [dbo].[Offer] ([OfferId], [ProductId], [Description], [Price], [DateCreated], [NumberOfTerms], [DateModified], IsActive) VALUES (88, 81, N'et trepicandor homo, venit. quo habitatio Id pladior eggredior. rarendum non apparens Tam esset', 1697.68, '2014-08-03 11:42:33.400', 5, '2014-08-05 01:40:13.170', 1)
INSERT INTO [dbo].[Offer] ([OfferId], [ProductId], [Description], [Price], [DateCreated], [NumberOfTerms], [DateModified], IsActive) VALUES (89, 80, N'Multum quo homo, quo et Multum in dolorum Longam, Longam, manifestum manifestum quo, plorum plorum', 2717.79, '2014-02-10 20:03:11.060', 3, '2014-02-14 15:12:36.220', 1)
INSERT INTO [dbo].[Offer] ([OfferId], [ProductId], [Description], [Price], [DateCreated], [NumberOfTerms], [DateModified], IsActive) VALUES (90, 77, N'Multum egreddior estum. cognitio, habitatio estis et habitatio et quo essit. quorum essit. e quo quo', 2406.81, '2016-04-15 04:35:08.800', 2, '2016-04-15 08:43:01.940', 1)
INSERT INTO [dbo].[Offer] ([OfferId], [ProductId], [Description], [Price], [DateCreated], [NumberOfTerms], [DateModified], IsActive) VALUES (91, 94, N'nomen habitatio et et imaginator sed quad plorum regit, gravum imaginator vobis gravum et Quad', 2025.27, '2012-01-04 00:01:34.240', 5, '2012-01-08 07:09:00.560', 1)
INSERT INTO [dbo].[Offer] ([OfferId], [ProductId], [Description], [Price], [DateCreated], [NumberOfTerms], [DateModified], IsActive) VALUES (92, 30, N'quis Tam bono esset trepicandor e dolorum vobis gravis Sed Quad quo Tam estum. non e quantare plorum', 2783.32, '2009-03-06 21:59:57.640', 11, '2009-03-10 13:13:02.860', 1)
INSERT INTO [dbo].[Offer] ([OfferId], [ProductId], [Description], [Price], [DateCreated], [NumberOfTerms], [DateModified], IsActive) VALUES (93, 53, N'Longam, funem. habitatio quartu quo quis vobis ut novum rarendum venit. Id regit, pladior Id nomen', 2606.79, '2009-08-10 05:20:53.880', 2, '2009-08-15 21:14:41.200', 1)
INSERT INTO [dbo].[Offer] ([OfferId], [ProductId], [Description], [Price], [DateCreated], [NumberOfTerms], [DateModified], IsActive) VALUES (94, 67, N'venit. et Sed delerium. quo quad Multum parte vantis. nomen homo, rarendum non fecundio, quo, quad', 1248.36, '2014-10-19 01:20:53.170', 11, '2014-10-24 01:35:59.540', 1)
INSERT INTO [dbo].[Offer] ([OfferId], [ProductId], [Description], [Price], [DateCreated], [NumberOfTerms], [DateModified], IsActive) VALUES (95, 34, N'fecit, trepicandor imaginator cognitio, Tam linguens brevens, estis Longam, manifestum apparens Sed', 2856.73, '2010-09-11 13:58:23.000', 2, '2010-09-17 17:04:37.080', 1)
INSERT INTO [dbo].[Offer] ([OfferId], [ProductId], [Description], [Price], [DateCreated], [NumberOfTerms], [DateModified], IsActive) VALUES (96, 29, N'quorum Tam bono estum. Et eggredior. eggredior. parte glavans pladior estum. volcans parte et nomen', 2682.95, '2015-09-04 19:46:24.250', 8, '2015-09-11 22:29:48.500', 1)
INSERT INTO [dbo].[Offer] ([OfferId], [ProductId], [Description], [Price], [DateCreated], [NumberOfTerms], [DateModified], IsActive) VALUES (97, 83, N'gravis trepicandor nomen estum. si Sed linguens novum venit. transit. Longam, pladior Quad Quad e', 1767.94, '2012-09-21 16:40:22.990', 10, '2012-09-29 03:08:26.300', 1)
INSERT INTO [dbo].[Offer] ([OfferId], [ProductId], [Description], [Price], [DateCreated], [NumberOfTerms], [DateModified], IsActive) VALUES (98, 23, N'gravis si brevens, sed fecit. fecit, glavans quad essit. nomen travissimantor fecundio, regit,', 2595.99, '2004-10-19 03:49:05.540', 11, '2004-10-25 10:00:33.010', 1)
INSERT INTO [dbo].[Offer] ([OfferId], [ProductId], [Description], [Price], [DateCreated], [NumberOfTerms], [DateModified], IsActive) VALUES (99, 19, N'et manifestum non pladior nomen gravum Sed bono fecit. quad gravis non gravis Et transit. linguens', 2536.51, '2017-07-31 19:46:58.270', 4, '2017-08-02 16:14:22.880', 1)
INSERT INTO [dbo].[Offer] ([OfferId], [ProductId], [Description], [Price], [DateCreated], [NumberOfTerms], [DateModified], IsActive) VALUES (100, 7, N'trepicandor quo non regit, non quorum vobis esset apparens glavans plorum quo brevens, habitatio', 1320.54, '2010-06-18 18:25:54.200', 8, '2010-06-24 17:59:24.380', 1)
SET IDENTITY_INSERT [dbo].[Offer] OFF

PRINT(N'Add 200 rows to [dbo].[Order]')
SET IDENTITY_INSERT [dbo].[Order] ON
INSERT INTO [dbo].[Order] ([OrderId], [OfferId], [EndDate], [StartDate], [CustomerId]) VALUES (1, 73, '2008-11-05 09:58:11.740', '2008-07-05 09:58:11.740', 727)
INSERT INTO [dbo].[Order] ([OrderId], [OfferId], [EndDate], [StartDate], [CustomerId]) VALUES (2, 82, '2016-09-21 08:20:52.430', '2007-09-21 08:20:52.430', 818)
INSERT INTO [dbo].[Order] ([OrderId], [OfferId], [EndDate], [StartDate], [CustomerId]) VALUES (3, 77, '2016-04-13 21:25:16.440', '2015-06-13 21:25:16.440', 769)
INSERT INTO [dbo].[Order] ([OrderId], [OfferId], [EndDate], [StartDate], [CustomerId]) VALUES (4, 56, '2022-01-01 08:53:58.440', '2015-01-01 08:53:58.440', 559)
INSERT INTO [dbo].[Order] ([OrderId], [OfferId], [EndDate], [StartDate], [CustomerId]) VALUES (5, 21, '2007-03-29 00:11:55.120', '2006-05-29 00:11:55.120', 207)
INSERT INTO [dbo].[Order] ([OrderId], [OfferId], [EndDate], [StartDate], [CustomerId]) VALUES (6, 56, '2020-11-14 23:36:12.720', '2013-11-14 23:36:12.720', 4)
INSERT INTO [dbo].[Order] ([OrderId], [OfferId], [EndDate], [StartDate], [CustomerId]) VALUES (7, 91, '2015-07-18 07:27:15.360', '2015-02-18 07:27:15.360', 907)
INSERT INTO [dbo].[Order] ([OrderId], [OfferId], [EndDate], [StartDate], [CustomerId]) VALUES (8, 45, '2010-10-17 10:33:43.180', '2010-04-17 10:33:43.180', 443)
INSERT INTO [dbo].[Order] ([OrderId], [OfferId], [EndDate], [StartDate], [CustomerId]) VALUES (9, 98, '2018-09-18 04:38:44.890', '2017-10-18 04:38:44.890', 978)
INSERT INTO [dbo].[Order] ([OrderId], [OfferId], [EndDate], [StartDate], [CustomerId]) VALUES (10, 28, '2016-03-24 13:11:44.810', '2009-03-24 13:11:44.810', 274)
INSERT INTO [dbo].[Order] ([OrderId], [OfferId], [EndDate], [StartDate], [CustomerId]) VALUES (11, 30, '2020-07-28 20:32:17.460', '2015-07-28 20:32:17.460', 292)
INSERT INTO [dbo].[Order] ([OrderId], [OfferId], [EndDate], [StartDate], [CustomerId]) VALUES (12, 47, '2008-10-16 05:06:53.430', '2008-08-16 05:06:53.430', 468)
INSERT INTO [dbo].[Order] ([OrderId], [OfferId], [EndDate], [StartDate], [CustomerId]) VALUES (13, 64, '2019-10-26 15:05:48.480', '2017-10-26 15:05:48.480', 633)
INSERT INTO [dbo].[Order] ([OrderId], [OfferId], [EndDate], [StartDate], [CustomerId]) VALUES (14, 47, '2012-06-26 16:22:59.780', '2012-04-26 16:22:59.780', 470)
INSERT INTO [dbo].[Order] ([OrderId], [OfferId], [EndDate], [StartDate], [CustomerId]) VALUES (15, 99, '2005-08-28 18:18:05.100', '2005-04-28 18:18:05.100', 983)
INSERT INTO [dbo].[Order] ([OrderId], [OfferId], [EndDate], [StartDate], [CustomerId]) VALUES (16, 4, '2007-12-10 06:59:42.840', '2007-04-10 06:59:42.840', 31)
INSERT INTO [dbo].[Order] ([OrderId], [OfferId], [EndDate], [StartDate], [CustomerId]) VALUES (17, 87, '2018-05-12 20:45:10.680', '2016-05-12 20:45:10.680', 863)
INSERT INTO [dbo].[Order] ([OrderId], [OfferId], [EndDate], [StartDate], [CustomerId]) VALUES (18, 100, '2016-12-15 22:41:35.340', '2016-04-15 22:41:35.340', 996)
INSERT INTO [dbo].[Order] ([OrderId], [OfferId], [EndDate], [StartDate], [CustomerId]) VALUES (19, 68, '2015-05-04 23:02:15.670', '2008-05-04 23:02:15.670', 678)
INSERT INTO [dbo].[Order] ([OrderId], [OfferId], [EndDate], [StartDate], [CustomerId]) VALUES (20, 32, '2008-05-03 17:28:01.360', '2008-04-03 17:28:01.360', 315)
INSERT INTO [dbo].[Order] ([OrderId], [OfferId], [EndDate], [StartDate], [CustomerId]) VALUES (21, 82, '2021-12-07 09:26:17.480', '2012-12-07 09:26:17.480', 817)
INSERT INTO [dbo].[Order] ([OrderId], [OfferId], [EndDate], [StartDate], [CustomerId]) VALUES (22, 85, '2012-03-07 06:44:45.180', '2011-12-07 06:44:45.180', 849)
INSERT INTO [dbo].[Order] ([OrderId], [OfferId], [EndDate], [StartDate], [CustomerId]) VALUES (23, 100, '2018-05-05 23:04:56.710', '2017-09-05 23:04:56.710', 992)
INSERT INTO [dbo].[Order] ([OrderId], [OfferId], [EndDate], [StartDate], [CustomerId]) VALUES (24, 4, '2008-11-03 08:18:33.210', '2008-03-03 08:18:33.210', 33)
INSERT INTO [dbo].[Order] ([OrderId], [OfferId], [EndDate], [StartDate], [CustomerId]) VALUES (25, 70, '2017-03-21 13:59:48.350', '2016-12-21 13:59:48.350', 700)
INSERT INTO [dbo].[Order] ([OrderId], [OfferId], [EndDate], [StartDate], [CustomerId]) VALUES (26, 53, '2018-11-20 06:58:04.700', '2017-12-20 06:58:04.700', 527)
INSERT INTO [dbo].[Order] ([OrderId], [OfferId], [EndDate], [StartDate], [CustomerId]) VALUES (27, 94, '2016-06-02 00:43:48.630', '2005-06-02 00:43:48.630', 935)
INSERT INTO [dbo].[Order] ([OrderId], [OfferId], [EndDate], [StartDate], [CustomerId]) VALUES (28, 69, '2017-10-27 01:15:54.630', '2014-10-27 01:15:54.630', 688)
INSERT INTO [dbo].[Order] ([OrderId], [OfferId], [EndDate], [StartDate], [CustomerId]) VALUES (29, 55, '2021-02-03 04:48:48.930', '2013-02-03 04:48:48.930', 547)
INSERT INTO [dbo].[Order] ([OrderId], [OfferId], [EndDate], [StartDate], [CustomerId]) VALUES (30, 9, '2018-05-28 10:33:55.270', '2011-05-28 10:33:55.270', 82)
INSERT INTO [dbo].[Order] ([OrderId], [OfferId], [EndDate], [StartDate], [CustomerId]) VALUES (31, 19, '2007-02-11 09:18:36.590', '2006-06-11 09:18:36.590', 188)
INSERT INTO [dbo].[Order] ([OrderId], [OfferId], [EndDate], [StartDate], [CustomerId]) VALUES (32, 46, '2008-10-04 12:42:08.220', '2008-01-04 12:42:08.220', 454)
INSERT INTO [dbo].[Order] ([OrderId], [OfferId], [EndDate], [StartDate], [CustomerId]) VALUES (33, 30, '2021-05-03 20:30:50.940', '2016-05-03 20:30:50.940', 298)
INSERT INTO [dbo].[Order] ([OrderId], [OfferId], [EndDate], [StartDate], [CustomerId]) VALUES (34, 99, '2011-05-23 19:13:58.220', '2011-01-23 19:13:58.220', 989)
INSERT INTO [dbo].[Order] ([OrderId], [OfferId], [EndDate], [StartDate], [CustomerId]) VALUES (35, 65, '2019-09-11 22:55:56.180', '2011-09-11 22:55:56.180', 643)
INSERT INTO [dbo].[Order] ([OrderId], [OfferId], [EndDate], [StartDate], [CustomerId]) VALUES (36, 77, '2015-07-23 23:33:47.640', '2014-09-23 23:33:47.640', 763)
INSERT INTO [dbo].[Order] ([OrderId], [OfferId], [EndDate], [StartDate], [CustomerId]) VALUES (37, 4, '2014-01-07 23:28:07.610', '2013-05-07 23:28:07.610', 16)
INSERT INTO [dbo].[Order] ([OrderId], [OfferId], [EndDate], [StartDate], [CustomerId]) VALUES (38, 39, '2022-08-02 17:15:58.630', '2011-08-02 17:15:58.630', 382)
INSERT INTO [dbo].[Order] ([OrderId], [OfferId], [EndDate], [StartDate], [CustomerId]) VALUES (39, 35, '2025-03-16 17:53:03.030', '2017-03-16 17:53:03.030', 344)
INSERT INTO [dbo].[Order] ([OrderId], [OfferId], [EndDate], [StartDate], [CustomerId]) VALUES (40, 96, '2014-05-08 20:14:31.570', '2013-09-08 20:14:31.570', 958)
INSERT INTO [dbo].[Order] ([OrderId], [OfferId], [EndDate], [StartDate], [CustomerId]) VALUES (41, 51, '2012-12-24 22:10:07.050', '2012-09-24 22:10:07.050', 506)
INSERT INTO [dbo].[Order] ([OrderId], [OfferId], [EndDate], [StartDate], [CustomerId]) VALUES (42, 72, '2009-03-03 08:47:06.630', '2006-03-03 08:47:06.630', 716)
INSERT INTO [dbo].[Order] ([OrderId], [OfferId], [EndDate], [StartDate], [CustomerId]) VALUES (43, 12, '2019-09-25 00:51:29.000', '2014-09-25 00:51:29.000', 119)
INSERT INTO [dbo].[Order] ([OrderId], [OfferId], [EndDate], [StartDate], [CustomerId]) VALUES (44, 28, '2019-12-02 16:07:39.830', '2012-12-02 16:07:39.830', 10)
INSERT INTO [dbo].[Order] ([OrderId], [OfferId], [EndDate], [StartDate], [CustomerId]) VALUES (45, 91, '2009-09-07 07:40:02.450', '2009-04-07 07:40:02.450', 908)
INSERT INTO [dbo].[Order] ([OrderId], [OfferId], [EndDate], [StartDate], [CustomerId]) VALUES (46, 80, '2014-12-24 00:31:58.210', '2014-11-24 00:31:58.210', 795)
INSERT INTO [dbo].[Order] ([OrderId], [OfferId], [EndDate], [StartDate], [CustomerId]) VALUES (47, 34, '2026-09-24 05:03:57.960', '2015-09-24 05:03:57.960', 338)
INSERT INTO [dbo].[Order] ([OrderId], [OfferId], [EndDate], [StartDate], [CustomerId]) VALUES (48, 46, '2013-12-09 22:28:34.380', '2013-03-09 22:28:34.380', 458)
INSERT INTO [dbo].[Order] ([OrderId], [OfferId], [EndDate], [StartDate], [CustomerId]) VALUES (49, 15, '2022-05-31 14:02:04.630', '2014-05-31 14:02:04.630', 147)
INSERT INTO [dbo].[Order] ([OrderId], [OfferId], [EndDate], [StartDate], [CustomerId]) VALUES (50, 23, '2012-09-20 23:33:58.620', '2012-06-20 23:33:58.620', 222)
INSERT INTO [dbo].[Order] ([OrderId], [OfferId], [EndDate], [StartDate], [CustomerId]) VALUES (51, 42, '2017-05-31 05:44:28.920', '2017-03-31 05:44:28.920', 411)
INSERT INTO [dbo].[Order] ([OrderId], [OfferId], [EndDate], [StartDate], [CustomerId]) VALUES (52, 72, '2008-02-02 15:12:15.340', '2005-02-02 15:12:15.340', 719)
INSERT INTO [dbo].[Order] ([OrderId], [OfferId], [EndDate], [StartDate], [CustomerId]) VALUES (53, 62, '2014-01-19 20:38:41.890', '2013-08-19 20:38:41.890', 620)
INSERT INTO [dbo].[Order] ([OrderId], [OfferId], [EndDate], [StartDate], [CustomerId]) VALUES (54, 49, '2015-09-10 10:18:11.570', '2014-10-10 10:18:11.570', 488)
INSERT INTO [dbo].[Order] ([OrderId], [OfferId], [EndDate], [StartDate], [CustomerId]) VALUES (55, 20, '2009-02-10 05:38:56.770', '2008-07-10 05:38:56.770', 195)
INSERT INTO [dbo].[Order] ([OrderId], [OfferId], [EndDate], [StartDate], [CustomerId]) VALUES (56, 88, '2015-03-19 03:13:26.560', '2014-10-19 03:13:26.560', 879)
INSERT INTO [dbo].[Order] ([OrderId], [OfferId], [EndDate], [StartDate], [CustomerId]) VALUES (57, 83, '2016-04-05 09:15:55.730', '2008-04-05 09:15:55.730', 826)
INSERT INTO [dbo].[Order] ([OrderId], [OfferId], [EndDate], [StartDate], [CustomerId]) VALUES (58, 74, '2012-07-12 13:06:43.220', '2012-04-12 13:06:43.220', 736)
INSERT INTO [dbo].[Order] ([OrderId], [OfferId], [EndDate], [StartDate], [CustomerId]) VALUES (59, 86, '2022-03-31 18:54:10.090', '2016-03-31 18:54:10.090', 859)
INSERT INTO [dbo].[Order] ([OrderId], [OfferId], [EndDate], [StartDate], [CustomerId]) VALUES (60, 68, '2013-08-28 17:13:50.430', '2006-08-28 17:13:50.430', 680)
INSERT INTO [dbo].[Order] ([OrderId], [OfferId], [EndDate], [StartDate], [CustomerId]) VALUES (61, 63, '2018-06-15 22:52:24.080', '2013-06-15 22:52:24.080', 625)
INSERT INTO [dbo].[Order] ([OrderId], [OfferId], [EndDate], [StartDate], [CustomerId]) VALUES (62, 22, '2015-04-25 06:11:20.720', '2005-04-25 06:11:20.720', 219)
INSERT INTO [dbo].[Order] ([OrderId], [OfferId], [EndDate], [StartDate], [CustomerId]) VALUES (63, 90, '2015-08-03 05:44:54.260', '2015-06-03 05:44:54.260', 896)
INSERT INTO [dbo].[Order] ([OrderId], [OfferId], [EndDate], [StartDate], [CustomerId]) VALUES (64, 90, '2011-07-24 18:04:49.620', '2011-05-24 18:04:49.620', 897)
INSERT INTO [dbo].[Order] ([OrderId], [OfferId], [EndDate], [StartDate], [CustomerId]) VALUES (65, 9, '2014-10-15 03:53:08.220', '2007-10-15 03:53:08.220', 87)
INSERT INTO [dbo].[Order] ([OrderId], [OfferId], [EndDate], [StartDate], [CustomerId]) VALUES (66, 84, '2013-06-25 07:50:09.230', '2012-07-25 07:50:09.230', 839)
INSERT INTO [dbo].[Order] ([OrderId], [OfferId], [EndDate], [StartDate], [CustomerId]) VALUES (67, 18, '2010-10-04 08:36:02.490', '2010-07-04 08:36:02.490', 171)
INSERT INTO [dbo].[Order] ([OrderId], [OfferId], [EndDate], [StartDate], [CustomerId]) VALUES (68, 65, '2019-10-04 19:51:50.250', '2011-10-04 19:51:50.250', 645)
INSERT INTO [dbo].[Order] ([OrderId], [OfferId], [EndDate], [StartDate], [CustomerId]) VALUES (69, 83, '2013-08-16 17:27:03.590', '2005-08-16 17:27:03.590', 827)
INSERT INTO [dbo].[Order] ([OrderId], [OfferId], [EndDate], [StartDate], [CustomerId]) VALUES (70, 22, '2018-10-24 18:44:17.460', '2008-10-24 18:44:17.460', 220)
INSERT INTO [dbo].[Order] ([OrderId], [OfferId], [EndDate], [StartDate], [CustomerId]) VALUES (71, 100, '2012-10-22 07:31:35.230', '2012-02-22 07:31:35.230', 1000)
INSERT INTO [dbo].[Order] ([OrderId], [OfferId], [EndDate], [StartDate], [CustomerId]) VALUES (72, 49, '2010-09-12 03:29:12.050', '2009-10-12 03:29:12.050', 482)
INSERT INTO [dbo].[Order] ([OrderId], [OfferId], [EndDate], [StartDate], [CustomerId]) VALUES (73, 66, '2028-04-21 04:48:32.310', '2017-04-21 04:48:32.310', 653)
INSERT INTO [dbo].[Order] ([OrderId], [OfferId], [EndDate], [StartDate], [CustomerId]) VALUES (74, 72, '2015-11-15 02:47:44.110', '2012-11-15 02:47:44.110', 720)
INSERT INTO [dbo].[Order] ([OrderId], [OfferId], [EndDate], [StartDate], [CustomerId]) VALUES (75, 81, '2014-04-28 19:17:54.320', '2013-09-28 19:17:54.320', 810)
INSERT INTO [dbo].[Order] ([OrderId], [OfferId], [EndDate], [StartDate], [CustomerId]) VALUES (76, 11, '2022-10-08 00:39:10.850', '2011-10-08 00:39:10.850', 101)
INSERT INTO [dbo].[Order] ([OrderId], [OfferId], [EndDate], [StartDate], [CustomerId]) VALUES (77, 73, '2015-10-03 05:53:16.190', '2015-06-03 05:53:16.190', 730)
INSERT INTO [dbo].[Order] ([OrderId], [OfferId], [EndDate], [StartDate], [CustomerId]) VALUES (78, 72, '2012-10-05 06:57:16.870', '2009-10-05 06:57:16.870', 52)
INSERT INTO [dbo].[Order] ([OrderId], [OfferId], [EndDate], [StartDate], [CustomerId]) VALUES (79, 13, '2017-07-15 00:38:30.770', '2017-02-15 00:38:30.770', 126)
INSERT INTO [dbo].[Order] ([OrderId], [OfferId], [EndDate], [StartDate], [CustomerId]) VALUES (80, 91, '2007-06-29 13:27:50.140', '2007-01-29 13:27:50.140', 906)
INSERT INTO [dbo].[Order] ([OrderId], [OfferId], [EndDate], [StartDate], [CustomerId]) VALUES (81, 19, '2007-11-30 01:54:06.740', '2007-03-30 01:54:06.740', 190)
INSERT INTO [dbo].[Order] ([OrderId], [OfferId], [EndDate], [StartDate], [CustomerId]) VALUES (82, 48, '2011-02-14 02:15:14.250', '2010-06-14 02:15:14.250', 477)
INSERT INTO [dbo].[Order] ([OrderId], [OfferId], [EndDate], [StartDate], [CustomerId]) VALUES (83, 55, '2013-05-29 11:13:50.000', '2005-05-29 11:13:50.000', 541)
INSERT INTO [dbo].[Order] ([OrderId], [OfferId], [EndDate], [StartDate], [CustomerId]) VALUES (84, 33, '2016-08-16 05:14:50.300', '2005-08-16 05:14:50.300', 326)
INSERT INTO [dbo].[Order] ([OrderId], [OfferId], [EndDate], [StartDate], [CustomerId]) VALUES (85, 68, '2019-05-18 04:49:26.360', '2012-05-18 04:49:26.360', 672)
INSERT INTO [dbo].[Order] ([OrderId], [OfferId], [EndDate], [StartDate], [CustomerId]) VALUES (86, 47, '2006-07-09 18:06:21.240', '2006-05-09 18:06:21.240', 469)
INSERT INTO [dbo].[Order] ([OrderId], [OfferId], [EndDate], [StartDate], [CustomerId]) VALUES (87, 84, '2013-07-05 16:03:26.330', '2012-08-05 16:03:26.330', 834)
INSERT INTO [dbo].[Order] ([OrderId], [OfferId], [EndDate], [StartDate], [CustomerId]) VALUES (88, 81, '2007-02-26 10:12:39.370', '2006-07-26 10:12:39.370', 75)
INSERT INTO [dbo].[Order] ([OrderId], [OfferId], [EndDate], [StartDate], [CustomerId]) VALUES (89, 80, '2007-08-17 13:35:01.440', '2007-07-17 13:35:01.440', 794)
INSERT INTO [dbo].[Order] ([OrderId], [OfferId], [EndDate], [StartDate], [CustomerId]) VALUES (90, 77, '2015-12-12 19:42:29.620', '2015-02-12 19:42:29.620', 765)
INSERT INTO [dbo].[Order] ([OrderId], [OfferId], [EndDate], [StartDate], [CustomerId]) VALUES (91, 94, '2022-06-21 14:17:51.910', '2011-06-21 14:17:51.910', 938)
INSERT INTO [dbo].[Order] ([OrderId], [OfferId], [EndDate], [StartDate], [CustomerId]) VALUES (92, 30, '2011-01-26 10:21:24.390', '2006-01-26 10:21:24.390', 295)
INSERT INTO [dbo].[Order] ([OrderId], [OfferId], [EndDate], [StartDate], [CustomerId]) VALUES (93, 53, '2014-06-22 22:21:48.540', '2013-07-22 22:21:48.540', 523)
INSERT INTO [dbo].[Order] ([OrderId], [OfferId], [EndDate], [StartDate], [CustomerId]) VALUES (94, 67, '2021-07-21 00:39:12.600', '2015-07-21 00:39:12.600', 664)
INSERT INTO [dbo].[Order] ([OrderId], [OfferId], [EndDate], [StartDate], [CustomerId]) VALUES (95, 34, '2016-03-26 21:22:07.480', '2005-03-26 21:22:07.480', 333)
INSERT INTO [dbo].[Order] ([OrderId], [OfferId], [EndDate], [StartDate], [CustomerId]) VALUES (96, 29, '2016-06-02 15:58:46.320', '2012-06-02 15:58:46.320', 287)
INSERT INTO [dbo].[Order] ([OrderId], [OfferId], [EndDate], [StartDate], [CustomerId]) VALUES (97, 83, '2016-12-20 03:02:12.380', '2008-12-20 03:02:12.380', 821)
INSERT INTO [dbo].[Order] ([OrderId], [OfferId], [EndDate], [StartDate], [CustomerId]) VALUES (98, 23, '2008-08-04 06:46:39.370', '2008-05-04 06:46:39.370', 223)
INSERT INTO [dbo].[Order] ([OrderId], [OfferId], [EndDate], [StartDate], [CustomerId]) VALUES (99, 19, '2010-10-19 12:14:31.610', '2010-02-19 12:14:31.610', 187)
INSERT INTO [dbo].[Order] ([OrderId], [OfferId], [EndDate], [StartDate], [CustomerId]) VALUES (100, 7, '2015-11-02 23:49:53.220', '2014-12-02 23:49:53.220', 69)
INSERT INTO [dbo].[Order] ([OrderId], [OfferId], [EndDate], [StartDate], [CustomerId]) VALUES (101, 63, '2014-05-23 15:55:55.710', '2009-05-23 15:55:55.710', 61)
INSERT INTO [dbo].[Order] ([OrderId], [OfferId], [EndDate], [StartDate], [CustomerId]) VALUES (102, 70, '2009-03-21 09:12:07.700', '2008-12-21 09:12:07.700', 694)
INSERT INTO [dbo].[Order] ([OrderId], [OfferId], [EndDate], [StartDate], [CustomerId]) VALUES (103, 64, '2014-07-25 05:01:30.790', '2012-07-25 05:01:30.790', 631)
INSERT INTO [dbo].[Order] ([OrderId], [OfferId], [EndDate], [StartDate], [CustomerId]) VALUES (104, 93, '2010-10-07 19:17:47.160', '2010-08-07 19:17:47.160', 928)
INSERT INTO [dbo].[Order] ([OrderId], [OfferId], [EndDate], [StartDate], [CustomerId]) VALUES (105, 23, '2005-07-30 16:02:23.390', '2005-04-30 16:02:23.390', 50)
INSERT INTO [dbo].[Order] ([OrderId], [OfferId], [EndDate], [StartDate], [CustomerId]) VALUES (106, 93, '2012-08-20 02:15:16.870', '2012-06-20 02:15:16.870', 929)
INSERT INTO [dbo].[Order] ([OrderId], [OfferId], [EndDate], [StartDate], [CustomerId]) VALUES (107, 7, '2006-12-03 10:23:43.040', '2006-01-03 10:23:43.040', 67)
INSERT INTO [dbo].[Order] ([OrderId], [OfferId], [EndDate], [StartDate], [CustomerId]) VALUES (108, 91, '2006-03-05 17:50:57.780', '2005-10-05 17:50:57.780', 901)
INSERT INTO [dbo].[Order] ([OrderId], [OfferId], [EndDate], [StartDate], [CustomerId]) VALUES (109, 68, '2013-01-12 15:00:17.250', '2006-01-12 15:00:17.250', 679)
INSERT INTO [dbo].[Order] ([OrderId], [OfferId], [EndDate], [StartDate], [CustomerId]) VALUES (110, 10, '2015-06-23 04:59:45.930', '2014-12-23 04:59:45.930', 94)
INSERT INTO [dbo].[Order] ([OrderId], [OfferId], [EndDate], [StartDate], [CustomerId]) VALUES (111, 15, '2025-08-06 21:20:10.380', '2017-08-06 21:20:10.380', 150)
INSERT INTO [dbo].[Order] ([OrderId], [OfferId], [EndDate], [StartDate], [CustomerId]) VALUES (112, 11, '2027-09-20 02:18:38.860', '2016-09-20 02:18:38.860', 107)
INSERT INTO [dbo].[Order] ([OrderId], [OfferId], [EndDate], [StartDate], [CustomerId]) VALUES (113, 61, '2013-08-17 12:28:12.450', '2013-05-17 12:28:12.450', 610)
INSERT INTO [dbo].[Order] ([OrderId], [OfferId], [EndDate], [StartDate], [CustomerId]) VALUES (114, 96, '2014-11-04 05:26:19.950', '2014-03-04 05:26:19.950', 954)
INSERT INTO [dbo].[Order] ([OrderId], [OfferId], [EndDate], [StartDate], [CustomerId]) VALUES (115, 50, '2018-02-20 15:19:43.690', '2017-08-20 15:19:43.690', 491)
INSERT INTO [dbo].[Order] ([OrderId], [OfferId], [EndDate], [StartDate], [CustomerId]) VALUES (116, 15, '2016-01-03 20:37:09.830', '2008-01-03 20:37:09.830', 149)
INSERT INTO [dbo].[Order] ([OrderId], [OfferId], [EndDate], [StartDate], [CustomerId]) VALUES (117, 68, '2025-02-15 18:57:30.720', '2018-02-15 18:57:30.720', 19)
INSERT INTO [dbo].[Order] ([OrderId], [OfferId], [EndDate], [StartDate], [CustomerId]) VALUES (118, 57, '2016-10-19 00:30:03.960', '2014-10-19 00:30:03.960', 570)
INSERT INTO [dbo].[Order] ([OrderId], [OfferId], [EndDate], [StartDate], [CustomerId]) VALUES (119, 23, '2017-06-27 13:15:23.270', '2017-03-27 13:15:23.270', 226)
INSERT INTO [dbo].[Order] ([OrderId], [OfferId], [EndDate], [StartDate], [CustomerId]) VALUES (120, 62, '2006-11-08 09:46:46.970', '2006-06-08 09:46:46.970', 619)
INSERT INTO [dbo].[Order] ([OrderId], [OfferId], [EndDate], [StartDate], [CustomerId]) VALUES (121, 1, '2018-08-10 15:46:42.900', '2018-03-10 15:46:42.900', 6)
INSERT INTO [dbo].[Order] ([OrderId], [OfferId], [EndDate], [StartDate], [CustomerId]) VALUES (122, 37, '2009-12-09 22:23:23.120', '2008-12-09 22:23:23.120', 361)
INSERT INTO [dbo].[Order] ([OrderId], [OfferId], [EndDate], [StartDate], [CustomerId]) VALUES (123, 86, '2015-03-21 06:16:48.810', '2009-03-21 06:16:48.810', 851)
INSERT INTO [dbo].[Order] ([OrderId], [OfferId], [EndDate], [StartDate], [CustomerId]) VALUES (124, 7, '2009-08-22 21:44:33.980', '2008-09-22 21:44:33.980', 63)
INSERT INTO [dbo].[Order] ([OrderId], [OfferId], [EndDate], [StartDate], [CustomerId]) VALUES (125, 29, '2019-07-26 04:26:25.560', '2015-07-26 04:26:25.560', 282)
INSERT INTO [dbo].[Order] ([OrderId], [OfferId], [EndDate], [StartDate], [CustomerId]) VALUES (126, 71, '2011-12-27 21:10:10.840', '2011-01-27 21:10:10.840', 705)
INSERT INTO [dbo].[Order] ([OrderId], [OfferId], [EndDate], [StartDate], [CustomerId]) VALUES (127, 96, '2015-02-11 05:07:23.510', '2014-06-11 05:07:23.510', 959)
INSERT INTO [dbo].[Order] ([OrderId], [OfferId], [EndDate], [StartDate], [CustomerId]) VALUES (128, 99, '2007-02-03 04:09:19.710', '2006-10-03 04:09:19.710', 34)
INSERT INTO [dbo].[Order] ([OrderId], [OfferId], [EndDate], [StartDate], [CustomerId]) VALUES (129, 39, '2023-08-22 05:25:36.630', '2012-08-22 05:25:36.630', 388)
INSERT INTO [dbo].[Order] ([OrderId], [OfferId], [EndDate], [StartDate], [CustomerId]) VALUES (130, 53, '2007-03-29 03:19:07.990', '2006-04-29 03:19:07.990', 93)
INSERT INTO [dbo].[Order] ([OrderId], [OfferId], [EndDate], [StartDate], [CustomerId]) VALUES (131, 29, '2011-10-19 21:36:58.460', '2007-10-19 21:36:58.460', 281)
INSERT INTO [dbo].[Order] ([OrderId], [OfferId], [EndDate], [StartDate], [CustomerId]) VALUES (132, 51, '2012-04-30 23:06:36.810', '2012-01-30 23:06:36.810', 507)
INSERT INTO [dbo].[Order] ([OrderId], [OfferId], [EndDate], [StartDate], [CustomerId]) VALUES (133, 54, '2024-11-04 18:42:45.270', '2017-11-04 18:42:45.270', 532)
INSERT INTO [dbo].[Order] ([OrderId], [OfferId], [EndDate], [StartDate], [CustomerId]) VALUES (134, 6, '2007-10-17 00:48:37.550', '2007-03-17 00:48:37.550', 58)
INSERT INTO [dbo].[Order] ([OrderId], [OfferId], [EndDate], [StartDate], [CustomerId]) VALUES (135, 29, '2019-11-27 21:31:54.430', '2015-11-27 21:31:54.430', 131)
INSERT INTO [dbo].[Order] ([OrderId], [OfferId], [EndDate], [StartDate], [CustomerId]) VALUES (136, 50, '2016-12-27 16:41:59.040', '2016-06-27 16:41:59.040', 497)
INSERT INTO [dbo].[Order] ([OrderId], [OfferId], [EndDate], [StartDate], [CustomerId]) VALUES (137, 85, '2016-05-08 21:13:43.470', '2016-02-08 21:13:43.470', 847)
INSERT INTO [dbo].[Order] ([OrderId], [OfferId], [EndDate], [StartDate], [CustomerId]) VALUES (138, 62, '2013-06-10 15:56:02.850', '2013-01-10 15:56:02.850', 614)
INSERT INTO [dbo].[Order] ([OrderId], [OfferId], [EndDate], [StartDate], [CustomerId]) VALUES (139, 11, '2016-04-18 13:12:26.910', '2005-04-18 13:12:26.910', 105)
INSERT INTO [dbo].[Order] ([OrderId], [OfferId], [EndDate], [StartDate], [CustomerId]) VALUES (140, 75, '2018-09-17 02:34:09.490', '2018-02-17 02:34:09.490', 743)
INSERT INTO [dbo].[Order] ([OrderId], [OfferId], [EndDate], [StartDate], [CustomerId]) VALUES (141, 41, '2006-05-07 07:42:38.200', '2005-05-07 07:42:38.200', 402)
INSERT INTO [dbo].[Order] ([OrderId], [OfferId], [EndDate], [StartDate], [CustomerId]) VALUES (142, 94, '2022-11-01 22:12:28.550', '2011-11-01 22:12:28.550', 934)
INSERT INTO [dbo].[Order] ([OrderId], [OfferId], [EndDate], [StartDate], [CustomerId]) VALUES (143, 14, '2016-07-14 19:12:22.110', '2005-07-14 19:12:22.110', 131)
INSERT INTO [dbo].[Order] ([OrderId], [OfferId], [EndDate], [StartDate], [CustomerId]) VALUES (144, 70, '2011-01-14 08:35:15.520', '2010-10-14 08:35:15.520', 25)
INSERT INTO [dbo].[Order] ([OrderId], [OfferId], [EndDate], [StartDate], [CustomerId]) VALUES (145, 62, '2016-02-27 22:22:19.250', '2015-09-27 22:22:19.250', 616)
INSERT INTO [dbo].[Order] ([OrderId], [OfferId], [EndDate], [StartDate], [CustomerId]) VALUES (146, 84, '2013-11-20 11:59:13.050', '2012-12-20 11:59:13.050', 831)
INSERT INTO [dbo].[Order] ([OrderId], [OfferId], [EndDate], [StartDate], [CustomerId]) VALUES (147, 69, '2013-11-30 21:53:11.940', '2010-11-30 21:53:11.940', 686)
INSERT INTO [dbo].[Order] ([OrderId], [OfferId], [EndDate], [StartDate], [CustomerId]) VALUES (148, 57, '2019-08-09 16:55:28.600', '2017-08-09 16:55:28.600', 118)
INSERT INTO [dbo].[Order] ([OrderId], [OfferId], [EndDate], [StartDate], [CustomerId]) VALUES (149, 18, '2016-05-19 09:19:28.910', '2016-02-19 09:19:28.910', 173)
INSERT INTO [dbo].[Order] ([OrderId], [OfferId], [EndDate], [StartDate], [CustomerId]) VALUES (150, 19, '2016-02-13 00:44:57.650', '2015-06-13 00:44:57.650', 185)
INSERT INTO [dbo].[Order] ([OrderId], [OfferId], [EndDate], [StartDate], [CustomerId]) VALUES (151, 61, '2012-10-06 21:01:15.600', '2012-07-06 21:01:15.600', 113)
INSERT INTO [dbo].[Order] ([OrderId], [OfferId], [EndDate], [StartDate], [CustomerId]) VALUES (152, 26, '2013-01-23 02:32:08.430', '2012-05-23 02:32:08.430', 251)
INSERT INTO [dbo].[Order] ([OrderId], [OfferId], [EndDate], [StartDate], [CustomerId]) VALUES (153, 100, '2009-12-28 17:31:16.110', '2009-04-28 17:31:16.110', 998)
INSERT INTO [dbo].[Order] ([OrderId], [OfferId], [EndDate], [StartDate], [CustomerId]) VALUES (154, 57, '2010-09-14 02:27:44.630', '2008-09-14 02:27:44.630', 569)
INSERT INTO [dbo].[Order] ([OrderId], [OfferId], [EndDate], [StartDate], [CustomerId]) VALUES (155, 7, '2015-11-14 08:03:10.320', '2014-12-14 08:03:10.320', 64)
INSERT INTO [dbo].[Order] ([OrderId], [OfferId], [EndDate], [StartDate], [CustomerId]) VALUES (156, 27, '2005-11-14 17:32:32.590', '2005-06-14 17:32:32.590', 264)
INSERT INTO [dbo].[Order] ([OrderId], [OfferId], [EndDate], [StartDate], [CustomerId]) VALUES (157, 85, '2018-03-22 02:55:18.900', '2017-12-22 02:55:18.900', 843)
INSERT INTO [dbo].[Order] ([OrderId], [OfferId], [EndDate], [StartDate], [CustomerId]) VALUES (158, 57, '2010-11-02 07:16:56.800', '2008-11-02 07:16:56.800', 154)
INSERT INTO [dbo].[Order] ([OrderId], [OfferId], [EndDate], [StartDate], [CustomerId]) VALUES (159, 65, '2021-04-03 14:51:21.600', '2013-04-03 14:51:21.600', 646)
INSERT INTO [dbo].[Order] ([OrderId], [OfferId], [EndDate], [StartDate], [CustomerId]) VALUES (160, 52, '2012-11-22 18:52:12.550', '2012-06-22 18:52:12.550', 517)
INSERT INTO [dbo].[Order] ([OrderId], [OfferId], [EndDate], [StartDate], [CustomerId]) VALUES (161, 98, '2017-02-28 21:07:53.360', '2016-03-30 21:07:53.360', 971)
INSERT INTO [dbo].[Order] ([OrderId], [OfferId], [EndDate], [StartDate], [CustomerId]) VALUES (162, 8, '2018-03-22 06:14:23.330', '2017-06-22 06:14:23.330', 78)
INSERT INTO [dbo].[Order] ([OrderId], [OfferId], [EndDate], [StartDate], [CustomerId]) VALUES (163, 52, '2011-10-05 12:25:21.160', '2011-05-05 12:25:21.160', 513)
INSERT INTO [dbo].[Order] ([OrderId], [OfferId], [EndDate], [StartDate], [CustomerId]) VALUES (164, 16, '2028-12-05 11:41:09.260', '2017-12-05 11:41:09.260', 156)
INSERT INTO [dbo].[Order] ([OrderId], [OfferId], [EndDate], [StartDate], [CustomerId]) VALUES (165, 82, '2021-03-06 07:22:47.460', '2012-03-06 07:22:47.460', 814)
INSERT INTO [dbo].[Order] ([OrderId], [OfferId], [EndDate], [StartDate], [CustomerId]) VALUES (166, 65, '2018-07-08 22:13:33.560', '2010-07-08 22:13:33.560', 35)
INSERT INTO [dbo].[Order] ([OrderId], [OfferId], [EndDate], [StartDate], [CustomerId]) VALUES (167, 58, '2020-02-04 07:35:53.590', '2017-02-04 07:35:53.590', 576)
INSERT INTO [dbo].[Order] ([OrderId], [OfferId], [EndDate], [StartDate], [CustomerId]) VALUES (168, 56, '2018-03-04 11:39:34.900', '2011-03-04 11:39:34.900', 553)
INSERT INTO [dbo].[Order] ([OrderId], [OfferId], [EndDate], [StartDate], [CustomerId]) VALUES (169, 68, '2023-06-26 07:54:25.520', '2016-06-26 07:54:25.520', 673)
INSERT INTO [dbo].[Order] ([OrderId], [OfferId], [EndDate], [StartDate], [CustomerId]) VALUES (170, 100, '2006-10-23 22:37:44.640', '2006-02-23 22:37:44.640', 995)
INSERT INTO [dbo].[Order] ([OrderId], [OfferId], [EndDate], [StartDate], [CustomerId]) VALUES (171, 31, '2010-12-13 23:23:26.360', '2010-02-13 23:23:26.360', 302)
INSERT INTO [dbo].[Order] ([OrderId], [OfferId], [EndDate], [StartDate], [CustomerId]) VALUES (172, 7, '2011-01-06 03:01:27.870', '2010-02-06 03:01:27.870', 65)
INSERT INTO [dbo].[Order] ([OrderId], [OfferId], [EndDate], [StartDate], [CustomerId]) VALUES (173, 47, '2014-09-03 11:17:37.050', '2014-07-03 11:17:37.050', 466)
INSERT INTO [dbo].[Order] ([OrderId], [OfferId], [EndDate], [StartDate], [CustomerId]) VALUES (174, 49, '2018-03-29 10:41:13.780', '2017-04-29 10:41:13.780', 484)
INSERT INTO [dbo].[Order] ([OrderId], [OfferId], [EndDate], [StartDate], [CustomerId]) VALUES (175, 22, '2016-02-02 02:04:08.770', '2006-02-02 02:04:08.770', 217)
INSERT INTO [dbo].[Order] ([OrderId], [OfferId], [EndDate], [StartDate], [CustomerId]) VALUES (176, 8, '2012-02-10 17:34:14.350', '2011-05-10 17:34:14.350', 72)
INSERT INTO [dbo].[Order] ([OrderId], [OfferId], [EndDate], [StartDate], [CustomerId]) VALUES (177, 24, '2011-05-29 03:11:01.000', '2008-05-29 03:11:01.000', 231)
INSERT INTO [dbo].[Order] ([OrderId], [OfferId], [EndDate], [StartDate], [CustomerId]) VALUES (178, 16, '2027-08-26 21:41:33.290', '2016-08-26 21:41:33.290', 151)
INSERT INTO [dbo].[Order] ([OrderId], [OfferId], [EndDate], [StartDate], [CustomerId]) VALUES (179, 45, '2011-09-17 23:22:14.730', '2011-03-17 23:22:14.730', 447)
INSERT INTO [dbo].[Order] ([OrderId], [OfferId], [EndDate], [StartDate], [CustomerId]) VALUES (180, 46, '2008-05-06 16:27:12.500', '2007-08-06 16:27:12.500', 452)
INSERT INTO [dbo].[Order] ([OrderId], [OfferId], [EndDate], [StartDate], [CustomerId]) VALUES (181, 2, '2005-06-27 23:16:58.890', '2005-02-27 23:16:58.890', 20)
INSERT INTO [dbo].[Order] ([OrderId], [OfferId], [EndDate], [StartDate], [CustomerId]) VALUES (182, 39, '2026-01-21 12:11:54.910', '2015-01-21 12:11:54.910', 389)
INSERT INTO [dbo].[Order] ([OrderId], [OfferId], [EndDate], [StartDate], [CustomerId]) VALUES (183, 82, '2017-11-02 18:49:50.800', '2008-11-02 18:49:50.800', 21)
INSERT INTO [dbo].[Order] ([OrderId], [OfferId], [EndDate], [StartDate], [CustomerId]) VALUES (184, 21, '2016-04-01 04:40:38.980', '2015-06-01 04:40:38.980', 203)
INSERT INTO [dbo].[Order] ([OrderId], [OfferId], [EndDate], [StartDate], [CustomerId]) VALUES (185, 92, '2023-01-12 06:17:52.400', '2012-01-12 06:17:52.400', 914)
INSERT INTO [dbo].[Order] ([OrderId], [OfferId], [EndDate], [StartDate], [CustomerId]) VALUES (186, 3, '2014-02-17 19:04:50.040', '2013-08-17 19:04:50.040', 30)
INSERT INTO [dbo].[Order] ([OrderId], [OfferId], [EndDate], [StartDate], [CustomerId]) VALUES (187, 51, '2008-01-05 05:35:20.690', '2007-10-05 05:35:20.690', 510)
INSERT INTO [dbo].[Order] ([OrderId], [OfferId], [EndDate], [StartDate], [CustomerId]) VALUES (188, 97, '2024-02-21 16:15:00.640', '2014-02-21 16:15:00.640', 963)
INSERT INTO [dbo].[Order] ([OrderId], [OfferId], [EndDate], [StartDate], [CustomerId]) VALUES (189, 100, '2011-02-22 16:45:27.230', '2010-06-22 16:45:27.230', 994)
INSERT INTO [dbo].[Order] ([OrderId], [OfferId], [EndDate], [StartDate], [CustomerId]) VALUES (190, 2, '2015-10-16 03:59:21.840', '2015-06-16 03:59:21.840', 17)
INSERT INTO [dbo].[Order] ([OrderId], [OfferId], [EndDate], [StartDate], [CustomerId]) VALUES (191, 66, '2027-09-25 13:46:40.150', '2016-09-25 13:46:40.150', 654)
INSERT INTO [dbo].[Order] ([OrderId], [OfferId], [EndDate], [StartDate], [CustomerId]) VALUES (192, 28, '2019-04-08 13:56:46.660', '2012-04-08 13:56:46.660', 279)
INSERT INTO [dbo].[Order] ([OrderId], [OfferId], [EndDate], [StartDate], [CustomerId]) VALUES (193, 97, '2027-12-29 01:04:41.250', '2017-12-29 01:04:41.250', 968)
INSERT INTO [dbo].[Order] ([OrderId], [OfferId], [EndDate], [StartDate], [CustomerId]) VALUES (194, 59, '2011-12-15 18:20:14.360', '2011-01-15 18:20:14.360', 588)
INSERT INTO [dbo].[Order] ([OrderId], [OfferId], [EndDate], [StartDate], [CustomerId]) VALUES (195, 78, '2007-03-20 05:26:16.130', '2006-11-20 05:26:16.130', 773)
INSERT INTO [dbo].[Order] ([OrderId], [OfferId], [EndDate], [StartDate], [CustomerId]) VALUES (196, 33, '2017-02-04 01:28:14.870', '2006-02-04 01:28:14.870', 325)
INSERT INTO [dbo].[Order] ([OrderId], [OfferId], [EndDate], [StartDate], [CustomerId]) VALUES (197, 43, '2005-07-30 09:47:07.380', '2005-06-30 09:47:07.380', 421)
INSERT INTO [dbo].[Order] ([OrderId], [OfferId], [EndDate], [StartDate], [CustomerId]) VALUES (198, 98, '2006-09-29 07:31:12.850', '2005-10-29 07:31:12.850', 975)
INSERT INTO [dbo].[Order] ([OrderId], [OfferId], [EndDate], [StartDate], [CustomerId]) VALUES (199, 89, '2017-01-29 01:12:28.060', '2016-10-29 01:12:28.060', 886)
INSERT INTO [dbo].[Order] ([OrderId], [OfferId], [EndDate], [StartDate], [CustomerId]) VALUES (200, 98, '2011-02-23 00:08:45.690', '2010-03-23 00:08:45.690', 973)
SET IDENTITY_INSERT [dbo].[Order] OFF

PRINT(N'Add constraints to [dbo].[Order]')
ALTER TABLE [dbo].[Order] WITH CHECK CHECK CONSTRAINT [FK_Order_Customer]
ALTER TABLE [dbo].[Order] WITH CHECK CHECK CONSTRAINT [FK_Order_Offer]

PRINT(N'Add constraints to [dbo].[Offer]')
ALTER TABLE [dbo].[Offer] WITH CHECK CHECK CONSTRAINT [FK_Offer_Product]
COMMIT TRANSACTION
GO
